<?xml version="1.0" encoding="UTF-8"?>

<ApolloSections xmlns:xsi="http://www.w3.org/2001/XMLSchema-instance" xsi:noNamespaceSchemaLocation="opencms://system/modules/org.opencms.apollo.template.schemas/schemas/section.xsd">
  <ApolloSection language="en">
    <Headline><![CDATA[FAQ]]></Headline>
    <Text name="Text0">
      <links/>
      <content/>
    </Text>
    <Image>
      <Image>
        <link type="WEAK">
          <target><![CDATA[/sites/default/.galleries/slider/bg_sl_06.jpg]]></target>
          <uuid>00610d7a-586c-11e4-a786-005056b61161</uuid>
          <query><![CDATA[__scale=h:280,w:1500,cx:0,cy:9,ch:360,cw:1920]]></query>
        </link>
      </Image>
      <Title><![CDATA[FAQ]]></Title>
    </Image>
  </ApolloSection>
</ApolloSections>
