<?xml version="1.0" encoding="UTF-8"?>

<ApolloSections xmlns:xsi="http://www.w3.org/2001/XMLSchema-instance" xsi:noNamespaceSchemaLocation="opencms://system/modules/org.opencms.apollo.template.schemas/schemas/section.xsd">
  <ApolloSection language="en">
    <Headline><![CDATA[Full control over the created HTML]]></Headline>
    <Text name="Text0">
      <links/>
      <content><![CDATA[<p>At vero eos et accusam et justo duo dolores et ea rebum. Stet clita kasd gubergren, no sea takimata sanctus est Lorem ipsum dolor sit amet.</p>]]></content>
    </Text>
    <Image>
      <Image>
        <link type="WEAK">
          <target><![CDATA[/sites/default/.galleries/people/24.jpg]]></target>
          <uuid>f528ac8c-635d-11e5-81df-0242ac11002b</uuid>
        </link>
      </Image>
      <Copyright><![CDATA[publicdomainpictures.net]]></Copyright>
    </Image>
  </ApolloSection>
</ApolloSections>
