<?xml version="1.0" encoding="UTF-8"?>

<ApolloSections xmlns:xsi="http://www.w3.org/2001/XMLSchema-instance" xsi:noNamespaceSchemaLocation="opencms://system/modules/org.opencms.apollo.template.schemas/schemas/section.xsd">
  <ApolloSection language="en">
    <Headline><![CDATA[The Blog Article element]]></Headline>
    <Text name="Text0">
      <links/>
      <content><![CDATA[<p>The&nbsp;<em>Blog Article</em> is a full featured article element. It can contain several paragraphs and images, as well as information about author, publishing&nbsp;date etc. Compared to the much simpler&nbsp;<em>Content Section</em>, a <em>Blog Article</em>&nbsp;forms a semantic entity.&nbsp;&nbsp;</p>
<p>The&nbsp;full content of a&nbsp;Blog Article is usually displayed on a&nbsp;<em>Detail page&nbsp;</em>that is accessed&nbsp;through a<em><em> List</em></em>.&nbsp;On this page, teaser elements&nbsp;are directly placed using the&nbsp;<em>Blog Article Teaser</em> formatters.</p>]]></content>
    </Text>
    <Image>
      <Image>
        <link type="WEAK">
          <target><![CDATA[/sites/default/.galleries/cliparts/default.png]]></target>
          <uuid>3efc64a5-5c52-11e5-9651-0242ac11002b</uuid>
        </link>
      </Image>
      <Title><![CDATA[Defaul placeholder image]]></Title>
    </Image>
  </ApolloSection>
</ApolloSections>
