<?xml version="1.0" encoding="UTF-8"?>

<ApolloSections xmlns:xsi="http://www.w3.org/2001/XMLSchema-instance" xsi:noNamespaceSchemaLocation="opencms://system/modules/org.opencms.apollo.template.schemas/schemas/section.xsd">
  <ApolloSection language="en">
    <Headline><![CDATA[Greatly enhanced Workplace]]></Headline>
    <Text name="Text0">
      <links>
        <link name="link0" internal="true" type="A">
          <target><![CDATA[/sites/default/tutorial/]]></target>
          <uuid>e46f947b-6100-11e5-9eef-0242ac11002b</uuid>
        </link>
      </links>
      <content><![CDATA[<p>OpenCms 10 comes with a rewritten power-user backoffice called the Workplace.&nbsp;</p>
<p>With improved inline editing options such as <strong>drag &amp; drop for images</strong> it's easier than ever for content manager to create great looking websites with OpenCms.</p>
<p>Check out the <a href="%(link0)">Tutorial</a> for a quick intro&nbsp;about the use of the new editing features.</p>]]></content>
    </Text>
    <Image>
      <Image>
        <link type="WEAK">
          <target><![CDATA[/sites/default/.galleries/people/05.jpg]]></target>
          <uuid>b3d8df75-4705-11e3-8417-000c29d28104</uuid>
        </link>
      </Image>
      <Title/>
    </Image>
  </ApolloSection>
</ApolloSections>
