<?xml version="1.0" encoding="UTF-8"?>

<ApolloSections xmlns:xsi="http://www.w3.org/2001/XMLSchema-instance" xsi:noNamespaceSchemaLocation="opencms://system/modules/org.opencms.apollo.template.schemas/schemas/section.xsd">
  <ApolloSection language="en">
    <Headline><![CDATA[Fun]]></Headline>
    <Text name="Text0">
      <links/>
      <content><![CDATA[<p>The inline editing feature in OpenCms is just fun to use.</p>]]></content>
    </Text>
    <Image>
      <Image>
        <link type="WEAK">
          <target><![CDATA[/sites/default/.galleries/people/17.jpg]]></target>
          <uuid>1b88f3f3-590b-11e4-903d-005056b61161</uuid>
          <query><![CDATA[__scale=h:600,w:600,cx:13,cy:69,ch:740,cw:741]]></query>
        </link>
      </Image>
      <Title/>
    </Image>
  </ApolloSection>
  <ApolloSection language="de">
    <Headline><![CDATA[Es macht Spaß]]></Headline>
    <Text name="Text0">
      <links/>
      <content><![CDATA[<p>Es macht Spaß, die tollen Funktionen von OpenCms zu benutzen.</p>]]></content>
    </Text>
    <Image>
      <Image>
        <link type="WEAK">
          <target><![CDATA[/sites/default/.galleries/people/17.jpg]]></target>
          <uuid>1b88f3f3-590b-11e4-903d-005056b61161</uuid>
          <query><![CDATA[__scale=h:600,w:600,cx:13,cy:69,ch:740,cw:741]]></query>
        </link>
      </Image>
      <Title/>
    </Image>
  </ApolloSection>
</ApolloSections>
