<?xml version="1.0" encoding="UTF-8"?>

<ApolloSections xmlns:xsi="http://www.w3.org/2001/XMLSchema-instance" xsi:noNamespaceSchemaLocation="opencms://system/modules/org.opencms.apollo.template.schemas/schemas/section.xsd">
  <ApolloSection language="en">
    <Headline><![CDATA[New responsive Apollo Template]]></Headline>
    <Text name="Text0">
      <links>
        <link name="link0" internal="true" type="A">
          <target><![CDATA[/sites/default/apollo-demo/element-pages/]]></target>
          <uuid>fbf6580e-610e-11e5-9eef-0242ac11002b</uuid>
        </link>
      </links>
      <content><![CDATA[<p style="box-sizing: border-box; margin: 0px 0px 10px; color: #555555; border-radius: 0px; font-family: 'Helvetica Neue', Helvetica, Arial, sans-serif; font-size: 13px; font-style: normal; font-variant: normal; font-weight: normal; letter-spacing: normal; line-height: 20.8px; orphans: auto; text-align: start; text-indent: 0px; text-transform: none; white-space: normal; widows: 1; word-spacing: 0px; -webkit-text-stroke-width: 0px; background-color: #ffffff;">OpenCms 10 comes with the ready-to-use <strong>Apollo Template</strong>, an advanced, configurable Template based on Bootstrap. Apollo enables you to generate feature rich, nice&nbsp;looking websites without coding.</p>
<p style="box-sizing: border-box; margin: 0px 0px 10px; color: #555555; border-radius: 0px; font-family: 'Helvetica Neue', Helvetica, Arial, sans-serif; font-size: 13px; font-style: normal; font-variant: normal; font-weight: normal; letter-spacing: normal; line-height: 20.8px; orphans: auto; text-align: start; text-indent: 0px; text-transform: none; white-space: normal; widows: 1; word-spacing: 0px; -webkit-text-stroke-width: 0px; background-color: #ffffff;">Check out the <a href="%(link0)">Element pages</a>&nbsp;section&nbsp;to get an impression about what kind of pages you can generate using <strong>Apollo</strong>.&nbsp;</p>
<p style="box-sizing: border-box; margin: 0px 0px 10px; color: #555555; border-radius: 0px; font-family: 'Helvetica Neue', Helvetica, Arial, sans-serif; font-size: 13px; font-style: normal; font-variant: normal; font-weight: normal; letter-spacing: normal; line-height: 20.8px; orphans: auto; text-align: start; text-indent: 0px; text-transform: none; white-space: normal; widows: 1; word-spacing: 0px; -webkit-text-stroke-width: 0px; background-color: #ffffff;">With more features than ever, this latest OpenCms version is powerful&nbsp;and&nbsp;easy to use.</p>]]></content>
    </Text>
    <Image>
      <Image>
        <link type="WEAK">
          <target><![CDATA[/sites/default/.galleries/people/23.jpg]]></target>
          <uuid>c778a8d3-635d-11e5-81df-0242ac11002b</uuid>
        </link>
      </Image>
      <Title><![CDATA[Test]]></Title>
      <Copyright><![CDATA[pixabay.com]]></Copyright>
    </Image>
  </ApolloSection>
</ApolloSections>
