<?xml version="1.0" encoding="UTF-8"?>

<ApolloSections xmlns:xsi="http://www.w3.org/2001/XMLSchema-instance" xsi:noNamespaceSchemaLocation="opencms://system/modules/org.opencms.apollo.template.schemas/schemas/section.xsd">
  <ApolloSection language="en">
    <Headline><![CDATA[Using the Content Section for text snippets]]></Headline>
    <Text name="Text0">
      <links/>
      <content><![CDATA[<p>This page demonstrates repeated use of the same<em> Content&nbsp;Section<strong>&nbsp;</strong></em>element for <em>Text</em>&nbsp;or <em>Headline</em> only display. Different syles are applied through the individual element settings.</p>]]></content>
    </Text>
  </ApolloSection>
</ApolloSections>
