<?xml version="1.0" encoding="UTF-8"?>

<ApolloSections xmlns:xsi="http://www.w3.org/2001/XMLSchema-instance" xsi:noNamespaceSchemaLocation="opencms://system/modules/org.opencms.apollo.template.schemas/schemas/section.xsd">
  <ApolloSection language="en">
    <Headline><![CDATA[Analyst]]></Headline>
    <Text name="Text0">
      <links/>
      <content><![CDATA[<p>Pepper Saltzman</p>]]></content>
    </Text>
    <Image>
      <Image>
        <link type="WEAK">
          <target><![CDATA[/sites/default/.galleries/people/29.jpg]]></target>
          <uuid>4c93cf54-6365-11e5-81df-0242ac11002b</uuid>
        </link>
      </Image>
    </Image>
  </ApolloSection>
</ApolloSections>
