<?xml version="1.0" encoding="UTF-8"?>

<ApolloSections xmlns:xsi="http://www.w3.org/2001/XMLSchema-instance" xsi:noNamespaceSchemaLocation="opencms://system/modules/org.opencms.apollo.template.schemas/schemas/section.xsd">
  <ApolloSection language="en">
    <Headline><![CDATA[Element pages]]></Headline>
    <Text name="Text0">
      <links/>
      <content><![CDATA[<p>This is the default placeholder text that is copied.</p>]]></content>
    </Text>
    <Image>
      <Image>
        <link type="WEAK">
          <target><![CDATA[/sites/default/.galleries/cliparts/default.png]]></target>
          <uuid>3efc64a5-5c52-11e5-9651-0242ac11002b</uuid>
        </link>
      </Image>
      <Title><![CDATA[Defaul placeholder image]]></Title>
    </Image>
  </ApolloSection>
</ApolloSections>
