<?xml version="1.0" encoding="UTF-8"?>

<ApolloSections xmlns:xsi="http://www.w3.org/2001/XMLSchema-instance" xsi:noNamespaceSchemaLocation="opencms://system/modules/org.opencms.apollo.template.schemas/schemas/section.xsd">
  <ApolloSection language="en">
    <Headline><![CDATA[Sample Text]]></Headline>
    <Text name="Text0">
      <links/>
      <content><![CDATA[<p>Text is created from <em>Content Section</em> elements. Settings for the text are just "Style", wich can be either <em>Plain</em> or <em>Lead</em>. The style can also be edited to contain a custom CSS class.</p>]]></content>
    </Text>
    <Image>
      <Image>
        <link type="WEAK">
          <target><![CDATA[/sites/default/.galleries/cliparts/default.png]]></target>
          <uuid>3efc64a5-5c52-11e5-9651-0242ac11002b</uuid>
        </link>
      </Image>
      <Title><![CDATA[Defaul placeholder image]]></Title>
    </Image>
  </ApolloSection>
</ApolloSections>
