<?xml version="1.0" encoding="UTF-8"?>

<ApolloSections xmlns:xsi="http://www.w3.org/2001/XMLSchema-instance" xsi:noNamespaceSchemaLocation="opencms://system/modules/org.opencms.apollo.template.schemas/schemas/section.xsd">
  <ApolloSection language="en">
    <Headline><![CDATA[What is the Apollo Template?]]></Headline>
    <Text name="Text0">
      <links/>
      <content><![CDATA[<p>Aenean massa. Cum sociis natoque penatibus et magnis dis parturient montes.</p>]]></content>
    </Text>
  </ApolloSection>
</ApolloSections>
