<?xml version="1.0" encoding="UTF-8"?>

<ApolloSections xmlns:xsi="http://www.w3.org/2001/XMLSchema-instance" xsi:noNamespaceSchemaLocation="opencms://system/modules/org.opencms.apollo.template.schemas/schemas/section.xsd">
  <ApolloSection language="en">
    <Headline><![CDATA[The features of OpenCms?]]></Headline>
    <Text name="Text0">
      <links/>
      <content><![CDATA[<p>Vivamus elementum semper nisi. Aenean vulputate eleifend sit amet tellus.</p>]]></content>
    </Text>
  </ApolloSection>
</ApolloSections>
