<?xml version="1.0" encoding="UTF-8"?>

<export>
	<info>
		<infoproject>Offline</infoproject>
		<export_version>10</export_version>
	</info>
	<module>
		<name>org.opencms.jsp.search</name>
		<nicename><![CDATA[Solr search form support for JSPs]]></nicename>
		<class/>
		<export-mode name="reduced"/>
		<description><![CDATA[Exposes a configuration content that can be used to configure search forms]]></description>
		<version>10.0.1</version>
		<authorname><![CDATA[Alkacon Software GmbH]]></authorname>
		<authoremail><![CDATA[sales@alkacon.com]]></authoremail>
		<datecreated/>
		<userinstalled/>
		<dateinstalled/>
		<dependencies>
			<dependency name="org.opencms.ade.config" version="10.0.0"/>
		</dependencies>
		<exportpoints/>
		<resources>
			<resource uri="/system/modules/org.opencms.jsp.search/"/>
			<resource uri="/system/workplace/resources/filetypes/jsp-search.png"/>
			<resource uri="/system/workplace/resources/filetypes/jsp-search_big.png"/>
		</resources>
		<excluderesources/>
		<parameters/>
		<resourcetypes>
			<type class="org.opencms.file.types.CmsResourceTypeXmlContent" name="jsp-search" id="311">
				<param name="schema">/system/modules/org.opencms.jsp.search/schemas/jsp-search.xsd</param>
			</type>
		</resourcetypes>
		<explorertypes>
			<explorertype name="jsp-search" key="fileicon.jsp-search" icon="jsp-search.png" bigicon="jsp-search_big.png" reference="xmlcontent">
				<newresource page="structurecontent" uri="newresource_xmlcontent.jsp?newresourcetype=jsp-search" order="10" autosetnavigation="false" autosettitle="false" info="desc.jsp-search" key="title.jsp-search"/>
			</explorertype>
		</explorertypes>
	</module>
	<files>
		<file>
			<destination>system</destination>
			<type>folder</type>
			<properties/>
		</file>
		<file>
			<destination>system/modules</destination>
			<type>folder</type>
			<properties/>
		</file>
		<file>
			<destination>system/modules/org.opencms.jsp.search</destination>
			<type>folder</type>
			<uuidstructure>7c3f1c02-a62c-11e4-9ae0-bfc0090a1084</uuidstructure>
			<datecreated>Tue, 27 Jan 2015 13:57:52 GMT</datecreated>
			<flags>0</flags>
			<properties/>
			<relations/>
			<accesscontrol/>
		</file>
		<file>
			<source>system/modules/org.opencms.jsp.search/.config</source>
			<destination>system/modules/org.opencms.jsp.search/.config</destination>
			<type>module_config</type>
			<uuidstructure>e67bc3e3-a62c-11e4-9ae0-bfc0090a1084</uuidstructure>
			<uuidresource>e67bc3e4-a62c-11e4-9ae0-bfc0090a1084</uuidresource>
			<datecreated>Tue, 27 Jan 2015 14:00:50 GMT</datecreated>
			<flags>0</flags>
			<properties>
				<property>
					<name>locale</name>
					<value><![CDATA[en]]></value>
				</property>
				<property>
					<name>locale-available</name>
					<value><![CDATA[en]]></value>
				</property>
				<property>
					<name>search.exclude</name>
					<value><![CDATA[all]]></value>
				</property>
			</properties>
			<relations/>
			<accesscontrol/>
		</file>
		<file>
			<destination>system/modules/org.opencms.jsp.search/formatters</destination>
			<type>folder</type>
			<uuidstructure>e65920a8-a62c-11e4-9ae0-bfc0090a1084</uuidstructure>
			<datecreated>Tue, 27 Jan 2015 14:00:50 GMT</datecreated>
			<flags>0</flags>
			<properties/>
			<relations/>
			<accesscontrol/>
		</file>
		<file>
			<source>system/modules/org.opencms.jsp.search/formatters/jsp-search-formatter-config.xml</source>
			<destination>system/modules/org.opencms.jsp.search/formatters/jsp-search-formatter-config.xml</destination>
			<type>formatter_config</type>
			<uuidstructure>e65eed0d-a62c-11e4-9ae0-bfc0090a1084</uuidstructure>
			<uuidresource>e65eed0e-a62c-11e4-9ae0-bfc0090a1084</uuidresource>
			<datecreated>Tue, 27 Jan 2015 14:00:50 GMT</datecreated>
			<flags>0</flags>
			<properties>
				<property>
					<name>Title</name>
					<value><![CDATA[Sample formatter for Search Form]]></value>
				</property>
				<property>
					<name>locale</name>
					<value><![CDATA[en]]></value>
				</property>
				<property>
					<name>locale-available</name>
					<value><![CDATA[en]]></value>
				</property>
				<property>
					<name>search.exclude</name>
					<value><![CDATA[all]]></value>
				</property>
			</properties>
			<relations/>
			<accesscontrol/>
		</file>
		<file>
			<source>system/modules/org.opencms.jsp.search/formatters/jsp-search-formatter.jsp</source>
			<destination>system/modules/org.opencms.jsp.search/formatters/jsp-search-formatter.jsp</destination>
			<type>jsp</type>
			<uuidstructure>e65af56a-a62c-11e4-9ae0-bfc0090a1084</uuidstructure>
			<uuidresource>e65af56b-a62c-11e4-9ae0-bfc0090a1084</uuidresource>
			<datecreated>Tue, 27 Jan 2015 14:00:50 GMT</datecreated>
			<flags>0</flags>
			<properties>
				<property>
					<name>Title</name>
					<value><![CDATA[Sample formatter for a search form]]></value>
				</property>
				<property type="shared">
					<name>export</name>
					<value><![CDATA[false]]></value>
				</property>
			</properties>
			<relations/>
			<accesscontrol/>
		</file>
		<file>
			<destination>system/modules/org.opencms.jsp.search/i18n</destination>
			<type>folder</type>
			<uuidstructure>e64a0573-a62c-11e4-9ae0-bfc0090a1084</uuidstructure>
			<datecreated>Tue, 27 Jan 2015 14:00:50 GMT</datecreated>
			<flags>0</flags>
			<properties/>
			<relations/>
			<accesscontrol/>
		</file>
		<file>
			<source>system/modules/org.opencms.jsp.search/i18n/org.opencms.jsp.search.jsp-search-form-formatter</source>
			<destination>system/modules/org.opencms.jsp.search/i18n/org.opencms.jsp.search.jsp-search-form-formatter</destination>
			<type>xmlvfsbundle</type>
			<uuidstructure>6e0df6fd-aaec-11e4-baec-a3a444a42754</uuidstructure>
			<uuidresource>6e0df6fe-aaec-11e4-baec-a3a444a42754</uuidresource>
			<datecreated>Mon, 02 Feb 2015 15:01:56 GMT</datecreated>
			<flags>0</flags>
			<properties>
				<property>
					<name>Title</name>
					<value><![CDATA[Message bundle used in the default formatter for the search form.]]></value>
				</property>
				<property>
					<name>search.exclude</name>
					<value><![CDATA[all]]></value>
				</property>
			</properties>
			<relations/>
			<accesscontrol/>
		</file>
		<file>
			<source>system/modules/org.opencms.jsp.search/i18n/org.opencms.jsp.search.jsp-search-form-schema</source>
			<destination>system/modules/org.opencms.jsp.search/i18n/org.opencms.jsp.search.jsp-search-form-schema</destination>
			<type>xmlvfsbundle</type>
			<uuidstructure>7e8c9c7b-aac9-11e4-b3de-a3a444a42754</uuidstructure>
			<uuidresource>7e8c9c7c-aac9-11e4-b3de-a3a444a42754</uuidresource>
			<datecreated>Mon, 02 Feb 2015 10:51:51 GMT</datecreated>
			<flags>0</flags>
			<properties>
				<property>
					<name>Title</name>
					<value><![CDATA[Localization for the Search form configuration]]></value>
				</property>
				<property>
					<name>search.exclude</name>
					<value><![CDATA[all]]></value>
				</property>
			</properties>
			<relations/>
			<accesscontrol/>
		</file>
		<file>
			<source>system/modules/org.opencms.jsp.search/i18n/org.opencms.jsp.search.workplace</source>
			<destination>system/modules/org.opencms.jsp.search/i18n/org.opencms.jsp.search.workplace</destination>
			<type>xmlvfsbundle</type>
			<uuidstructure>e64f0e85-a62c-11e4-9ae0-bfc0090a1084</uuidstructure>
			<uuidresource>e64f0e86-a62c-11e4-9ae0-bfc0090a1084</uuidresource>
			<datecreated>Tue, 27 Jan 2015 14:00:50 GMT</datecreated>
			<flags>0</flags>
			<properties>
				<property>
					<name>search.exclude</name>
					<value><![CDATA[all]]></value>
				</property>
			</properties>
			<relations/>
			<accesscontrol/>
		</file>
		<file>
			<destination>system/modules/org.opencms.jsp.search/schemas</destination>
			<type>folder</type>
			<uuidstructure>e62936f6-a62c-11e4-9ae0-bfc0090a1084</uuidstructure>
			<datecreated>Tue, 27 Jan 2015 14:00:49 GMT</datecreated>
			<flags>0</flags>
			<properties/>
			<relations/>
			<accesscontrol/>
		</file>
		<file>
			<source>system/modules/org.opencms.jsp.search/schemas/jsp-search.xsd</source>
			<destination>system/modules/org.opencms.jsp.search/schemas/jsp-search.xsd</destination>
			<type>plain</type>
			<uuidstructure>e6332208-a62c-11e4-9ae0-bfc0090a1084</uuidstructure>
			<uuidresource>e6332209-a62c-11e4-9ae0-bfc0090a1084</uuidresource>
			<datecreated>Tue, 27 Jan 2015 14:00:49 GMT</datecreated>
			<flags>0</flags>
			<properties>
				<property>
					<name>Title</name>
					<value><![CDATA[XML Search configuration for <cms:search>]]></value>
				</property>
			</properties>
			<relations/>
			<accesscontrol/>
		</file>
		<file>
			<destination>system/modules/org.opencms.jsp.search/schemas/nested</destination>
			<type>folder</type>
			<uuidstructure>cfe67213-a62e-11e4-9ae0-bfc0090a1084</uuidstructure>
			<datecreated>Tue, 27 Jan 2015 14:14:31 GMT</datecreated>
			<flags>0</flags>
			<properties/>
			<relations/>
			<accesscontrol/>
		</file>
		<file>
			<source>system/modules/org.opencms.jsp.search/schemas/nested/additionalparam.xsd</source>
			<destination>system/modules/org.opencms.jsp.search/schemas/nested/additionalparam.xsd</destination>
			<type>plain</type>
			<uuidstructure>befe0192-f7e0-11e4-95f3-e9e4a966f961</uuidstructure>
			<uuidresource>befe0193-f7e0-11e4-95f3-e9e4a966f961</uuidresource>
			<datecreated>Mon, 11 May 2015 13:22:17 GMT</datecreated>
			<flags>0</flags>
			<properties/>
			<relations/>
			<accesscontrol/>
		</file>
		<file>
			<source>system/modules/org.opencms.jsp.search/schemas/nested/didyoumean.xsd</source>
			<destination>system/modules/org.opencms.jsp.search/schemas/nested/didyoumean.xsd</destination>
			<type>plain</type>
			<uuidstructure>d5c03062-f3c0-11e4-a72c-e9e4a966f961</uuidstructure>
			<uuidresource>d5c03063-f3c0-11e4-a72c-e9e4a966f961</uuidresource>
			<datecreated>Wed, 06 May 2015 07:23:47 GMT</datecreated>
			<flags>0</flags>
			<properties>
				<property>
					<name>Title</name>
					<value><![CDATA[Nested content to store the configuration of the "Did you mean ...?" feature.]]></value>
				</property>
			</properties>
			<relations/>
			<accesscontrol/>
		</file>
		<file>
			<source>system/modules/org.opencms.jsp.search/schemas/nested/fieldfacet.xsd</source>
			<destination>system/modules/org.opencms.jsp.search/schemas/nested/fieldfacet.xsd</destination>
			<type>plain</type>
			<uuidstructure>ff3383fb-a62e-11e4-9ae0-bfc0090a1084</uuidstructure>
			<uuidresource>ff3383fc-a62e-11e4-9ae0-bfc0090a1084</uuidresource>
			<datecreated>Tue, 27 Jan 2015 14:15:50 GMT</datecreated>
			<flags>0</flags>
			<properties>
				<property>
					<name>Title</name>
					<value><![CDATA[Nested content to store the options for a field facet]]></value>
				</property>
			</properties>
			<relations/>
			<accesscontrol/>
		</file>
		<file>
			<source>system/modules/org.opencms.jsp.search/schemas/nested/highlighting.xsd</source>
			<destination>system/modules/org.opencms.jsp.search/schemas/nested/highlighting.xsd</destination>
			<type>plain</type>
			<uuidstructure>f06e8a48-a62e-11e4-9ae0-bfc0090a1084</uuidstructure>
			<uuidresource>f06e8a49-a62e-11e4-9ae0-bfc0090a1084</uuidresource>
			<datecreated>Tue, 27 Jan 2015 14:15:26 GMT</datecreated>
			<flags>0</flags>
			<properties>
				<property>
					<name>Title</name>
					<value><![CDATA[Nested content to store highlighting options]]></value>
				</property>
			</properties>
			<relations/>
			<accesscontrol/>
		</file>
		<file>
			<source>system/modules/org.opencms.jsp.search/schemas/nested/queryfacet.xsd</source>
			<destination>system/modules/org.opencms.jsp.search/schemas/nested/queryfacet.xsd</destination>
			<type>plain</type>
			<uuidstructure>6d28720c-f7a1-11e4-877d-e9e4a966f961</uuidstructure>
			<uuidresource>6d28720d-f7a1-11e4-877d-e9e4a966f961</uuidresource>
			<datecreated>Mon, 11 May 2015 05:49:02 GMT</datecreated>
			<flags>0</flags>
			<properties/>
			<relations/>
			<accesscontrol/>
		</file>
		<file>
			<source>system/modules/org.opencms.jsp.search/schemas/nested/queryfacetitem.xsd</source>
			<destination>system/modules/org.opencms.jsp.search/schemas/nested/queryfacetitem.xsd</destination>
			<type>plain</type>
			<uuidstructure>46bd48e7-f7c7-11e4-8c1e-e9e4a966f961</uuidstructure>
			<uuidresource>46bd48e8-f7c7-11e4-8c1e-e9e4a966f961</uuidresource>
			<datecreated>Mon, 11 May 2015 10:19:58 GMT</datecreated>
			<flags>0</flags>
			<properties/>
			<relations/>
			<accesscontrol/>
		</file>
		<file>
			<source>system/modules/org.opencms.jsp.search/schemas/nested/sortoption.xsd</source>
			<destination>system/modules/org.opencms.jsp.search/schemas/nested/sortoption.xsd</destination>
			<type>plain</type>
			<uuidstructure>e0f0a0d5-a62e-11e4-9ae0-bfc0090a1084</uuidstructure>
			<uuidresource>e0f0a0d6-a62e-11e4-9ae0-bfc0090a1084</uuidresource>
			<datecreated>Tue, 27 Jan 2015 14:15:00 GMT</datecreated>
			<flags>0</flags>
			<properties>
				<property>
					<name>Title</name>
					<value><![CDATA[Nested content to store a search option]]></value>
				</property>
			</properties>
			<relations/>
			<accesscontrol/>
		</file>
		<file>
			<destination>system/workplace</destination>
			<type>folder</type>
			<properties/>
		</file>
		<file>
			<destination>system/workplace/resources</destination>
			<type>folder</type>
			<properties/>
		</file>
		<file>
			<destination>system/workplace/resources/filetypes</destination>
			<type>folder</type>
			<properties/>
		</file>
		<file>
			<source>system/workplace/resources/filetypes/jsp-search.png</source>
			<destination>system/workplace/resources/filetypes/jsp-search.png</destination>
			<type>image</type>
			<uuidstructure>e642d97b-a62c-11e4-9ae0-bfc0090a1084</uuidstructure>
			<uuidresource>e642d97c-a62c-11e4-9ae0-bfc0090a1084</uuidresource>
			<datecreated>Tue, 27 Jan 2015 14:00:49 GMT</datecreated>
			<flags>0</flags>
			<properties>
				<property>
					<name>Title</name>
					<value><![CDATA[Nomal-sized icon for the JSP search configuration]]></value>
				</property>
				<property type="shared">
					<name>image.size</name>
					<value><![CDATA[w:16,h:16]]></value>
				</property>
			</properties>
			<relations/>
			<accesscontrol/>
		</file>
		<file>
			<source>system/workplace/resources/filetypes/jsp-search_big.png</source>
			<destination>system/workplace/resources/filetypes/jsp-search_big.png</destination>
			<type>image</type>
			<uuidstructure>e64634df-a62c-11e4-9ae0-bfc0090a1084</uuidstructure>
			<uuidresource>e64634e0-a62c-11e4-9ae0-bfc0090a1084</uuidresource>
			<datecreated>Tue, 27 Jan 2015 14:00:50 GMT</datecreated>
			<flags>0</flags>
			<properties>
				<property>
					<name>Title</name>
					<value><![CDATA[Big icon for the JSP search configuration]]></value>
				</property>
				<property type="shared">
					<name>image.size</name>
					<value><![CDATA[w:24,h:24]]></value>
				</property>
			</properties>
			<relations/>
			<accesscontrol/>
		</file>
	</files>
</export>
