<?xml version="1.0" encoding="UTF-8"?>

<export>
	<info>
		<infoproject>Offline</infoproject>
		<export_version>10</export_version>
	</info>
	<module>
		<name>org.opencms.workplace.tools.workplace</name>
		<nicename><![CDATA[OpenCms Workplace management tools]]></nicename>
		<group>OpenCms Workplace</group>
		<class/>
    <import-script><![CDATA[
# sets access control entries  and properties on folders not exclusively belonging to this module
writeProperty '/system/workplace/admin/workplace/' 'Description' '${key.GUI_WORKPLACE_TOOL_HELP_0}'
writeProperty '/system/workplace/admin/workplace/' 'NavImage' 'tools/workplace/icons/big/workplace.png:tools/workplace/icons/small/workplace.png'
writeProperty '/system/workplace/admin/workplace/' 'NavInfo' '${key.GUI_WORKPLACE_TOOL_GROUP_0}'
writeProperty '/system/workplace/admin/workplace/' 'NavPos' '120.0'
writeProperty '/system/workplace/admin/workplace/' 'NavText' '${key.GUI_WORKPLACE_TOOL_NAME_0}'
writeProperty '/system/workplace/admin/workplace/' 'Title' 'Workplace management tools'
writeProperty '/system/workplace/admin/workplace/' 'admintoolhandler-class' 'org.opencms.workplace.tools.workplace.CmsWorkplaceToolHandler'

writeProperty '/system/workplace/admin/workplace/logfileview/' 'Description' '${key.GUI_WORKPLACE_LOGVIEW_HELP_0}'
writeProperty '/system/workplace/admin/workplace/logfileview/' 'NavImage' 'tools/workplace/icons/big/fileview_view.png'
writeProperty '/system/workplace/admin/workplace/logfileview/' 'NavInfo' '${key.GUI_WORKPLACE_BASIC_GROUP_0}'
writeProperty '/system/workplace/admin/workplace/logfileview/' 'NavPos' '3.0'
writeProperty '/system/workplace/admin/workplace/logfileview/' 'NavText' '${key.GUI_WORKPLACE_LOGVIEW_NAME_0}'
writeProperty '/system/workplace/admin/workplace/logfileview/' 'Title' 'View log file'
writeProperty '/system/workplace/admin/workplace/logfileview/' 'admintoolhandler-class' 'org.opencms.workplace.tools.workplace.CmsWorkplaceToolHandler'
writeProperty '/system/workplace/admin/workplace/logfileview/' 'default-file' 'index.jsp'

writeProperty '/system/workplace/admin/workplace/logging/' 'Description' '${key.GUI_WORKPLACE_LOGGING_HELP_0}'
writeProperty '/system/workplace/admin/workplace/logging/' 'NavImage' 'tools/workplace/icons/big/log_preferences.png'
writeProperty '/system/workplace/admin/workplace/logging/' 'NavInfo' '${key.GUI_WORKPLACE_BASIC_GROUP_0}'
writeProperty '/system/workplace/admin/workplace/logging/' 'NavPos' '4.0'
writeProperty '/system/workplace/admin/workplace/logging/' 'NavText' '${key.GUI_WORKPLACE_LOGGING_NAME_0}'
writeProperty '/system/workplace/admin/workplace/logging/' 'Title' 'View log set'
writeProperty '/system/workplace/admin/workplace/logging/' 'admintoolhandler-class' 'org.opencms.workplace.tools.workplace.CmsWorkplaceToolHandler'
writeProperty '/system/workplace/admin/workplace/logging/' 'default-file' 'index.jsp'
		]]></import-script>
		<export-mode name="reduced"/>
		<description><![CDATA[<p>This module contains the OpenCms Workplace maintenance tools.</p>
<p><i>&copy; 2016 by Alkacon Software GmbH (http://www.alkacon.com).</i></p>]]></description>
		<version>10.0.1</version>
		<authorname><![CDATA[Alkacon Software GmbH]]></authorname>
		<authoremail><![CDATA[info@alkacon.com]]></authoremail>
		<datecreated>Mon, 27 Jun 2005 08:00:00 GMT</datecreated>
		<userinstalled/>
		<dateinstalled/>
		<dependencies>
			<dependency name="org.opencms.workplace" version="10.0.0"/>
			<dependency name="org.opencms.workplace.administration" version="10.0.0"/>
		</dependencies>
		<exportpoints/>
		<resources>
			<resource uri="/system/workplace/admin/workplace/broadcast_message.jsp"/>
			<resource uri="/system/workplace/admin/workplace/broadcast_message_all.jsp"/>
			<resource uri="/system/workplace/admin/workplace/groups_send_email.jsp"/>
			<resource uri="/system/workplace/admin/workplace/groups_send_popup.jsp"/>
			<resource uri="/system/workplace/admin/workplace/loginmessage.jsp"/>
			<resource uri="/system/workplace/admin/workplace/reinitialize.jsp"/>
			<resource uri="/system/workplace/admin/workplace/send_email.jsp"/>
			<resource uri="/system/workplace/admin/workplace/send_email_all.jsp"/>
			<resource uri="/system/workplace/admin/workplace/send_mail_groups.jsp"/>
			<resource uri="/system/workplace/admin/workplace/send_popup_groups.jsp"/>
			<resource uri="/system/workplace/admin/workplace/sessions.jsp"/>
			<resource uri="/system/workplace/admin/workplace/synchronize.jsp"/>
			<resource uri="/system/workplace/admin/workplace/synchronize_action.jsp"/>
			<resource uri="/system/workplace/admin/workplace/logfileview/dodownload.jsp"/>
			<resource uri="/system/workplace/admin/workplace/logfileview/download.jsp"/>
			<resource uri="/system/workplace/admin/workplace/logfileview/downloadTrigger.jsp"/>
			<resource uri="/system/workplace/admin/workplace/logfileview/index.jsp"/>
			<resource uri="/system/workplace/admin/workplace/logfileview/logfileViewSettings.jsp"/>
      		<resource uri="/system/workplace/admin/workplace/logging/index.jsp"/>
			<resource uri="/system/workplace/resources/tools/workplace/buttons/message_notpending.png"/>
			<resource uri="/system/workplace/resources/tools/workplace/buttons/message_pending.png"/>
			<resource uri="/system/workplace/resources/tools/workplace/buttons/multi_send_email.png"/>
			<resource uri="/system/workplace/resources/tools/workplace/buttons/multi_send_message.png"/>
			<resource uri="/system/workplace/resources/tools/workplace/buttons/send_message.png"/>
			<resource uri="/system/workplace/resources/tools/workplace/icons/big/fileview_download.png"/>
			<resource uri="/system/workplace/resources/tools/workplace/icons/big/fileview_settings.png"/>
			<resource uri="/system/workplace/resources/tools/workplace/icons/big/fileview_view.png"/>
			<resource uri="/system/workplace/resources/tools/workplace/icons/big/folder_refresh.png"/>
			<resource uri="/system/workplace/resources/tools/workplace/icons/big/send_email.png"/>
			<resource uri="/system/workplace/resources/tools/workplace/icons/big/send_email_groups.png"/>
			<resource uri="/system/workplace/resources/tools/workplace/icons/big/send_message.png"/>
			<resource uri="/system/workplace/resources/tools/workplace/icons/big/send_popup_groups.png"/>
			<resource uri="/system/workplace/resources/tools/workplace/icons/big/workplace.png"/>
			<resource uri="/system/workplace/resources/tools/workplace/icons/big/workplace_broadcast.png"/>
			<resource uri="/system/workplace/resources/tools/workplace/icons/big/workplace_loginmessage.png"/>
			<resource uri="/system/workplace/resources/tools/workplace/icons/big/workplace_reload.png"/>
			<resource uri="/system/workplace/resources/tools/workplace/icons/small/workplace.png"/>
			<resource uri="/system/workplace/resources/buttons/log_button_debug_a_2.png"/>
			<resource uri="/system/workplace/resources/buttons/log_button_debug_i_2.png"/>
			<resource uri="/system/workplace/resources/buttons/log_button_error_a_2.png"/>
			<resource uri="/system/workplace/resources/buttons/log_button_error_i_2.png"/>
			<resource uri="/system/workplace/resources/buttons/log_button_fatal_a_2.png"/>
			<resource uri="/system/workplace/resources/buttons/log_button_fatal_i_2.png"/>
			<resource uri="/system/workplace/resources/buttons/log_button_file_off_2.png"/>
			<resource uri="/system/workplace/resources/buttons/log_button_file_on_2.png"/>
			<resource uri="/system/workplace/resources/buttons/log_button_info_a_2.png"/>
			<resource uri="/system/workplace/resources/buttons/log_button_info_i_2.png"/>
			<resource uri="/system/workplace/resources/buttons/log_button_off_a_2.png"/>
			<resource uri="/system/workplace/resources/buttons/log_button_off_i_2.png"/>
			<resource uri="/system/workplace/resources/buttons/log_button_warn_a_2.png"/>
			<resource uri="/system/workplace/resources/buttons/log_button_warn_i_2.png"/>
			<resource uri="/system/workplace/resources/tools/workplace/icons/big/log_preferences.png"/>
		</resources>
		<excluderesources/>
		<parameters/>
	</module>
	<files>
		<file>
			<destination>system</destination>
			<type>folder</type>
			<properties/>
		</file>
		<file>
			<destination>system/workplace</destination>
			<type>folder</type>
			<properties/>
		</file>
		<file>
			<destination>system/workplace/admin</destination>
			<type>folder</type>
			<properties/>
		</file>
		<file>
			<destination>system/workplace/admin/workplace</destination>
			<type>folder</type>
			<properties/>
		</file>
		<file>
			<source>system/workplace/admin/workplace/broadcast_message.jsp</source>
			<destination>system/workplace/admin/workplace/broadcast_message.jsp</destination>
			<type>jsp</type>
			<uuidstructure>c36f9a4f-11b7-11db-91cd-fdbae480bac9</uuidstructure>
			<uuidresource>7c202038-dd81-11d9-a3c8-efaaea26ed93</uuidresource>
			<datecreated>Mon, 27 Jun 2005 08:00:00 GMT</datecreated>
			<flags>0</flags>
			<properties>
				<property>
					<name>Description</name>
					<value><![CDATA[${key.GUI_WORKPLACE_MESSAGE_ADMIN_TOOL_HELP_0}]]></value>
				</property>
				<property>
					<name>NavImage</name>
					<value><![CDATA[tools/workplace/icons/big/send_message.png]]></value>
				</property>
				<property>
					<name>NavInfo</name>
					<value><![CDATA[${key.GUI_WORKPLACE_MESSAGE_ADMIN_TOOL_GROUP_0}]]></value>
				</property>
				<property>
					<name>NavPos</name>
					<value><![CDATA[1]]></value>
				</property>
				<property>
					<name>NavText</name>
					<value><![CDATA[${key.GUI_WORKPLACE_MESSAGE_ADMIN_TOOL_NAME_0}]]></value>
				</property>
				<property>
					<name>Title</name>
					<value><![CDATA[Edit Message to Broadcast]]></value>
				</property>
				<property>
					<name>admintoolhandler-args</name>
					<value><![CDATA[path:/workplace/broadcast/message]]></value>
				</property>
				<property>
					<name>admintoolhandler-class</name>
					<value><![CDATA[org.opencms.workplace.tools.CmsInvisibleToolHandler]]></value>
				</property>
				<property type="shared">
					<name>export</name>
					<value><![CDATA[false]]></value>
				</property>
			</properties>
			<relations/>
			<accesscontrol/>
		</file>
		<file>
			<destination>system/workplace/admin/workplace/broadcast_message_all.jsp</destination>
			<type>jsp</type>
			<uuidstructure>c37b813d-11b7-11db-91cd-fdbae480bac9</uuidstructure>
			<uuidresource>7c202038-dd81-11d9-a3c8-efaaea26ed93</uuidresource>
			<datecreated>Mon, 27 Jun 2005 08:00:00 GMT</datecreated>
			<flags>0</flags>
			<properties>
				<property>
					<name>Description</name>
					<value><![CDATA[${key.GUI_WORKPLACE_MESSAGE_ALL_ADMIN_TOOL_HELP_0}]]></value>
				</property>
				<property>
					<name>NavImage</name>
					<value><![CDATA[tools/workplace/icons/big/send_message.png]]></value>
				</property>
				<property>
					<name>NavInfo</name>
					<value><![CDATA[${key.GUI_WORKPLACE_MESSAGE_ALL_ADMIN_TOOL_GROUP_0}]]></value>
				</property>
				<property>
					<name>NavPos</name>
					<value><![CDATA[3]]></value>
				</property>
				<property>
					<name>NavText</name>
					<value><![CDATA[${key.GUI_WORKPLACE_MESSAGE_ALL_ADMIN_TOOL_NAME_0}]]></value>
				</property>
				<property>
					<name>Title</name>
					<value><![CDATA[Edit Message to Broadcast to All]]></value>
				</property>
				<property>
					<name>admintoolhandler-args</name>
					<value><![CDATA[path:/workplace/broadcast/messageall]]></value>
				</property>
				<property>
					<name>admintoolhandler-class</name>
					<value><![CDATA[org.opencms.workplace.tools.workplace.CmsWorkplaceToolHandler]]></value>
				</property>
				<property type="shared">
					<name>export</name>
					<value><![CDATA[false]]></value>
				</property>
			</properties>
			<relations/>
			<accesscontrol/>
		</file>
		<file>
			<source>system/workplace/admin/workplace/groups_send_email.jsp</source>
			<destination>system/workplace/admin/workplace/groups_send_email.jsp</destination>
			<type>jsp</type>
			<uuidstructure>132398a4-c27a-11db-a7d7-d1e27da85d64</uuidstructure>
			<uuidresource>132398a5-c27a-11db-a7d7-d1e27da85d64</uuidresource>
			<datecreated>Thu, 22 Feb 2007 13:39:10 GMT</datecreated>
			<flags>0</flags>
			<properties>
				<property type="shared">
					<name>export</name>
					<value><![CDATA[false]]></value>
				</property>
			</properties>
			<relations/>
			<accesscontrol/>
		</file>
		<file>
			<source>system/workplace/admin/workplace/groups_send_popup.jsp</source>
			<destination>system/workplace/admin/workplace/groups_send_popup.jsp</destination>
			<type>jsp</type>
			<uuidstructure>fd9a686f-c287-11db-92ef-d1e27da85d64</uuidstructure>
			<uuidresource>fd9a6870-c287-11db-92ef-d1e27da85d64</uuidresource>
			<datecreated>Thu, 22 Feb 2007 15:18:46 GMT</datecreated>
			<flags>0</flags>
			<properties>
				<property type="shared">
					<name>export</name>
					<value><![CDATA[false]]></value>
				</property>
			</properties>
			<relations/>
			<accesscontrol/>
		</file>
		<file>
			<destination>system/workplace/admin/workplace/logfileview</destination>
			<type>folder</type>
			<properties/>
		</file>
		<file>
			<source>system/workplace/admin/workplace/logfileview/dodownload.jsp</source>
			<destination>system/workplace/admin/workplace/logfileview/dodownload.jsp</destination>
			<type>jsp</type>
			<uuidstructure>c398314d-11b7-11db-91cd-fdbae480bac9</uuidstructure>
			<uuidresource>e39dfee5-e61e-11d9-85f0-ad0f10d5214f</uuidresource>
			<datecreated>Mon, 27 Jun 2005 08:00:00 GMT</datecreated>
			<flags>0</flags>
			<properties>
				<property>
					<name>Title</name>
					<value><![CDATA[Download popup]]></value>
				</property>
				<property type="shared">
					<name>export</name>
					<value><![CDATA[false]]></value>
				</property>
			</properties>
			<relations/>
			<accesscontrol/>
		</file>
		<file>
			<source>system/workplace/admin/workplace/logfileview/download.jsp</source>
			<destination>system/workplace/admin/workplace/logfileview/download.jsp</destination>
			<type>jsp</type>
			<uuidstructure>c39a7b41-11b7-11db-91cd-fdbae480bac9</uuidstructure>
			<uuidresource>50614038-d8f8-11d9-b518-ef342b994563</uuidresource>
			<datecreated>Mon, 27 Jun 2005 08:00:00 GMT</datecreated>
			<flags>0</flags>
			<properties>
				<property>
					<name>Description</name>
					<value><![CDATA[${key.GUI_WORKPLACE_LOGVIEW_DOWNLOAD_HELP_0}]]></value>
				</property>
				<property>
					<name>NavImage</name>
					<value><![CDATA[tools/workplace/icons/big/fileview_download.png]]></value>
				</property>
				<property>
					<name>NavInfo</name>
					<value><![CDATA[${key.GUI_WORKPLACE_LOGVIEW_GROUP_0}]]></value>
				</property>
				<property>
					<name>NavText</name>
					<value><![CDATA[${key.GUI_WORKPLACE_LOGVIEW_DOWNLOAD_NAME_0}]]></value>
				</property>
				<property>
					<name>Title</name>
					<value><![CDATA[Download file]]></value>
				</property>
				<property>
					<name>admintoolhandler-class</name>
					<value><![CDATA[org.opencms.workplace.tools.workplace.CmsWorkplaceToolHandler]]></value>
				</property>
				<property type="shared">
					<name>export</name>
					<value><![CDATA[false]]></value>
				</property>
			</properties>
			<relations/>
			<accesscontrol/>
		</file>
		<file>
			<source>system/workplace/admin/workplace/logfileview/downloadTrigger.jsp</source>
			<destination>system/workplace/admin/workplace/logfileview/downloadTrigger.jsp</destination>
			<type>jsp</type>
			<uuidstructure>c39f5d4a-11b7-11db-91cd-fdbae480bac9</uuidstructure>
			<uuidresource>9567518c-d8fa-11d9-b518-ef342b994563</uuidresource>
			<datecreated>Mon, 27 Jun 2005 08:00:00 GMT</datecreated>
			<flags>0</flags>
			<properties>
				<property>
					<name>Title</name>
					<value><![CDATA[Download-Trigger]]></value>
				</property>
			</properties>
			<relations/>
			<accesscontrol/>
		</file>
		<file>
			<source>system/workplace/admin/workplace/logfileview/index.jsp</source>
			<destination>system/workplace/admin/workplace/logfileview/index.jsp</destination>
			<type>jsp</type>
			<uuidstructure>c3a1a73d-11b7-11db-91cd-fdbae480bac9</uuidstructure>
			<uuidresource>d91a12fd-d8f2-11d9-9822-ef342b994563</uuidresource>
			<datecreated>Mon, 27 Jun 2005 08:00:00 GMT</datecreated>
			<flags>0</flags>
			<properties>
				<property>
					<name>Description</name>
					<value><![CDATA[${key.GUI_WORKPLACE_LOGVIEW_HELP_0}]]></value>
				</property>
				<property>
					<name>Title</name>
					<value><![CDATA[Logfile view]]></value>
				</property>
				<property type="shared">
					<name>export</name>
					<value><![CDATA[false]]></value>
				</property>
			</properties>
			<relations/>
			<accesscontrol/>
		</file>
		<file>
			<source>system/workplace/admin/workplace/logfileview/logfileViewSettings.jsp</source>
			<destination>system/workplace/admin/workplace/logfileview/logfileViewSettings.jsp</destination>
			<type>jsp</type>
			<uuidstructure>c3a41842-11b7-11db-91cd-fdbae480bac9</uuidstructure>
			<uuidresource>330f4a74-d8f4-11d9-9822-ef342b994563</uuidresource>
			<datecreated>Mon, 27 Jun 2005 08:00:00 GMT</datecreated>
			<flags>0</flags>
			<properties>
				<property>
					<name>Description</name>
					<value><![CDATA[${key.GUI_WORKPLACE_LOGVIEW_SETTINGS_HELP_0}]]></value>
				</property>
				<property>
					<name>NavImage</name>
					<value><![CDATA[tools/workplace/icons/big/fileview_settings.png]]></value>
				</property>
				<property>
					<name>NavInfo</name>
					<value><![CDATA[${key.GUI_WORKPLACE_LOGVIEW_GROUP_0}]]></value>
				</property>
				<property>
					<name>NavText</name>
					<value><![CDATA[${key.GUI_WORKPLACE_LOGVIEW_SETTINGS_NAME_0}]]></value>
				</property>
				<property>
					<name>Title</name>
					<value><![CDATA[Edit the logfile view settings]]></value>
				</property>
				<property>
					<name>admintoolhandler-class</name>
					<value><![CDATA[org.opencms.workplace.tools.workplace.CmsWorkplaceToolHandler]]></value>
				</property>
				<property type="shared">
					<name>export</name>
					<value><![CDATA[false]]></value>
				</property>
			</properties>
			<relations/>
			<accesscontrol/>
		</file>
		<file>
			<destination>system/workplace/admin/workplace/logging</destination>
			<type>folder</type>
			<properties/>
		</file>
		<file>
			<source>system/workplace/admin/workplace/logging/index.jsp</source>
			<destination>system/workplace/admin/workplace/logging/index.jsp</destination>
			<type>jsp</type>
			<uuidstructure>b5b55613-5265-11e1-ba62-e7aa6134161f</uuidstructure>
			<uuidresource>b5b55614-5265-11e1-ba62-e7aa6134161f</uuidresource>
			<datecreated>Wed, 08 Feb 2012 15:00:59 GMT</datecreated>
			<flags>0</flags>
			<properties>
				<property>
					<name>Title</name>
					<value><![CDATA[Logfile view]]></value>
				</property>
				<property type="shared">
					<name>export</name>
					<value><![CDATA[false]]></value>
				</property>
			</properties>
			<relations/>
			<accesscontrol/>
		</file>
		<file>
			<source>system/workplace/admin/workplace/loginmessage.jsp</source>
			<destination>system/workplace/admin/workplace/loginmessage.jsp</destination>
			<type>jsp</type>
			<uuidstructure>c3803c36-11b7-11db-91cd-fdbae480bac9</uuidstructure>
			<uuidresource>371943a9-d59b-11d9-87df-0b1cee3a7f49</uuidresource>
			<datecreated>Mon, 27 Jun 2005 08:00:00 GMT</datecreated>
			<flags>0</flags>
			<properties>
				<property>
					<name>Description</name>
					<value><![CDATA[${key.GUI_WORKPLACE_LOGINMESSAGE_HELP_0}]]></value>
				</property>
				<property>
					<name>NavImage</name>
					<value><![CDATA[tools/workplace/icons/big/workplace_loginmessage.png]]></value>
				</property>
				<property>
					<name>NavInfo</name>
					<value><![CDATA[${key.GUI_WORKPLACE_BASIC_GROUP_0}]]></value>
				</property>
				<property>
					<name>NavPos</name>
					<value><![CDATA[1]]></value>
				</property>
				<property>
					<name>NavText</name>
					<value><![CDATA[${key.GUI_WORKPLACE_LOGINMESSAGE_NAME_0}]]></value>
				</property>
				<property>
					<name>Title</name>
					<value><![CDATA[Manage login message]]></value>
				</property>
				<property>
					<name>admintoolhandler-class</name>
					<value><![CDATA[org.opencms.workplace.tools.workplace.CmsWorkplaceToolHandler]]></value>
				</property>
				<property type="shared">
					<name>export</name>
					<value><![CDATA[false]]></value>
				</property>
			</properties>
			<relations/>
			<accesscontrol/>
		</file>
		<file>
			<source>system/workplace/admin/workplace/reinitialize.jsp</source>
			<destination>system/workplace/admin/workplace/reinitialize.jsp</destination>
			<type>jsp</type>
			<uuidstructure>c382ad40-11b7-11db-91cd-fdbae480bac9</uuidstructure>
			<uuidresource>48eeffce-d59b-11d9-87df-0b1cee3a7f49</uuidresource>
			<datecreated>Mon, 27 Jun 2005 08:00:00 GMT</datecreated>
			<flags>0</flags>
			<properties>
				<property>
					<name>Description</name>
					<value><![CDATA[${key.GUI_WORKPLACE_REINIT_HELP_0}]]></value>
				</property>
				<property>
					<name>NavImage</name>
					<value><![CDATA[tools/workplace/icons/big/workplace_reload.png]]></value>
				</property>
				<property>
					<name>NavInfo</name>
					<value><![CDATA[${key.GUI_WORKPLACE_BASIC_GROUP_0}]]></value>
				</property>
				<property>
					<name>NavPos</name>
					<value><![CDATA[2]]></value>
				</property>
				<property>
					<name>NavText</name>
					<value><![CDATA[${key.GUI_WORKPLACE_REINIT_NAME_0}]]></value>
				</property>
				<property>
					<name>Title</name>
					<value><![CDATA[Re-Initialize Workplace]]></value>
				</property>
				<property>
					<name>admintoolhandler-class</name>
					<value><![CDATA[org.opencms.workplace.tools.workplace.CmsWorkplaceToolHandler]]></value>
				</property>
				<property type="shared">
					<name>export</name>
					<value><![CDATA[false]]></value>
				</property>
			</properties>
			<relations/>
			<accesscontrol/>
		</file>
		<file>
			<source>system/workplace/admin/workplace/send_email.jsp</source>
			<destination>system/workplace/admin/workplace/send_email.jsp</destination>
			<type>jsp</type>
			<uuidstructure>c387683a-11b7-11db-91cd-fdbae480bac9</uuidstructure>
			<uuidresource>b803e8d3-dda0-11d9-8944-efaaea26ed93</uuidresource>
			<datecreated>Mon, 27 Jun 2005 08:00:00 GMT</datecreated>
			<flags>0</flags>
			<properties>
				<property>
					<name>Description</name>
					<value><![CDATA[${key.GUI_WORKPLACE_EMAIL_ADMIN_TOOL_HELP_0}]]></value>
				</property>
				<property>
					<name>NavImage</name>
					<value><![CDATA[tools/workplace/icons/big/send_email.png]]></value>
				</property>
				<property>
					<name>NavInfo</name>
					<value><![CDATA[${key.GUI_WORKPLACE_EMAIL_ADMIN_TOOL_GROUP_0}]]></value>
				</property>
				<property>
					<name>NavPos</name>
					<value><![CDATA[1]]></value>
				</property>
				<property>
					<name>NavText</name>
					<value><![CDATA[${key.GUI_WORKPLACE_EMAIL_ADMIN_TOOL_NAME_0}]]></value>
				</property>
				<property>
					<name>Title</name>
					<value><![CDATA[Edit Email to Send]]></value>
				</property>
				<property>
					<name>admintoolhandler-args</name>
					<value><![CDATA[path:/workplace/broadcast/email]]></value>
				</property>
				<property>
					<name>admintoolhandler-class</name>
					<value><![CDATA[org.opencms.workplace.tools.CmsInvisibleToolHandler]]></value>
				</property>
				<property type="shared">
					<name>export</name>
					<value><![CDATA[false]]></value>
				</property>
			</properties>
			<relations/>
			<accesscontrol/>
		</file>
		<file>
			<destination>system/workplace/admin/workplace/send_email_all.jsp</destination>
			<type>jsp</type>
			<uuidstructure>c389d945-11b7-11db-91cd-fdbae480bac9</uuidstructure>
			<uuidresource>b803e8d3-dda0-11d9-8944-efaaea26ed93</uuidresource>
			<datecreated>Mon, 27 Jun 2005 08:00:00 GMT</datecreated>
			<flags>0</flags>
			<properties>
				<property>
					<name>Description</name>
					<value><![CDATA[${key.GUI_WORKPLACE_EMAIL_ALL_ADMIN_TOOL_HELP_0}]]></value>
				</property>
				<property>
					<name>NavImage</name>
					<value><![CDATA[tools/workplace/icons/big/send_email.png]]></value>
				</property>
				<property>
					<name>NavInfo</name>
					<value><![CDATA[${key.GUI_WORKPLACE_EMAIL_ALL_ADMIN_TOOL_GROUP_0}]]></value>
				</property>
				<property>
					<name>NavPos</name>
					<value><![CDATA[1]]></value>
				</property>
				<property>
					<name>NavText</name>
					<value><![CDATA[${key.GUI_WORKPLACE_EMAIL_ALL_ADMIN_TOOL_NAME_0}]]></value>
				</property>
				<property>
					<name>Title</name>
					<value><![CDATA[Edit Email to Send to All]]></value>
				</property>
				<property>
					<name>admintoolhandler-args</name>
					<value><![CDATA[path:/workplace/broadcast/emailall]]></value>
				</property>
				<property>
					<name>admintoolhandler-class</name>
					<value><![CDATA[org.opencms.workplace.tools.workplace.CmsWorkplaceToolHandler]]></value>
				</property>
				<property type="shared">
					<name>export</name>
					<value><![CDATA[false]]></value>
				</property>
			</properties>
			<relations/>
			<accesscontrol/>
		</file>
		<file>
			<source>system/workplace/admin/workplace/send_mail_groups.jsp</source>
			<destination>system/workplace/admin/workplace/send_mail_groups.jsp</destination>
			<type>jsp</type>
			<uuidstructure>b4dfd395-c263-11db-882a-d1e27da85d64</uuidstructure>
			<uuidresource>b4dfd396-c263-11db-882a-d1e27da85d64</uuidresource>
			<datecreated>Thu, 22 Feb 2007 10:59:02 GMT</datecreated>
			<flags>0</flags>
			<properties>
				<property>
					<name>Description</name>
					<value><![CDATA[${key.GUI_WORKPLACE_EMAIL_GROUPS_ADMIN_TOOL_HELP_0}]]></value>
				</property>
				<property>
					<name>NavImage</name>
					<value><![CDATA[tools/workplace/icons/big/send_email_groups.png]]></value>
				</property>
				<property>
					<name>NavInfo</name>
					<value><![CDATA[${key.GUI_WORKPLACE_EMAIL_GROUPS_ADMIN_TOOL_GROUP_0}]]></value>
				</property>
				<property>
					<name>NavPos</name>
					<value><![CDATA[2]]></value>
				</property>
				<property>
					<name>NavText</name>
					<value><![CDATA[${key.GUI_WORKPLACE_EMAIL_GROUPS_ADMIN_TOOL_NAME_0}]]></value>
				</property>
				<property>
					<name>Title</name>
					<value><![CDATA[Edit Email to send to selected groups]]></value>
				</property>
				<property>
					<name>admintoolhandler-args</name>
					<value><![CDATA[path:/workplace/broadcast/emailgroups|params:msgtype=email]]></value>
				</property>
				<property>
					<name>admintoolhandler-class</name>
					<value><![CDATA[org.opencms.workplace.tools.workplace.CmsWorkplaceToolHandler]]></value>
				</property>
				<property type="shared">
					<name>export</name>
					<value><![CDATA[false]]></value>
				</property>
			</properties>
			<relations/>
			<accesscontrol/>
		</file>
		<file>
			<destination>system/workplace/admin/workplace/send_popup_groups.jsp</destination>
			<type>jsp</type>
			<uuidstructure>65bbc6ad-c287-11db-92ef-d1e27da85d64</uuidstructure>
			<uuidresource>b4dfd396-c263-11db-882a-d1e27da85d64</uuidresource>
			<datecreated>Thu, 22 Feb 2007 10:59:02 GMT</datecreated>
			<flags>0</flags>
			<properties>
				<property>
					<name>Description</name>
					<value><![CDATA[${key.GUI_WORKPLACE_POPUP_GROUPS_ADMIN_TOOL_HELP_0}]]></value>
				</property>
				<property>
					<name>NavImage</name>
					<value><![CDATA[tools/workplace/icons/big/send_popup_groups.png]]></value>
				</property>
				<property>
					<name>NavInfo</name>
					<value><![CDATA[${key.GUI_WORKPLACE_POPUP_GROUPS_ADMIN_TOOL_GROUP_0}]]></value>
				</property>
				<property>
					<name>NavPos</name>
					<value><![CDATA[4]]></value>
				</property>
				<property>
					<name>NavText</name>
					<value><![CDATA[${key.GUI_WORKPLACE_POPUP_GROUPS_ADMIN_TOOL_NAME_0}]]></value>
				</property>
				<property>
					<name>Title</name>
					<value><![CDATA[Edit Broadcast Message to send to selected groups]]></value>
				</property>
				<property>
					<name>admintoolhandler-args</name>
					<value><![CDATA[path:/workplace/broadcast/popupgroups|params:msgtype=popup]]></value>
				</property>
				<property>
					<name>admintoolhandler-class</name>
					<value><![CDATA[org.opencms.workplace.tools.workplace.CmsWorkplaceToolHandler]]></value>
				</property>
				<property type="shared">
					<name>export</name>
					<value><![CDATA[false]]></value>
				</property>
			</properties>
			<relations/>
			<accesscontrol/>
		</file>
		<file>
			<source>system/workplace/admin/workplace/sessions.jsp</source>
			<destination>system/workplace/admin/workplace/sessions.jsp</destination>
			<type>jsp</type>
			<uuidstructure>c38e943e-11b7-11db-91cd-fdbae480bac9</uuidstructure>
			<uuidresource>7566ef2b-dd81-11d9-a3c8-efaaea26ed93</uuidresource>
			<datecreated>Mon, 27 Jun 2005 08:00:00 GMT</datecreated>
			<flags>0</flags>
			<properties>
				<property>
					<name>Description</name>
					<value><![CDATA[${key.GUI_WORKPLACE_SESSIONS_ADMIN_TOOL_HELP_0}]]></value>
				</property>
				<property>
					<name>NavImage</name>
					<value><![CDATA[tools/workplace/icons/big/workplace_broadcast.png]]></value>
				</property>
				<property>
					<name>NavInfo</name>
					<value><![CDATA[${key.GUI_WORKPLACE_SESSIONS_ADMIN_TOOL_GROUP_0}]]></value>
				</property>
				<property>
					<name>NavPos</name>
					<value><![CDATA[3]]></value>
				</property>
				<property>
					<name>NavText</name>
					<value><![CDATA[${key.GUI_WORKPLACE_SESSIONS_ADMIN_TOOL_NAME_0}]]></value>
				</property>
				<property>
					<name>Title</name>
					<value><![CDATA[List of current active OpenCms Sessions]]></value>
				</property>
				<property>
					<name>admintoolhandler-args</name>
					<value><![CDATA[path:/workplace/broadcast]]></value>
				</property>
				<property>
					<name>admintoolhandler-class</name>
					<value><![CDATA[org.opencms.workplace.tools.workplace.CmsWorkplaceToolHandler]]></value>
				</property>
				<property type="shared">
					<name>export</name>
					<value><![CDATA[false]]></value>
				</property>
			</properties>
			<relations/>
			<accesscontrol/>
		</file>
		<file>
			<source>system/workplace/admin/workplace/synchronize.jsp</source>
			<destination>system/workplace/admin/workplace/synchronize.jsp</destination>
			<type>jsp</type>
			<uuidstructure>c3910549-11b7-11db-91cd-fdbae480bac9</uuidstructure>
			<uuidresource>4778d1a5-d8c4-11d9-98f8-516c3c2775b1</uuidresource>
			<datecreated>Mon, 27 Jun 2005 08:00:00 GMT</datecreated>
			<flags>0</flags>
			<properties>
				<property>
					<name>Description</name>
					<value><![CDATA[${key.GUI_WORKPLACE_SYNC_HELP_0}]]></value>
				</property>
				<property>
					<name>NavImage</name>
					<value><![CDATA[tools/workplace/icons/big/folder_refresh.png]]></value>
				</property>
				<property>
					<name>NavInfo</name>
					<value><![CDATA[${key.GUI_WORKPLACE_BASIC_GROUP_0}]]></value>
				</property>
				<property>
					<name>NavPos</name>
					<value><![CDATA[3]]></value>
				</property>
				<property>
					<name>NavText</name>
					<value><![CDATA[${key.GUI_WORKPLACE_SYNC_NAME_0}]]></value>
				</property>
				<property>
					<name>Title</name>
					<value><![CDATA[Manage synchronize settings]]></value>
				</property>
				<property>
					<name>admintoolhandler-class</name>
					<value><![CDATA[org.opencms.workplace.tools.workplace.CmsWorkplaceToolHandler]]></value>
				</property>
				<property type="shared">
					<name>export</name>
					<value><![CDATA[false]]></value>
				</property>
			</properties>
			<relations/>
			<accesscontrol/>
		</file>
		<file>
			<source>system/workplace/admin/workplace/synchronize_action.jsp</source>
			<destination>system/workplace/admin/workplace/synchronize_action.jsp</destination>
			<type>jsp</type>
			<datecreated>Mon, 27 Jun 2005 08:00:00 GMT</datecreated>
			<flags>0</flags>
			<properties>
				<property>
					<name>Description</name>
					<value><![CDATA[${key.GUI_WORKPLACE_SYNC_ACTION_HELP_0}]]></value>
				</property>
				<property>
					<name>NavImage</name>
					<value><![CDATA[tools/workplace/icons/big/folder_refresh.png]]></value>
				</property>
				<property>
					<name>NavInfo</name>
					<value><![CDATA[${key.GUI_WORKPLACE_BASIC_GROUP_0}]]></value>
				</property>
				<property>
					<name>NavPos</name>
					<value><![CDATA[4]]></value>
				</property>
				<property>
					<name>NavText</name>
					<value><![CDATA[${key.GUI_WORKPLACE_SYNC_ACTION_NAME_0}]]></value>
				</property>
				<property>
					<name>Title</name>
					<value><![CDATA[Execute synchronization]]></value>
				</property>
				<property>
					<name>admintoolhandler-class</name>
					<value><![CDATA[org.opencms.workplace.tools.workplace.CmsWorkplaceToolHandler]]></value>
				</property>
				<property type="shared">
					<name>export</name>
					<value><![CDATA[false]]></value>
				</property>
			</properties>
			<relations/>
			<accesscontrol/>
		</file>
		<file>
			<destination>system/workplace/resources</destination>
			<type>folder</type>
			<properties/>
		</file>
		<file>
			<destination>system/workplace/resources/buttons</destination>
			<type>folder</type>
			<properties/>
		</file>
		<file>
			<source>system/workplace/resources/buttons/log_button_debug_a_2.png</source>
			<destination>system/workplace/resources/buttons/log_button_debug_a_2.png</destination>
			<type>image</type>
			<uuidstructure>4384fdaf-5945-11e1-8ad4-e7aa6134161f</uuidstructure>
			<uuidresource>4384fdb0-5945-11e1-8ad4-e7aa6134161f</uuidresource>
			<datecreated>Fri, 17 Feb 2012 08:56:21 GMT</datecreated>
			<flags>0</flags>
			<properties>
				<property>
					<name>Title</name>
					<value><![CDATA[log_button_debug_a_2]]></value>
				</property>
				<property type="shared">
					<name>image.size</name>
					<value><![CDATA[w:50,h:20]]></value>
				</property>
			</properties>
			<relations/>
			<accesscontrol/>
		</file>
		<file>
			<source>system/workplace/resources/buttons/log_button_debug_i_2.png</source>
			<destination>system/workplace/resources/buttons/log_button_debug_i_2.png</destination>
			<type>image</type>
			<uuidstructure>43b4c043-5945-11e1-8ad4-e7aa6134161f</uuidstructure>
			<uuidresource>43b4c044-5945-11e1-8ad4-e7aa6134161f</uuidresource>
			<datecreated>Fri, 17 Feb 2012 08:56:22 GMT</datecreated>
			<flags>0</flags>
			<properties>
				<property>
					<name>Title</name>
					<value><![CDATA[log_button_debug_i_2]]></value>
				</property>
				<property type="shared">
					<name>image.size</name>
					<value><![CDATA[w:50,h:20]]></value>
				</property>
			</properties>
			<relations/>
			<accesscontrol/>
		</file>
		<file>
			<source>system/workplace/resources/buttons/log_button_error_a_2.png</source>
			<destination>system/workplace/resources/buttons/log_button_error_a_2.png</destination>
			<type>image</type>
			<uuidstructure>43b97b37-5945-11e1-8ad4-e7aa6134161f</uuidstructure>
			<uuidresource>43b97b38-5945-11e1-8ad4-e7aa6134161f</uuidresource>
			<datecreated>Fri, 17 Feb 2012 08:56:22 GMT</datecreated>
			<flags>0</flags>
			<properties>
				<property>
					<name>Title</name>
					<value><![CDATA[log_button_error_a_2]]></value>
				</property>
				<property type="shared">
					<name>image.size</name>
					<value><![CDATA[w:50,h:20]]></value>
				</property>
			</properties>
			<relations/>
			<accesscontrol/>
		</file>
		<file>
			<source>system/workplace/resources/buttons/log_button_error_i_2.png</source>
			<destination>system/workplace/resources/buttons/log_button_error_i_2.png</destination>
			<type>image</type>
			<uuidstructure>43be362b-5945-11e1-8ad4-e7aa6134161f</uuidstructure>
			<uuidresource>43be362c-5945-11e1-8ad4-e7aa6134161f</uuidresource>
			<datecreated>Fri, 17 Feb 2012 08:56:22 GMT</datecreated>
			<flags>0</flags>
			<properties>
				<property>
					<name>Title</name>
					<value><![CDATA[log_button_error_i_2]]></value>
				</property>
				<property type="shared">
					<name>image.size</name>
					<value><![CDATA[w:50,h:20]]></value>
				</property>
			</properties>
			<relations/>
			<accesscontrol/>
		</file>
		<file>
			<source>system/workplace/resources/buttons/log_button_fatal_a_2.png</source>
			<destination>system/workplace/resources/buttons/log_button_fatal_a_2.png</destination>
			<type>image</type>
			<uuidstructure>43c0a72f-5945-11e1-8ad4-e7aa6134161f</uuidstructure>
			<uuidresource>43c0a730-5945-11e1-8ad4-e7aa6134161f</uuidresource>
			<datecreated>Fri, 17 Feb 2012 08:56:22 GMT</datecreated>
			<flags>0</flags>
			<properties>
				<property>
					<name>Title</name>
					<value><![CDATA[log_button_fatal_a_2]]></value>
				</property>
				<property type="shared">
					<name>image.size</name>
					<value><![CDATA[w:50,h:20]]></value>
				</property>
			</properties>
			<relations/>
			<accesscontrol/>
		</file>
		<file>
			<source>system/workplace/resources/buttons/log_button_fatal_i_2.png</source>
			<destination>system/workplace/resources/buttons/log_button_fatal_i_2.png</destination>
			<type>image</type>
			<uuidstructure>43c56223-5945-11e1-8ad4-e7aa6134161f</uuidstructure>
			<uuidresource>43c56224-5945-11e1-8ad4-e7aa6134161f</uuidresource>
			<datecreated>Fri, 17 Feb 2012 08:56:22 GMT</datecreated>
			<flags>0</flags>
			<properties>
				<property>
					<name>Title</name>
					<value><![CDATA[log_button_fatal_i_2]]></value>
				</property>
				<property type="shared">
					<name>image.size</name>
					<value><![CDATA[w:50,h:20]]></value>
				</property>
			</properties>
			<relations/>
			<accesscontrol/>
		</file>
		<file>
			<source>system/workplace/resources/buttons/log_button_file_off_2.png</source>
			<destination>system/workplace/resources/buttons/log_button_file_off_2.png</destination>
			<type>image</type>
			<uuidstructure>2bcbe7a5-5d6c-11e1-980f-e7aa6134161f</uuidstructure>
			<uuidresource>2bcbe7a6-5d6c-11e1-980f-e7aa6134161f</uuidresource>
			<datecreated>Wed, 22 Feb 2012 15:44:57 GMT</datecreated>
			<flags>0</flags>
			<properties>
				<property>
					<name>Title</name>
					<value><![CDATA[log_button_file_off_2]]></value>
				</property>
				<property type="shared">
					<name>image.size</name>
					<value><![CDATA[w:50,h:20]]></value>
				</property>
			</properties>
			<relations/>
			<accesscontrol/>
		</file>
		<file>
			<source>system/workplace/resources/buttons/log_button_file_on_2.png</source>
			<destination>system/workplace/resources/buttons/log_button_file_on_2.png</destination>
			<type>image</type>
			<uuidstructure>2c516b59-5d6c-11e1-980f-e7aa6134161f</uuidstructure>
			<uuidresource>2c516b5a-5d6c-11e1-980f-e7aa6134161f</uuidresource>
			<datecreated>Wed, 22 Feb 2012 15:44:57 GMT</datecreated>
			<flags>0</flags>
			<properties>
				<property>
					<name>Title</name>
					<value><![CDATA[log_button_file_on_2]]></value>
				</property>
				<property type="shared">
					<name>image.size</name>
					<value><![CDATA[w:50,h:20]]></value>
				</property>
			</properties>
			<relations/>
			<accesscontrol/>
		</file>
		<file>
			<source>system/workplace/resources/buttons/log_button_info_a_2.png</source>
			<destination>system/workplace/resources/buttons/log_button_info_a_2.png</destination>
			<type>image</type>
			<uuidstructure>43ca1d17-5945-11e1-8ad4-e7aa6134161f</uuidstructure>
			<uuidresource>43ca1d18-5945-11e1-8ad4-e7aa6134161f</uuidresource>
			<datecreated>Fri, 17 Feb 2012 08:56:22 GMT</datecreated>
			<flags>0</flags>
			<properties>
				<property>
					<name>Title</name>
					<value><![CDATA[log_button_info_a_2]]></value>
				</property>
				<property type="shared">
					<name>image.size</name>
					<value><![CDATA[w:50,h:20]]></value>
				</property>
			</properties>
			<relations/>
			<accesscontrol/>
		</file>
		<file>
			<source>system/workplace/resources/buttons/log_button_info_i_2.png</source>
			<destination>system/workplace/resources/buttons/log_button_info_i_2.png</destination>
			<type>image</type>
			<uuidstructure>43ceff1b-5945-11e1-8ad4-e7aa6134161f</uuidstructure>
			<uuidresource>43ceff1c-5945-11e1-8ad4-e7aa6134161f</uuidresource>
			<datecreated>Fri, 17 Feb 2012 08:56:22 GMT</datecreated>
			<flags>0</flags>
			<properties>
				<property>
					<name>Title</name>
					<value><![CDATA[log_button_info_i_2]]></value>
				</property>
				<property type="shared">
					<name>image.size</name>
					<value><![CDATA[w:50,h:20]]></value>
				</property>
			</properties>
			<relations/>
			<accesscontrol/>
		</file>
		<file>
			<source>system/workplace/resources/buttons/log_button_off_a_2.png</source>
			<destination>system/workplace/resources/buttons/log_button_off_a_2.png</destination>
			<type>image</type>
			<uuidstructure>43d3ba0f-5945-11e1-8ad4-e7aa6134161f</uuidstructure>
			<uuidresource>43d3ba10-5945-11e1-8ad4-e7aa6134161f</uuidresource>
			<datecreated>Fri, 17 Feb 2012 08:56:22 GMT</datecreated>
			<flags>0</flags>
			<properties>
				<property>
					<name>Title</name>
					<value><![CDATA[log_button_off_a_2]]></value>
				</property>
				<property type="shared">
					<name>image.size</name>
					<value><![CDATA[w:50,h:20]]></value>
				</property>
			</properties>
			<relations/>
			<accesscontrol/>
		</file>
		<file>
			<source>system/workplace/resources/buttons/log_button_off_i_2.png</source>
			<destination>system/workplace/resources/buttons/log_button_off_i_2.png</destination>
			<type>image</type>
			<uuidstructure>43d62b13-5945-11e1-8ad4-e7aa6134161f</uuidstructure>
			<uuidresource>43d62b14-5945-11e1-8ad4-e7aa6134161f</uuidresource>
			<datecreated>Fri, 17 Feb 2012 08:56:22 GMT</datecreated>
			<flags>0</flags>
			<properties>
				<property>
					<name>Title</name>
					<value><![CDATA[log_button_off_i_2]]></value>
				</property>
				<property type="shared">
					<name>image.size</name>
					<value><![CDATA[w:50,h:20]]></value>
				</property>
			</properties>
			<relations/>
			<accesscontrol/>
		</file>
		<file>
			<source>system/workplace/resources/buttons/log_button_warn_a_2.png</source>
			<destination>system/workplace/resources/buttons/log_button_warn_a_2.png</destination>
			<type>image</type>
			<uuidstructure>43dae607-5945-11e1-8ad4-e7aa6134161f</uuidstructure>
			<uuidresource>43dae608-5945-11e1-8ad4-e7aa6134161f</uuidresource>
			<datecreated>Fri, 17 Feb 2012 08:56:22 GMT</datecreated>
			<flags>0</flags>
			<properties>
				<property>
					<name>Title</name>
					<value><![CDATA[log_button_warn_a_2]]></value>
				</property>
				<property type="shared">
					<name>image.size</name>
					<value><![CDATA[w:50,h:20]]></value>
				</property>
			</properties>
			<relations/>
			<accesscontrol/>
		</file>
		<file>
			<source>system/workplace/resources/buttons/log_button_warn_i_2.png</source>
			<destination>system/workplace/resources/buttons/log_button_warn_i_2.png</destination>
			<type>image</type>
			<uuidstructure>43dfa0fb-5945-11e1-8ad4-e7aa6134161f</uuidstructure>
			<uuidresource>43dfa0fc-5945-11e1-8ad4-e7aa6134161f</uuidresource>
			<datecreated>Fri, 17 Feb 2012 08:56:22 GMT</datecreated>
			<flags>0</flags>
			<properties>
				<property>
					<name>Title</name>
					<value><![CDATA[log_button_warn_i_2]]></value>
				</property>
				<property type="shared">
					<name>image.size</name>
					<value><![CDATA[w:50,h:20]]></value>
				</property>
			</properties>
			<relations/>
			<accesscontrol/>
		</file>
		<file>
			<destination>system/workplace/resources/tools</destination>
			<type>folder</type>
			<properties/>
		</file>
		<file>
			<destination>system/workplace/resources/tools/workplace</destination>
			<type>folder</type>
			<properties/>
		</file>
		<file>
			<destination>system/workplace/resources/tools/workplace/buttons</destination>
			<type>folder</type>
			<properties/>
		</file>
		<file>
			<source>system/workplace/resources/tools/workplace/buttons/message_notpending.png</source>
			<destination>system/workplace/resources/tools/workplace/buttons/message_notpending.png</destination>
			<type>image</type>
			<uuidstructure>c3ad8e31-11b7-11db-91cd-fdbae480bac9</uuidstructure>
			<uuidresource>131da793-dd9b-11d9-a3c8-efaaea26ed93</uuidresource>
			<datecreated>Mon, 27 Jun 2005 08:00:00 GMT</datecreated>
			<flags>0</flags>
			<properties>
				<property type="shared">
					<name>image.size</name>
					<value><![CDATA[w:20,h:20]]></value>
				</property>
			</properties>
			<relations/>
			<accesscontrol/>
		</file>
		<file>
			<source>system/workplace/resources/tools/workplace/buttons/message_pending.png</source>
			<destination>system/workplace/resources/tools/workplace/buttons/message_pending.png</destination>
			<type>image</type>
			<uuidstructure>c3ad8e33-11b7-11db-91cd-fdbae480bac9</uuidstructure>
			<uuidresource>132e7076-dd9b-11d9-a3c8-efaaea26ed93</uuidresource>
			<datecreated>Mon, 27 Jun 2005 08:00:00 GMT</datecreated>
			<flags>0</flags>
			<properties>
				<property type="shared">
					<name>image.size</name>
					<value><![CDATA[w:20,h:20]]></value>
				</property>
			</properties>
			<relations/>
			<accesscontrol/>
		</file>
		<file>
			<source>system/workplace/resources/tools/workplace/buttons/multi_send_email.png</source>
			<destination>system/workplace/resources/tools/workplace/buttons/multi_send_email.png</destination>
			<type>image</type>
			<uuidstructure>c3b27036-11b7-11db-91cd-fdbae480bac9</uuidstructure>
			<uuidresource>f9bf7eab-dda1-11d9-8944-efaaea26ed93</uuidresource>
			<datecreated>Mon, 27 Jun 2005 08:00:00 GMT</datecreated>
			<flags>0</flags>
			<properties>
				<property type="shared">
					<name>image.size</name>
					<value><![CDATA[w:20,h:20]]></value>
				</property>
			</properties>
			<relations/>
			<accesscontrol/>
		</file>
		<file>
			<source>system/workplace/resources/tools/workplace/buttons/multi_send_message.png</source>
			<destination>system/workplace/resources/tools/workplace/buttons/multi_send_message.png</destination>
			<type>image</type>
			<uuidstructure>c3b4ba29-11b7-11db-91cd-fdbae480bac9</uuidstructure>
			<uuidresource>13332b69-dd9b-11d9-a3c8-efaaea26ed93</uuidresource>
			<datecreated>Mon, 27 Jun 2005 08:00:00 GMT</datecreated>
			<flags>0</flags>
			<properties>
				<property type="shared">
					<name>image.size</name>
					<value><![CDATA[w:20,h:20]]></value>
				</property>
			</properties>
			<relations/>
			<accesscontrol/>
		</file>
		<file>
			<source>system/workplace/resources/tools/workplace/buttons/send_message.png</source>
			<destination>system/workplace/resources/tools/workplace/buttons/send_message.png</destination>
			<type>image</type>
			<uuidstructure>c3b72b2c-11b7-11db-91cd-fdbae480bac9</uuidstructure>
			<uuidresource>133a575c-dd9b-11d9-a3c8-efaaea26ed93</uuidresource>
			<datecreated>Mon, 27 Jun 2005 08:00:00 GMT</datecreated>
			<flags>0</flags>
			<properties>
				<property type="shared">
					<name>image.size</name>
					<value><![CDATA[w:20,h:20]]></value>
				</property>
			</properties>
			<relations/>
			<accesscontrol/>
		</file>
		<file>
			<destination>system/workplace/resources/tools/workplace/icons</destination>
			<type>folder</type>
			<properties/>
		</file>
		<file>
			<destination>system/workplace/resources/tools/workplace/icons/big</destination>
			<type>folder</type>
			<properties/>
		</file>
		<file>
			<source>system/workplace/resources/tools/workplace/icons/big/fileview_download.png</source>
			<destination>system/workplace/resources/tools/workplace/icons/big/fileview_download.png</destination>
			<type>image</type>
			<uuidstructure>c3be5726-11b7-11db-91cd-fdbae480bac9</uuidstructure>
			<uuidresource>ac6c315c-d9c0-11d9-a124-ef342b994563</uuidresource>
			<datecreated>Mon, 27 Jun 2005 08:00:00 GMT</datecreated>
			<flags>0</flags>
			<properties>
				<property type="shared">
					<name>image.size</name>
					<value><![CDATA[w:32,h:32]]></value>
				</property>
			</properties>
			<relations/>
			<accesscontrol/>
		</file>
		<file>
			<source>system/workplace/resources/tools/workplace/icons/big/fileview_settings.png</source>
			<destination>system/workplace/resources/tools/workplace/icons/big/fileview_settings.png</destination>
			<type>image</type>
			<uuidstructure>c3c0a119-11b7-11db-91cd-fdbae480bac9</uuidstructure>
			<uuidresource>ac81b52f-d9c0-11d9-a124-ef342b994563</uuidresource>
			<datecreated>Mon, 27 Jun 2005 08:00:00 GMT</datecreated>
			<flags>0</flags>
			<properties>
				<property type="shared">
					<name>image.size</name>
					<value><![CDATA[w:32,h:32]]></value>
				</property>
			</properties>
			<relations/>
			<accesscontrol/>
		</file>
		<file>
			<source>system/workplace/resources/tools/workplace/icons/big/fileview_view.png</source>
			<destination>system/workplace/resources/tools/workplace/icons/big/fileview_view.png</destination>
			<type>image</type>
			<uuidstructure>c3c3121c-11b7-11db-91cd-fdbae480bac9</uuidstructure>
			<uuidresource>ac925702-d9c0-11d9-a124-ef342b994563</uuidresource>
			<datecreated>Mon, 27 Jun 2005 08:00:00 GMT</datecreated>
			<flags>0</flags>
			<properties>
				<property type="shared">
					<name>image.size</name>
					<value><![CDATA[w:32,h:32]]></value>
				</property>
			</properties>
			<relations/>
			<accesscontrol/>
		</file>
		<file>
			<source>system/workplace/resources/tools/workplace/icons/big/folder_refresh.png</source>
			<destination>system/workplace/resources/tools/workplace/icons/big/folder_refresh.png</destination>
			<type>image</type>
			<uuidstructure>c3bbe623-11b7-11db-91cd-fdbae480bac9</uuidstructure>
			<uuidresource>4c671ad2-d8c6-11d9-98f8-516c3c2775b1</uuidresource>
			<datecreated>Mon, 27 Jun 2005 08:00:00 GMT</datecreated>
			<flags>0</flags>
			<properties>
				<property type="shared">
					<name>image.size</name>
					<value><![CDATA[w:32,h:32]]></value>
				</property>
			</properties>
			<relations/>
			<accesscontrol/>
		</file>
		<file>
			<source>system/workplace/resources/tools/workplace/icons/big/log_preferences.png</source>
			<destination>system/workplace/resources/tools/workplace/icons/big/log_preferences.png</destination>
			<type>image</type>
			<uuidstructure>49195b5c-5346-11e1-ba8f-e7aa6134161f</uuidstructure>
			<uuidresource>49195b5d-5346-11e1-ba8f-e7aa6134161f</uuidresource>
			<datecreated>Thu, 09 Feb 2012 11:28:49 GMT</datecreated>
			<flags>0</flags>
			<properties>
				<property>
					<name>Title</name>
					<value><![CDATA[log_preferences]]></value>
				</property>
				<property type="shared">
					<name>image.size</name>
					<value><![CDATA[w:32,h:32]]></value>
				</property>
			</properties>
			<relations/>
			<accesscontrol/>
		</file>
		<file>
			<source>system/workplace/resources/tools/workplace/icons/big/send_email.png</source>
			<destination>system/workplace/resources/tools/workplace/icons/big/send_email.png</destination>
			<type>image</type>
			<uuidstructure>c3c5831f-11b7-11db-91cd-fdbae480bac9</uuidstructure>
			<uuidresource>f472b3cb-dd9a-11d9-a3c8-efaaea26ed93</uuidresource>
			<datecreated>Mon, 27 Jun 2005 08:00:00 GMT</datecreated>
			<flags>0</flags>
			<properties>
				<property type="shared">
					<name>image.size</name>
					<value><![CDATA[w:32,h:32]]></value>
				</property>
			</properties>
			<relations/>
			<accesscontrol/>
		</file>
		<file>
			<source>system/workplace/resources/tools/workplace/icons/big/send_email_groups.png</source>
			<destination>system/workplace/resources/tools/workplace/icons/big/send_email_groups.png</destination>
			<type>image</type>
			<uuidstructure>f5c99041-c263-11db-882a-d1e27da85d64</uuidstructure>
			<uuidresource>f5c99042-c263-11db-882a-d1e27da85d64</uuidresource>
			<datecreated>Thu, 22 Feb 2007 11:00:51 GMT</datecreated>
			<flags>0</flags>
			<properties>
				<property type="shared">
					<name>image.size</name>
					<value><![CDATA[w:32,h:32]]></value>
				</property>
			</properties>
			<relations/>
			<accesscontrol/>
		</file>
		<file>
			<source>system/workplace/resources/tools/workplace/icons/big/send_message.png</source>
			<destination>system/workplace/resources/tools/workplace/icons/big/send_message.png</destination>
			<type>image</type>
			<uuidstructure>c3ca3e12-11b7-11db-91cd-fdbae480bac9</uuidstructure>
			<uuidresource>29d29fbb-dda2-11d9-8944-efaaea26ed93</uuidresource>
			<datecreated>Mon, 27 Jun 2005 08:00:00 GMT</datecreated>
			<flags>0</flags>
			<properties>
				<property type="shared">
					<name>image.size</name>
					<value><![CDATA[w:32,h:32]]></value>
				</property>
			</properties>
			<relations/>
			<accesscontrol/>
		</file>
		<file>
			<source>system/workplace/resources/tools/workplace/icons/big/send_popup_groups.png</source>
			<destination>system/workplace/resources/tools/workplace/icons/big/send_popup_groups.png</destination>
			<type>image</type>
			<uuidstructure>5b9c43d8-c288-11db-92ef-d1e27da85d64</uuidstructure>
			<uuidresource>5b9c43d9-c288-11db-92ef-d1e27da85d64</uuidresource>
			<datecreated>Thu, 22 Feb 2007 15:21:24 GMT</datecreated>
			<flags>0</flags>
			<properties>
				<property type="shared">
					<name>image.size</name>
					<value><![CDATA[w:32,h:32]]></value>
				</property>
			</properties>
			<relations/>
			<accesscontrol/>
		</file>
		<file>
			<source>system/workplace/resources/tools/workplace/icons/big/workplace.png</source>
			<destination>system/workplace/resources/tools/workplace/icons/big/workplace.png</destination>
			<type>image</type>
			<uuidstructure>c3ca3e15-11b7-11db-91cd-fdbae480bac9</uuidstructure>
			<uuidresource>84a0786c-d8f0-11d9-9822-ef342b994563</uuidresource>
			<datecreated>Mon, 27 Jun 2005 08:00:00 GMT</datecreated>
			<flags>0</flags>
			<properties>
				<property type="shared">
					<name>image.size</name>
					<value><![CDATA[w:32,h:32]]></value>
				</property>
			</properties>
			<relations/>
			<accesscontrol/>
		</file>
		<file>
			<source>system/workplace/resources/tools/workplace/icons/big/workplace_broadcast.png</source>
			<destination>system/workplace/resources/tools/workplace/icons/big/workplace_broadcast.png</destination>
			<type>image</type>
			<uuidstructure>c3cc8808-11b7-11db-91cd-fdbae480bac9</uuidstructure>
			<uuidresource>f49b235e-dd9a-11d9-a3c8-efaaea26ed93</uuidresource>
			<datecreated>Mon, 27 Jun 2005 08:00:00 GMT</datecreated>
			<flags>0</flags>
			<properties>
				<property type="shared">
					<name>image.size</name>
					<value><![CDATA[w:32,h:32]]></value>
				</property>
			</properties>
			<relations/>
			<accesscontrol/>
		</file>
		<file>
			<source>system/workplace/resources/tools/workplace/icons/big/workplace_loginmessage.png</source>
			<destination>system/workplace/resources/tools/workplace/icons/big/workplace_loginmessage.png</destination>
			<type>image</type>
			<uuidstructure>c3d16a0b-11b7-11db-91cd-fdbae480bac9</uuidstructure>
			<uuidresource>b1e13a59-d730-11d9-b767-0d179596440c</uuidresource>
			<datecreated>Mon, 27 Jun 2005 08:00:00 GMT</datecreated>
			<flags>0</flags>
			<properties>
				<property type="shared">
					<name>image.size</name>
					<value><![CDATA[w:32,h:32]]></value>
				</property>
			</properties>
			<relations/>
			<accesscontrol/>
		</file>
		<file>
			<source>system/workplace/resources/tools/workplace/icons/big/workplace_reload.png</source>
			<destination>system/workplace/resources/tools/workplace/icons/big/workplace_reload.png</destination>
			<type>image</type>
			<uuidstructure>c3d3b3fe-11b7-11db-91cd-fdbae480bac9</uuidstructure>
			<uuidresource>84b11a43-d8f0-11d9-9822-ef342b994563</uuidresource>
			<datecreated>Mon, 27 Jun 2005 08:00:00 GMT</datecreated>
			<flags>0</flags>
			<properties>
				<property type="shared">
					<name>image.size</name>
					<value><![CDATA[w:32,h:32]]></value>
				</property>
			</properties>
			<relations/>
			<accesscontrol/>
		</file>
		<file>
			<destination>system/workplace/resources/tools/workplace/icons/small</destination>
			<type>folder</type>
			<properties/>
		</file>
		<file>
			<source>system/workplace/resources/tools/workplace/icons/small/workplace.png</source>
			<destination>system/workplace/resources/tools/workplace/icons/small/workplace.png</destination>
			<type>image</type>
			<uuidstructure>c3df99e3-11b7-11db-91cd-fdbae480bac9</uuidstructure>
			<uuidresource>84c1e32a-d8f0-11d9-9822-ef342b994563</uuidresource>
			<datecreated>Mon, 27 Jun 2005 08:00:00 GMT</datecreated>
			<flags>0</flags>
			<properties>
				<property type="shared">
					<name>image.size</name>
					<value><![CDATA[w:20,h:20]]></value>
				</property>
			</properties>
			<relations/>
			<accesscontrol/>
		</file>
	</files>
</export>