<?xml version="1.0" encoding="UTF-8"?>

<ApolloSections xmlns:xsi="http://www.w3.org/2001/XMLSchema-instance" xsi:noNamespaceSchemaLocation="opencms://system/modules/org.opencms.apollo.template.schemas/schemas/section.xsd">
  <ApolloSection language="en">
    <Headline><![CDATA[OpenCms Beginners Tutorial]]></Headline>
    <Text name="Text0">
      <links/>
      <content><![CDATA[<p>Click here for a guided tour that explains&nbsp;in 6 simple steps how to edit content, create pages and work with OpenCms. Also contains information about how to login. This is a good introduction if&nbsp;you are new to OpenCms.</p>]]></content>
    </Text>
    <Link>
      <Text><![CDATA[Tutorial]]></Text>
      <URI>
        <link internal="true" type="WEAK">
          <target><![CDATA[/sites/default/tutorial/]]></target>
          <uuid>e46f947b-6100-11e5-9eef-0242ac11002b</uuid>
        </link>
      </URI>
    </Link>
    <GalleryTitle><![CDATA[%(page_title)%(no_prefix:: )%(value:Headline)]]></GalleryTitle>
  </ApolloSection>
</ApolloSections>
