<?xml version="1.0" encoding="UTF-8"?>

<ApolloSections xmlns:xsi="http://www.w3.org/2001/XMLSchema-instance" xsi:noNamespaceSchemaLocation="opencms://system/modules/org.opencms.apollo.template.schemas/schemas/section.xsd">
  <ApolloSection language="en">
    <Headline><![CDATA[Release Notes]]></Headline>
    <Text name="Text0">
      <links/>
      <content><![CDATA[<p>Detailed information about new features and improvements in this OpenCms release.</p>]]></content>
    </Text>
    <Link>
      <Text><![CDATA[Release Notes]]></Text>
      <URI>
        <link internal="true" type="WEAK">
          <target><![CDATA[/sites/default/release/]]></target>
          <uuid>b7e67102-6049-11e5-9199-0242ac11002b</uuid>
        </link>
      </URI>
    </Link>
  </ApolloSection>
</ApolloSections>
