<?xml version="1.0" encoding="UTF-8"?>

<export>
	<info>
		<infoproject>Offline</infoproject>
		<export_version>10</export_version>
	</info>
	<module>
		<name>org.opencms.apollo.template.formatters</name>
		<nicename><![CDATA[Apollo Template Formatters]]></nicename>
		<group>Apollo Template</group>
		<class/>
		<import-site>/sites/default/</import-site>
		<export-mode name="reduced"/>
		<description><![CDATA[The OpenCms 10 Apollo template and formatters.]]></description>
		<version>10.0.1</version>
		<authorname><![CDATA[Alkacon Software GmbH]]></authorname>
		<authoremail/>
		<datecreated/>
		<userinstalled/>
		<dateinstalled/>
		<dependencies>
			<dependency name="org.opencms.apollo.template.basics" version="10.0.0"/>
			<dependency name="org.opencms.apollo.template.schemas" version="10.0.0"/>
		</dependencies>
		<exportpoints>
			<exportpoint uri="/system/modules/org.opencms.apollo.template.schemas/lib/" destination="WEB-INF/lib/"/>
			<exportpoint uri="/system/modules/org.opencms.apollo.template.formatters/tags/" destination="WEB-INF/tags/apollo/"/>
		</exportpoints>
		<resources>
			<resource uri="/system/modules/org.opencms.apollo.template.formatters/"/>
			<resource uri="/.formatters/"/>
		</resources>
		<excluderesources/>
		<parameters>
			<param name="imageenlarge-gallery">true</param>
		</parameters>
	</module>
	<files>
		<file>
			<destination>.formatters</destination>
			<type>folder</type>
			<uuidstructure>eb523bdb-ee99-11e5-a02c-0242ac11002b</uuidstructure>
			<datecreated>Sun, 20 Mar 2016 12:47:35 GMT</datecreated>
			<flags>0</flags>
			<properties>
				<property>
					<name>Title</name>
					<value><![CDATA[Site formatters]]></value>
				</property>
			</properties>
			<relations/>
			<accesscontrol>
				<accessentry>
					<uuidprincipal>ROLE.DEVELOPER</uuidprincipal>
					<flags>514</flags>
					<permissionset>
						<allowed>7</allowed>
						<denied>0</denied>
					</permissionset>
				</accessentry>
				<accessentry>
					<uuidprincipal>GROUP.Users</uuidprincipal>
					<flags>38</flags>
					<permissionset>
						<allowed>5</allowed>
						<denied>0</denied>
					</permissionset>
				</accessentry>
			</accesscontrol>
		</file>
		<file>
			<source>.formatters/section-head-image-text.xml</source>
			<destination>.formatters/section-head-image-text.xml</destination>
			<type>macro_formatter</type>
			<uuidstructure>c6236d09-eec0-11e5-a02c-0242ac11002b</uuidstructure>
			<uuidresource>c6236d0a-eec0-11e5-a02c-0242ac11002b</uuidresource>
			<datecreated>Sun, 20 Mar 2016 17:25:43 GMT</datecreated>
			<flags>0</flags>
			<properties>
				<property>
					<name>Title</name>
					<value><![CDATA[Headline, image and text]]></value>
				</property>
				<property>
					<name>cache</name>
					<value><![CDATA[container-element;locale;uri]]></value>
				</property>
				<property>
					<name>locale</name>
					<value><![CDATA[en]]></value>
				</property>
				<property>
					<name>locale-available</name>
					<value><![CDATA[en]]></value>
				</property>
				<property>
					<name>search.exclude</name>
					<value><![CDATA[all]]></value>
				</property>
			</properties>
			<relations/>
			<accesscontrol/>
		</file>
		<file>
			<source>.formatters/section-head-left-big-image-right.xml</source>
			<destination>.formatters/section-head-left-big-image-right.xml</destination>
			<type>macro_formatter</type>
			<uuidstructure>446b9966-eb88-11e5-854f-0242ac11002b</uuidstructure>
			<uuidresource>446b9967-eb88-11e5-854f-0242ac11002b</uuidresource>
			<datecreated>Wed, 16 Mar 2016 15:03:40 GMT</datecreated>
			<flags>0</flags>
			<properties>
				<property>
					<name>Title</name>
					<value><![CDATA[Headline left, big image right]]></value>
				</property>
				<property>
					<name>cache</name>
					<value><![CDATA[container-element;locale;uri]]></value>
				</property>
				<property>
					<name>locale</name>
					<value><![CDATA[en]]></value>
				</property>
				<property>
					<name>locale-available</name>
					<value><![CDATA[en]]></value>
				</property>
				<property>
					<name>search.exclude</name>
					<value><![CDATA[all]]></value>
				</property>
			</properties>
			<relations/>
			<accesscontrol/>
		</file>
		<file>
			<source>.formatters/section-head-left-small-image-right.xml</source>
			<destination>.formatters/section-head-left-small-image-right.xml</destination>
			<type>macro_formatter</type>
			<uuidstructure>0f86adfc-ec63-11e5-af37-0242ac11002b</uuidstructure>
			<uuidresource>0f86adfd-ec63-11e5-af37-0242ac11002b</uuidresource>
			<datecreated>Thu, 17 Mar 2016 17:09:51 GMT</datecreated>
			<flags>0</flags>
			<properties>
				<property>
					<name>Title</name>
					<value><![CDATA[Headline left, small image right]]></value>
				</property>
				<property>
					<name>cache</name>
					<value><![CDATA[container-element;locale;uri]]></value>
				</property>
				<property>
					<name>locale</name>
					<value><![CDATA[en]]></value>
				</property>
				<property>
					<name>locale-available</name>
					<value><![CDATA[en]]></value>
				</property>
				<property>
					<name>search.exclude</name>
					<value><![CDATA[all]]></value>
				</property>
			</properties>
			<relations/>
			<accesscontrol/>
		</file>
		<file>
			<source>.formatters/section-head-only.xml</source>
			<destination>.formatters/section-head-only.xml</destination>
			<type>macro_formatter</type>
			<uuidstructure>631ccfde-ee8d-11e5-a02c-0242ac11002b</uuidstructure>
			<uuidresource>631ccfdf-ee8d-11e5-a02c-0242ac11002b</uuidresource>
			<datecreated>Sun, 20 Mar 2016 11:17:52 GMT</datecreated>
			<flags>0</flags>
			<properties>
				<property>
					<name>Title</name>
					<value><![CDATA[Headline only]]></value>
				</property>
				<property>
					<name>cache</name>
					<value><![CDATA[container-element;locale;uri]]></value>
				</property>
				<property>
					<name>locale</name>
					<value><![CDATA[en]]></value>
				</property>
				<property>
					<name>locale-available</name>
					<value><![CDATA[en]]></value>
				</property>
				<property>
					<name>search.exclude</name>
					<value><![CDATA[all]]></value>
				</property>
			</properties>
			<relations/>
			<accesscontrol/>
		</file>
		<file>
			<source>.formatters/section-head-right-big-image-left.xml</source>
			<destination>.formatters/section-head-right-big-image-left.xml</destination>
			<type>macro_formatter</type>
			<uuidstructure>57e72830-eb86-11e5-854f-0242ac11002b</uuidstructure>
			<uuidresource>57e72831-eb86-11e5-854f-0242ac11002b</uuidresource>
			<datecreated>Wed, 16 Mar 2016 14:49:53 GMT</datecreated>
			<flags>0</flags>
			<properties>
				<property>
					<name>Title</name>
					<value><![CDATA[Headline right, big image left]]></value>
				</property>
				<property>
					<name>cache</name>
					<value><![CDATA[container-element;locale;uri]]></value>
				</property>
				<property>
					<name>locale</name>
					<value><![CDATA[en]]></value>
				</property>
				<property>
					<name>locale-available</name>
					<value><![CDATA[en]]></value>
				</property>
				<property>
					<name>search.exclude</name>
					<value><![CDATA[all]]></value>
				</property>
			</properties>
			<relations/>
			<accesscontrol/>
		</file>
		<file>
			<source>.formatters/section-head-right-small-image-left.xml</source>
			<destination>.formatters/section-head-right-small-image-left.xml</destination>
			<type>macro_formatter</type>
			<uuidstructure>01b64d76-ec63-11e5-af37-0242ac11002b</uuidstructure>
			<uuidresource>01b64d77-ec63-11e5-af37-0242ac11002b</uuidresource>
			<datecreated>Thu, 17 Mar 2016 17:09:27 GMT</datecreated>
			<flags>0</flags>
			<properties>
				<property>
					<name>Title</name>
					<value><![CDATA[Headline right, small image left]]></value>
				</property>
				<property>
					<name>cache</name>
					<value><![CDATA[container-element;locale;uri]]></value>
				</property>
				<property>
					<name>locale</name>
					<value><![CDATA[en]]></value>
				</property>
				<property>
					<name>locale-available</name>
					<value><![CDATA[en]]></value>
				</property>
				<property>
					<name>search.exclude</name>
					<value><![CDATA[all]]></value>
				</property>
			</properties>
			<relations/>
			<accesscontrol/>
		</file>
		<file>
			<source>.formatters/section-head-text-image.xml</source>
			<destination>.formatters/section-head-text-image.xml</destination>
			<type>macro_formatter</type>
			<uuidstructure>972390c3-eec0-11e5-a02c-0242ac11002b</uuidstructure>
			<uuidresource>972390c4-eec0-11e5-a02c-0242ac11002b</uuidresource>
			<datecreated>Sun, 20 Mar 2016 17:24:24 GMT</datecreated>
			<flags>0</flags>
			<properties>
				<property>
					<name>Title</name>
					<value><![CDATA[Headline, text and image]]></value>
				</property>
				<property>
					<name>cache</name>
					<value><![CDATA[container-element;locale;uri]]></value>
				</property>
				<property>
					<name>locale</name>
					<value><![CDATA[en]]></value>
				</property>
				<property>
					<name>locale-available</name>
					<value><![CDATA[en]]></value>
				</property>
				<property>
					<name>search.exclude</name>
					<value><![CDATA[all]]></value>
				</property>
			</properties>
			<relations/>
			<accesscontrol/>
		</file>
		<file>
			<source>.formatters/section-head-text.xml</source>
			<destination>.formatters/section-head-text.xml</destination>
			<type>macro_formatter</type>
			<uuidstructure>549e54ad-ec1c-11e5-854f-0242ac11002b</uuidstructure>
			<uuidresource>549e54ae-ec1c-11e5-854f-0242ac11002b</uuidresource>
			<datecreated>Thu, 17 Mar 2016 08:43:32 GMT</datecreated>
			<flags>0</flags>
			<properties>
				<property>
					<name>Title</name>
					<value><![CDATA[Headline and text only]]></value>
				</property>
				<property>
					<name>cache</name>
					<value><![CDATA[container-element;locale;uri]]></value>
				</property>
				<property>
					<name>locale</name>
					<value><![CDATA[en]]></value>
				</property>
				<property>
					<name>locale-available</name>
					<value><![CDATA[en]]></value>
				</property>
				<property>
					<name>search.exclude</name>
					<value><![CDATA[all]]></value>
				</property>
			</properties>
			<relations/>
			<accesscontrol/>
		</file>
		<file>
			<source>.formatters/section-head-top-big-image-left.xml</source>
			<destination>.formatters/section-head-top-big-image-left.xml</destination>
			<type>macro_formatter</type>
			<uuidstructure>14879c44-eb79-11e5-854f-0242ac11002b</uuidstructure>
			<uuidresource>14879c45-eb79-11e5-854f-0242ac11002b</uuidresource>
			<datecreated>Wed, 16 Mar 2016 13:14:57 GMT</datecreated>
			<flags>0</flags>
			<properties>
				<property>
					<name>Title</name>
					<value><![CDATA[Headline on top, big image left]]></value>
				</property>
				<property>
					<name>cache</name>
					<value><![CDATA[container-element;locale;uri]]></value>
				</property>
				<property>
					<name>locale</name>
					<value><![CDATA[en]]></value>
				</property>
				<property>
					<name>locale-available</name>
					<value><![CDATA[en]]></value>
				</property>
				<property>
					<name>search.exclude</name>
					<value><![CDATA[all]]></value>
				</property>
			</properties>
			<relations/>
			<accesscontrol/>
		</file>
		<file>
			<source>.formatters/section-head-top-big-image-right.xml</source>
			<destination>.formatters/section-head-top-big-image-right.xml</destination>
			<type>macro_formatter</type>
			<uuidstructure>cc12067a-eb81-11e5-854f-0242ac11002b</uuidstructure>
			<uuidresource>cc12067b-eb81-11e5-854f-0242ac11002b</uuidresource>
			<datecreated>Wed, 16 Mar 2016 14:17:21 GMT</datecreated>
			<flags>0</flags>
			<properties>
				<property>
					<name>Title</name>
					<value><![CDATA[Headline on top, big image right]]></value>
				</property>
				<property>
					<name>cache</name>
					<value><![CDATA[container-element;locale;uri]]></value>
				</property>
				<property>
					<name>locale</name>
					<value><![CDATA[en]]></value>
				</property>
				<property>
					<name>locale-available</name>
					<value><![CDATA[en]]></value>
				</property>
				<property>
					<name>search.exclude</name>
					<value><![CDATA[all]]></value>
				</property>
			</properties>
			<relations/>
			<accesscontrol/>
		</file>
		<file>
			<source>.formatters/section-head-top-small-image-left.xml</source>
			<destination>.formatters/section-head-top-small-image-left.xml</destination>
			<type>macro_formatter</type>
			<uuidstructure>38096d36-ec62-11e5-af37-0242ac11002b</uuidstructure>
			<uuidresource>38096d37-ec62-11e5-af37-0242ac11002b</uuidresource>
			<datecreated>Thu, 17 Mar 2016 17:03:49 GMT</datecreated>
			<flags>0</flags>
			<properties>
				<property>
					<name>Title</name>
					<value><![CDATA[Headline on top, small image left]]></value>
				</property>
				<property>
					<name>cache</name>
					<value><![CDATA[container-element;locale;uri]]></value>
				</property>
				<property>
					<name>locale</name>
					<value><![CDATA[en]]></value>
				</property>
				<property>
					<name>locale-available</name>
					<value><![CDATA[en]]></value>
				</property>
				<property>
					<name>search.exclude</name>
					<value><![CDATA[all]]></value>
				</property>
			</properties>
			<relations/>
			<accesscontrol/>
		</file>
		<file>
			<source>.formatters/section-head-top-small-image-right.xml</source>
			<destination>.formatters/section-head-top-small-image-right.xml</destination>
			<type>macro_formatter</type>
			<uuidstructure>849c167c-ec62-11e5-af37-0242ac11002b</uuidstructure>
			<uuidresource>849c167d-ec62-11e5-af37-0242ac11002b</uuidresource>
			<datecreated>Thu, 17 Mar 2016 17:05:58 GMT</datecreated>
			<flags>0</flags>
			<properties>
				<property>
					<name>Title</name>
					<value><![CDATA[Headline on top, small image right]]></value>
				</property>
				<property>
					<name>cache</name>
					<value><![CDATA[container-element;locale;uri]]></value>
				</property>
				<property>
					<name>locale</name>
					<value><![CDATA[en]]></value>
				</property>
				<property>
					<name>locale-available</name>
					<value><![CDATA[en]]></value>
				</property>
				<property>
					<name>search.exclude</name>
					<value><![CDATA[all]]></value>
				</property>
			</properties>
			<relations/>
			<accesscontrol/>
		</file>
		<file>
			<source>.formatters/section-image-only.xml</source>
			<destination>.formatters/section-image-only.xml</destination>
			<type>macro_formatter</type>
			<uuidstructure>e41c23a6-eec7-11e5-a02c-0242ac11002b</uuidstructure>
			<uuidresource>e41c23a7-eec7-11e5-a02c-0242ac11002b</uuidresource>
			<datecreated>Sun, 20 Mar 2016 18:16:39 GMT</datecreated>
			<flags>0</flags>
			<properties>
				<property>
					<name>Title</name>
					<value><![CDATA[Image only]]></value>
				</property>
				<property>
					<name>cache</name>
					<value><![CDATA[container-element;locale;uri]]></value>
				</property>
				<property>
					<name>locale</name>
					<value><![CDATA[en]]></value>
				</property>
				<property>
					<name>locale-available</name>
					<value><![CDATA[en]]></value>
				</property>
				<property>
					<name>search.exclude</name>
					<value><![CDATA[all]]></value>
				</property>
			</properties>
			<relations/>
			<accesscontrol/>
		</file>
		<file>
			<source>.formatters/section-text-only.xml</source>
			<destination>.formatters/section-text-only.xml</destination>
			<type>macro_formatter</type>
			<uuidstructure>9a9bd408-ee86-11e5-a02c-0242ac11002b</uuidstructure>
			<uuidresource>9a9bd409-ee86-11e5-a02c-0242ac11002b</uuidresource>
			<datecreated>Sun, 20 Mar 2016 10:29:19 GMT</datecreated>
			<flags>0</flags>
			<properties>
				<property>
					<name>Title</name>
					<value><![CDATA[Text only]]></value>
				</property>
				<property>
					<name>cache</name>
					<value><![CDATA[container-element;locale;uri]]></value>
				</property>
				<property>
					<name>locale</name>
					<value><![CDATA[en]]></value>
				</property>
				<property>
					<name>locale-available</name>
					<value><![CDATA[en]]></value>
				</property>
				<property>
					<name>search.exclude</name>
					<value><![CDATA[all]]></value>
				</property>
			</properties>
			<relations/>
			<accesscontrol/>
		</file>
		<file>
			<destination>system</destination>
			<type>folder</type>
			<properties/>
		</file>
		<file>
			<destination>system/modules</destination>
			<type>folder</type>
			<properties/>
		</file>
		<file>
			<destination>system/modules/org.opencms.apollo.template.formatters</destination>
			<type>folder</type>
			<uuidstructure>258cd7aa-5157-11e5-abeb-0242ac11002b</uuidstructure>
			<datecreated>Wed, 02 Sep 2015 09:44:03 GMT</datecreated>
			<flags>0</flags>
			<properties/>
			<relations/>
			<accesscontrol/>
		</file>
		<file>
			<source>system/modules/org.opencms.apollo.template.formatters/.config</source>
			<destination>system/modules/org.opencms.apollo.template.formatters/.config</destination>
			<type>module_config</type>
			<uuidstructure>34189fea-515f-11e5-abeb-0242ac11002b</uuidstructure>
			<uuidresource>34189feb-515f-11e5-abeb-0242ac11002b</uuidresource>
			<datecreated>Wed, 02 Sep 2015 10:41:44 GMT</datecreated>
			<flags>0</flags>
			<properties>
				<property>
					<name>locale</name>
					<value><![CDATA[en]]></value>
				</property>
				<property>
					<name>locale-available</name>
					<value><![CDATA[en]]></value>
				</property>
				<property>
					<name>search.exclude</name>
					<value><![CDATA[all]]></value>
				</property>
			</properties>
			<relations/>
			<accesscontrol/>
		</file>
		<file>
			<destination>system/modules/org.opencms.apollo.template.formatters/elements</destination>
			<type>folder</type>
			<uuidstructure>25927cfe-5157-11e5-abeb-0242ac11002b</uuidstructure>
			<datecreated>Wed, 02 Sep 2015 09:44:03 GMT</datecreated>
			<flags>0</flags>
			<properties/>
			<relations/>
			<accesscontrol/>
		</file>
		<file>
			<source>system/modules/org.opencms.apollo.template.formatters/elements/copyright.jsp</source>
			<destination>system/modules/org.opencms.apollo.template.formatters/elements/copyright.jsp</destination>
			<type>jsp</type>
			<uuidstructure>fd92c207-89fe-11e5-a24e-0242ac11002b</uuidstructure>
			<uuidresource>fd92c208-89fe-11e5-a24e-0242ac11002b</uuidresource>
			<datecreated>Fri, 13 Nov 2015 12:06:37 GMT</datecreated>
			<flags>0</flags>
			<properties>
				<property type="shared">
					<name>export</name>
					<value><![CDATA[false]]></value>
				</property>
			</properties>
			<relations/>
			<accesscontrol/>
		</file>
		<file>
			<source>system/modules/org.opencms.apollo.template.formatters/elements/generate-random-content.jsp</source>
			<destination>system/modules/org.opencms.apollo.template.formatters/elements/generate-random-content.jsp</destination>
			<type>jsp</type>
			<uuidstructure>61017cab-6775-11e5-891f-0242ac11002b</uuidstructure>
			<uuidresource>61017cac-6775-11e5-891f-0242ac11002b</uuidresource>
			<datecreated>Wed, 30 Sep 2015 13:15:54 GMT</datecreated>
			<flags>0</flags>
			<properties>
				<property>
					<name>Title</name>
					<value><![CDATA[Generates a number of resources with random title]]></value>
				</property>
				<property type="shared">
					<name>export</name>
					<value><![CDATA[false]]></value>
				</property>
			</properties>
			<relations/>
			<accesscontrol/>
		</file>
		<file>
			<source>system/modules/org.opencms.apollo.template.formatters/elements/imagevariables.jsp</source>
			<destination>system/modules/org.opencms.apollo.template.formatters/elements/imagevariables.jsp</destination>
			<type>jsp</type>
			<uuidstructure>6d9929b8-9f5c-11e5-b3e7-0242ac11002b</uuidstructure>
			<uuidresource>6d9929b9-9f5c-11e5-b3e7-0242ac11002b</uuidresource>
			<datecreated>Thu, 10 Dec 2015 16:38:22 GMT</datecreated>
			<flags>0</flags>
			<properties>
				<property>
					<name>Title</name>
					<value><![CDATA[Sets variables for image formatters]]></value>
				</property>
				<property type="shared">
					<name>export</name>
					<value><![CDATA[false]]></value>
				</property>
			</properties>
			<relations/>
			<accesscontrol/>
		</file>
		<file>
			<source>system/modules/org.opencms.apollo.template.formatters/elements/list-dynamic-inner.jsp</source>
			<destination>system/modules/org.opencms.apollo.template.formatters/elements/list-dynamic-inner.jsp</destination>
			<type>jsp</type>
			<uuidstructure>bc2fedfd-76f9-11e5-904d-15b01ffdc6a6</uuidstructure>
			<uuidresource>bc2fedfe-76f9-11e5-904d-15b01ffdc6a6</uuidresource>
			<datecreated>Tue, 20 Oct 2015 07:11:08 GMT</datecreated>
			<flags>0</flags>
			<properties>
				<property>
					<name>Title</name>
					<value><![CDATA[Dynamic inner list]]></value>
				</property>
				<property type="shared">
					<name>export</name>
					<value><![CDATA[false]]></value>
				</property>
			</properties>
			<relations/>
			<accesscontrol/>
		</file>
		<file>
			<source>system/modules/org.opencms.apollo.template.formatters/elements/list-inner.jsp</source>
			<destination>system/modules/org.opencms.apollo.template.formatters/elements/list-inner.jsp</destination>
			<type>jsp</type>
			<uuidstructure>5ca5be42-5cff-11e5-96ab-0242ac11002b</uuidstructure>
			<uuidresource>5ca5be43-5cff-11e5-96ab-0242ac11002b</uuidresource>
			<datecreated>Thu, 17 Sep 2015 05:45:54 GMT</datecreated>
			<flags>0</flags>
			<properties>
				<property>
					<name>Title</name>
					<value><![CDATA[Inner List]]></value>
				</property>
				<property>
					<name>cache</name>
					<value><![CDATA[never]]></value>
				</property>
				<property type="shared">
					<name>export</name>
					<value><![CDATA[false]]></value>
				</property>
			</properties>
			<relations/>
			<accesscontrol/>
		</file>
		<file>
			<source>system/modules/org.opencms.apollo.template.formatters/elements/login.jsp</source>
			<destination>system/modules/org.opencms.apollo.template.formatters/elements/login.jsp</destination>
			<type>jsp</type>
			<uuidstructure>2e7c3a29-6063-11e5-9199-0242ac11002b</uuidstructure>
			<uuidresource>2e7c3a2a-6063-11e5-9199-0242ac11002b</uuidresource>
			<datecreated>Mon, 21 Sep 2015 13:18:00 GMT</datecreated>
			<flags>0</flags>
			<properties>
				<property>
					<name>Title</name>
					<value><![CDATA[Login element]]></value>
				</property>
				<property type="shared">
					<name>export</name>
					<value><![CDATA[false]]></value>
				</property>
			</properties>
			<relations/>
			<accesscontrol/>
		</file>
		<file>
			<source>system/modules/org.opencms.apollo.template.formatters/elements/nav-breadcrumb.jsp</source>
			<destination>system/modules/org.opencms.apollo.template.formatters/elements/nav-breadcrumb.jsp</destination>
			<type>jsp</type>
			<uuidstructure>f93dafe7-5606-11e5-b868-0242ac11002b</uuidstructure>
			<uuidresource>f93dafe8-5606-11e5-b868-0242ac11002b</uuidresource>
			<datecreated>Tue, 08 Sep 2015 08:52:45 GMT</datecreated>
			<flags>0</flags>
			<properties>
				<property>
					<name>Title</name>
					<value><![CDATA[Breadcrumb navigation]]></value>
				</property>
				<property>
					<name>cache</name>
					<value><![CDATA[uri;user;params=(startlevel)]]></value>
				</property>
				<property type="shared">
					<name>export</name>
					<value><![CDATA[false]]></value>
				</property>
			</properties>
			<relations/>
			<accesscontrol/>
		</file>
		<file>
			<source>system/modules/org.opencms.apollo.template.formatters/elements/nav-main.jsp</source>
			<destination>system/modules/org.opencms.apollo.template.formatters/elements/nav-main.jsp</destination>
			<type>jsp</type>
			<uuidstructure>f94e9fdc-5606-11e5-b868-0242ac11002b</uuidstructure>
			<uuidresource>f94e9fdd-5606-11e5-b868-0242ac11002b</uuidresource>
			<datecreated>Tue, 08 Sep 2015 08:52:45 GMT</datecreated>
			<flags>0</flags>
			<properties>
				<property>
					<name>Title</name>
					<value><![CDATA[Main navigation]]></value>
				</property>
				<property>
					<name>cache</name>
					<value><![CDATA[uri;user;params=(startlevel)]]></value>
				</property>
				<property type="shared">
					<name>export</name>
					<value><![CDATA[false]]></value>
				</property>
			</properties>
			<relations/>
			<accesscontrol/>
		</file>
		<file>
			<source>system/modules/org.opencms.apollo.template.formatters/elements/opencms-info.jsp</source>
			<destination>system/modules/org.opencms.apollo.template.formatters/elements/opencms-info.jsp</destination>
			<type>jsp</type>
			<uuidstructure>4a9ba033-6063-11e5-9199-0242ac11002b</uuidstructure>
			<uuidresource>4a9ba034-6063-11e5-9199-0242ac11002b</uuidresource>
			<datecreated>Mon, 21 Sep 2015 13:18:47 GMT</datecreated>
			<flags>0</flags>
			<properties>
				<property>
					<name>Title</name>
					<value><![CDATA[OpenCms Information element]]></value>
				</property>
				<property>
					<name>cache</name>
					<value><![CDATA[container-element;user]]></value>
				</property>
				<property type="shared">
					<name>export</name>
					<value><![CDATA[false]]></value>
				</property>
			</properties>
			<relations/>
			<accesscontrol/>
		</file>
		<file>
			<destination>system/modules/org.opencms.apollo.template.formatters/elements/list</destination>
			<type>folder</type>
			<uuidstructure>468effb2-7700-11e5-904d-15b01ffdc6a6</uuidstructure>
			<datecreated>Tue, 20 Oct 2015 07:57:57 GMT</datecreated>
			<flags>0</flags>
			<properties/>
			<relations/>
			<accesscontrol/>
		</file>
		<file>
			<source>system/modules/org.opencms.apollo.template.formatters/elements/list/items.jsp</source>
			<destination>system/modules/org.opencms.apollo.template.formatters/elements/list/items.jsp</destination>
			<type>jsp</type>
			<uuidstructure>b3767e91-7704-11e5-904d-15b01ffdc6a6</uuidstructure>
			<uuidresource>b3767e92-7704-11e5-904d-15b01ffdc6a6</uuidresource>
			<datecreated>Tue, 20 Oct 2015 08:29:37 GMT</datecreated>
			<flags>0</flags>
			<properties>
				<property type="shared">
					<name>export</name>
					<value><![CDATA[false]]></value>
				</property>
			</properties>
			<relations/>
			<accesscontrol/>
		</file>
		<file>
			<source>system/modules/org.opencms.apollo.template.formatters/elements/list/new.jsp</source>
			<destination>system/modules/org.opencms.apollo.template.formatters/elements/list/new.jsp</destination>
			<type>jsp</type>
			<uuidstructure>0aeecb5b-8a1b-11e5-a24e-0242ac11002b</uuidstructure>
			<uuidresource>0aeecb5c-8a1b-11e5-a24e-0242ac11002b</uuidresource>
			<datecreated>Fri, 13 Nov 2015 15:27:25 GMT</datecreated>
			<flags>0</flags>
			<properties>
				<property type="shared">
					<name>export</name>
					<value><![CDATA[false]]></value>
				</property>
			</properties>
			<relations/>
			<accesscontrol/>
		</file>
		<file>
			<source>system/modules/org.opencms.apollo.template.formatters/elements/list/options.jsp</source>
			<destination>system/modules/org.opencms.apollo.template.formatters/elements/list/options.jsp</destination>
			<type>jsp</type>
			<uuidstructure>50e6b434-7700-11e5-904d-15b01ffdc6a6</uuidstructure>
			<uuidresource>50e6b435-7700-11e5-904d-15b01ffdc6a6</uuidresource>
			<datecreated>Tue, 20 Oct 2015 07:58:14 GMT</datecreated>
			<flags>0</flags>
			<properties>
				<property type="shared">
					<name>export</name>
					<value><![CDATA[false]]></value>
				</property>
			</properties>
			<relations/>
			<accesscontrol/>
		</file>
		<file>
			<source>system/modules/org.opencms.apollo.template.formatters/elements/list/search-options.jsp</source>
			<destination>system/modules/org.opencms.apollo.template.formatters/elements/list/search-options.jsp</destination>
			<type>jsp</type>
			<uuidstructure>914d991e-8a1b-11e5-a24e-0242ac11002b</uuidstructure>
			<uuidresource>914d991f-8a1b-11e5-a24e-0242ac11002b</uuidresource>
			<datecreated>Fri, 13 Nov 2015 15:31:11 GMT</datecreated>
			<flags>0</flags>
			<properties>
				<property type="shared">
					<name>export</name>
					<value><![CDATA[false]]></value>
				</property>
			</properties>
			<relations/>
			<accesscontrol/>
		</file>
		<file>
			<destination>system/modules/org.opencms.apollo.template.formatters/formatters</destination>
			<type>folder</type>
			<uuidstructure>2593b580-5157-11e5-abeb-0242ac11002b</uuidstructure>
			<datecreated>Wed, 02 Sep 2015 09:44:03 GMT</datecreated>
			<flags>0</flags>
			<properties/>
			<relations/>
			<accesscontrol/>
		</file>
		<file>
			<source>system/modules/org.opencms.apollo.template.formatters/formatters/blog-complete.jsp</source>
			<destination>system/modules/org.opencms.apollo.template.formatters/formatters/blog-complete.jsp</destination>
			<type>jsp</type>
			<uuidstructure>fd062e7e-57c6-11e5-a989-0242ac11002b</uuidstructure>
			<uuidresource>fd062e7f-57c6-11e5-a989-0242ac11002b</uuidresource>
			<datecreated>Thu, 10 Sep 2015 14:19:46 GMT</datecreated>
			<flags>0</flags>
			<properties>
				<property>
					<name>Title</name>
					<value><![CDATA[Formatter JSP for complete blog article]]></value>
				</property>
				<property>
					<name>cache</name>
					<value><![CDATA[container-element;locale]]></value>
				</property>
				<property type="shared">
					<name>export</name>
					<value><![CDATA[false]]></value>
				</property>
			</properties>
			<relations/>
			<accesscontrol/>
		</file>
		<file>
			<source>system/modules/org.opencms.apollo.template.formatters/formatters/blog-complete.xml</source>
			<destination>system/modules/org.opencms.apollo.template.formatters/formatters/blog-complete.xml</destination>
			<type>formatter_config</type>
			<uuidstructure>fd0a7441-57c6-11e5-a989-0242ac11002b</uuidstructure>
			<uuidresource>fd0a7442-57c6-11e5-a989-0242ac11002b</uuidresource>
			<datecreated>Thu, 10 Sep 2015 14:19:46 GMT</datecreated>
			<flags>0</flags>
			<properties>
				<property>
					<name>Title</name>
					<value><![CDATA[Complete Blog Article]]></value>
				</property>
				<property>
					<name>locale</name>
					<value><![CDATA[en]]></value>
				</property>
				<property>
					<name>locale-available</name>
					<value><![CDATA[en]]></value>
				</property>
				<property>
					<name>search.exclude</name>
					<value><![CDATA[all]]></value>
				</property>
			</properties>
			<relations/>
			<accesscontrol/>
		</file>
		<file>
			<source>system/modules/org.opencms.apollo.template.formatters/formatters/blog-teaser-compact.jsp</source>
			<destination>system/modules/org.opencms.apollo.template.formatters/formatters/blog-teaser-compact.jsp</destination>
			<type>jsp</type>
			<uuidstructure>8ed4e94e-d64a-11e5-9ef3-0242ac11002b</uuidstructure>
			<uuidresource>8ed4e94f-d64a-11e5-9ef3-0242ac11002b</uuidresource>
			<datecreated>Thu, 18 Feb 2016 14:19:01 GMT</datecreated>
			<flags>0</flags>
			<properties>
				<property>
					<name>Title</name>
					<value><![CDATA[Formatter JSP for compact blog article teaser]]></value>
				</property>
				<property>
					<name>cache</name>
					<value><![CDATA[container-element;locale;params]]></value>
				</property>
				<property type="shared">
					<name>export</name>
					<value><![CDATA[false]]></value>
				</property>
				<property>
					<name>list.type</name>
					<value><![CDATA[a-blog]]></value>
				</property>
			</properties>
			<relations/>
			<accesscontrol/>
		</file>
		<file>
			<source>system/modules/org.opencms.apollo.template.formatters/formatters/blog-teaser-compact.xml</source>
			<destination>system/modules/org.opencms.apollo.template.formatters/formatters/blog-teaser-compact.xml</destination>
			<type>formatter_config</type>
			<uuidstructure>da8fa924-d64a-11e5-9ef3-0242ac11002b</uuidstructure>
			<uuidresource>da8fa925-d64a-11e5-9ef3-0242ac11002b</uuidresource>
			<datecreated>Thu, 18 Feb 2016 14:21:08 GMT</datecreated>
			<flags>0</flags>
			<properties>
				<property>
					<name>Title</name>
					<value><![CDATA[Compact Blog Article teaser]]></value>
				</property>
				<property>
					<name>locale</name>
					<value><![CDATA[en]]></value>
				</property>
				<property>
					<name>locale-available</name>
					<value><![CDATA[en]]></value>
				</property>
				<property>
					<name>search.exclude</name>
					<value><![CDATA[all]]></value>
				</property>
			</properties>
			<relations/>
			<accesscontrol/>
		</file>
		<file>
			<source>system/modules/org.opencms.apollo.template.formatters/formatters/blog-teaser-elaborate.jsp</source>
			<destination>system/modules/org.opencms.apollo.template.formatters/formatters/blog-teaser-elaborate.jsp</destination>
			<type>jsp</type>
			<uuidstructure>a3851db8-c663-11e5-a73e-0242ac11002b</uuidstructure>
			<uuidresource>a3851db9-c663-11e5-a73e-0242ac11002b</uuidresource>
			<datecreated>Fri, 29 Jan 2016 08:38:15 GMT</datecreated>
			<flags>0</flags>
			<properties>
				<property>
					<name>Title</name>
					<value><![CDATA[Formatter JSP for elaborate blog article teaser]]></value>
				</property>
				<property>
					<name>cache</name>
					<value><![CDATA[container-element;locale;params]]></value>
				</property>
				<property type="shared">
					<name>export</name>
					<value><![CDATA[false]]></value>
				</property>
				<property>
					<name>list.type</name>
					<value><![CDATA[a-blog]]></value>
				</property>
			</properties>
			<relations/>
			<accesscontrol/>
		</file>
		<file>
			<source>system/modules/org.opencms.apollo.template.formatters/formatters/blog-teaser-elaborate.xml</source>
			<destination>system/modules/org.opencms.apollo.template.formatters/formatters/blog-teaser-elaborate.xml</destination>
			<type>formatter_config</type>
			<uuidstructure>532e6791-c663-11e5-a73e-0242ac11002b</uuidstructure>
			<uuidresource>532e6792-c663-11e5-a73e-0242ac11002b</uuidresource>
			<datecreated>Fri, 29 Jan 2016 08:36:00 GMT</datecreated>
			<flags>0</flags>
			<properties>
				<property>
					<name>Title</name>
					<value><![CDATA[Elaborate Blog Article teaser]]></value>
				</property>
				<property>
					<name>locale</name>
					<value><![CDATA[en]]></value>
				</property>
				<property>
					<name>locale-available</name>
					<value><![CDATA[en]]></value>
				</property>
				<property>
					<name>search.exclude</name>
					<value><![CDATA[all]]></value>
				</property>
			</properties>
			<relations/>
			<accesscontrol/>
		</file>
		<file>
			<source>system/modules/org.opencms.apollo.template.formatters/formatters/blog_ugc-form.jsp</source>
			<destination>system/modules/org.opencms.apollo.template.formatters/formatters/blog_ugc-form.jsp</destination>
			<type>jsp</type>
			<uuidstructure>d386b894-57ca-11e5-a989-0242ac11002b</uuidstructure>
			<uuidresource>d386b895-57ca-11e5-a989-0242ac11002b</uuidresource>
			<datecreated>Thu, 10 Sep 2015 14:47:14 GMT</datecreated>
			<flags>0</flags>
			<properties>
				<property>
					<name>Title</name>
					<value><![CDATA[Formatter JSP for blog UGC form]]></value>
				</property>
				<property type="shared">
					<name>export</name>
					<value><![CDATA[false]]></value>
				</property>
			</properties>
			<relations/>
			<accesscontrol/>
		</file>
		<file>
			<source>system/modules/org.opencms.apollo.template.formatters/formatters/blog_ugc-form.xml</source>
			<destination>system/modules/org.opencms.apollo.template.formatters/formatters/blog_ugc-form.xml</destination>
			<type>formatter_config</type>
			<uuidstructure>d38a6218-57ca-11e5-a989-0242ac11002b</uuidstructure>
			<uuidresource>d38a6219-57ca-11e5-a989-0242ac11002b</uuidresource>
			<datecreated>Thu, 10 Sep 2015 14:47:14 GMT</datecreated>
			<flags>0</flags>
			<properties>
				<property>
					<name>Title</name>
					<value><![CDATA[Blog UGC form formatter]]></value>
				</property>
			</properties>
			<relations/>
			<accesscontrol/>
		</file>
		<file>
			<source>system/modules/org.opencms.apollo.template.formatters/formatters/event-complate.jsp</source>
			<destination>system/modules/org.opencms.apollo.template.formatters/formatters/event-complate.jsp</destination>
			<type>jsp</type>
			<uuidstructure>d2d07c06-5b83-11e5-ab03-0242ac11002b</uuidstructure>
			<uuidresource>d2d07c07-5b83-11e5-ab03-0242ac11002b</uuidresource>
			<datecreated>Tue, 15 Sep 2015 08:29:04 GMT</datecreated>
			<flags>0</flags>
			<properties>
				<property>
					<name>Title</name>
					<value><![CDATA[Formatter JSP for event]]></value>
				</property>
				<property>
					<name>cache</name>
					<value><![CDATA[container-element;locale]]></value>
				</property>
				<property type="shared">
					<name>export</name>
					<value><![CDATA[false]]></value>
				</property>
			</properties>
			<relations/>
			<accesscontrol/>
		</file>
		<file>
			<source>system/modules/org.opencms.apollo.template.formatters/formatters/event-complete.xml</source>
			<destination>system/modules/org.opencms.apollo.template.formatters/formatters/event-complete.xml</destination>
			<type>formatter_config</type>
			<uuidstructure>d2d5d339-5b83-11e5-ab03-0242ac11002b</uuidstructure>
			<uuidresource>d2d5d33a-5b83-11e5-ab03-0242ac11002b</uuidresource>
			<datecreated>Tue, 15 Sep 2015 08:29:04 GMT</datecreated>
			<flags>0</flags>
			<properties>
				<property>
					<name>Title</name>
					<value><![CDATA[Complete Event]]></value>
				</property>
				<property>
					<name>locale</name>
					<value><![CDATA[en]]></value>
				</property>
				<property>
					<name>locale-available</name>
					<value><![CDATA[en]]></value>
				</property>
				<property>
					<name>search.exclude</name>
					<value><![CDATA[all]]></value>
				</property>
			</properties>
			<relations/>
			<accesscontrol/>
		</file>
		<file>
			<source>system/modules/org.opencms.apollo.template.formatters/formatters/event-teaser-compact.jsp</source>
			<destination>system/modules/org.opencms.apollo.template.formatters/formatters/event-teaser-compact.jsp</destination>
			<type>jsp</type>
			<uuidstructure>aa2326f2-d71a-11e5-b10a-0242ac11002b</uuidstructure>
			<uuidresource>aa2326f3-d71a-11e5-b10a-0242ac11002b</uuidresource>
			<datecreated>Fri, 19 Feb 2016 15:08:42 GMT</datecreated>
			<flags>0</flags>
			<properties>
				<property>
					<name>Title</name>
					<value><![CDATA[Formatter JSP for compact event]]></value>
				</property>
				<property>
					<name>cache</name>
					<value><![CDATA[container-element;locale;params]]></value>
				</property>
				<property type="shared">
					<name>export</name>
					<value><![CDATA[false]]></value>
				</property>
			</properties>
			<relations/>
			<accesscontrol/>
		</file>
		<file>
			<source>system/modules/org.opencms.apollo.template.formatters/formatters/event-teaser-compact.xml</source>
			<destination>system/modules/org.opencms.apollo.template.formatters/formatters/event-teaser-compact.xml</destination>
			<type>formatter_config</type>
			<uuidstructure>d60fa8bc-d71a-11e5-b10a-0242ac11002b</uuidstructure>
			<uuidresource>d60fa8bd-d71a-11e5-b10a-0242ac11002b</uuidresource>
			<datecreated>Fri, 19 Feb 2016 15:09:56 GMT</datecreated>
			<flags>0</flags>
			<properties>
				<property>
					<name>Title</name>
					<value><![CDATA[Compact Event teaser]]></value>
				</property>
				<property>
					<name>locale</name>
					<value><![CDATA[en]]></value>
				</property>
				<property>
					<name>locale-available</name>
					<value><![CDATA[en]]></value>
				</property>
				<property>
					<name>search.exclude</name>
					<value><![CDATA[all]]></value>
				</property>
			</properties>
			<relations/>
			<accesscontrol/>
		</file>
		<file>
			<source>system/modules/org.opencms.apollo.template.formatters/formatters/event-teaser-elaborate.jsp</source>
			<destination>system/modules/org.opencms.apollo.template.formatters/formatters/event-teaser-elaborate.jsp</destination>
			<type>jsp</type>
			<uuidstructure>fe8e9df9-c5b5-11e5-a73e-0242ac11002b</uuidstructure>
			<uuidresource>fe8e9dfa-c5b5-11e5-a73e-0242ac11002b</uuidresource>
			<datecreated>Thu, 28 Jan 2016 11:55:15 GMT</datecreated>
			<flags>0</flags>
			<properties>
				<property>
					<name>Title</name>
					<value><![CDATA[Formatter JSP for verbose event]]></value>
				</property>
				<property>
					<name>cache</name>
					<value><![CDATA[container-element;locale;params]]></value>
				</property>
				<property type="shared">
					<name>export</name>
					<value><![CDATA[false]]></value>
				</property>
			</properties>
			<relations/>
			<accesscontrol/>
		</file>
		<file>
			<source>system/modules/org.opencms.apollo.template.formatters/formatters/event-teaser-elaborate.xml</source>
			<destination>system/modules/org.opencms.apollo.template.formatters/formatters/event-teaser-elaborate.xml</destination>
			<type>formatter_config</type>
			<uuidstructure>194e26bc-c5b6-11e5-a73e-0242ac11002b</uuidstructure>
			<uuidresource>194e26bd-c5b6-11e5-a73e-0242ac11002b</uuidresource>
			<datecreated>Thu, 28 Jan 2016 11:56:00 GMT</datecreated>
			<flags>0</flags>
			<properties>
				<property>
					<name>Title</name>
					<value><![CDATA[Elaborate Event teaser]]></value>
				</property>
				<property>
					<name>locale</name>
					<value><![CDATA[en]]></value>
				</property>
				<property>
					<name>locale-available</name>
					<value><![CDATA[en]]></value>
				</property>
				<property>
					<name>search.exclude</name>
					<value><![CDATA[all]]></value>
				</property>
			</properties>
			<relations/>
			<accesscontrol/>
		</file>
		<file>
			<source>system/modules/org.opencms.apollo.template.formatters/formatters/flexible.jsp</source>
			<destination>system/modules/org.opencms.apollo.template.formatters/formatters/flexible.jsp</destination>
			<type>jsp</type>
			<uuidstructure>9c98ef7c-560d-11e5-b868-0242ac11002b</uuidstructure>
			<uuidresource>9c98ef7d-560d-11e5-b868-0242ac11002b</uuidresource>
			<datecreated>Tue, 08 Sep 2015 09:40:16 GMT</datecreated>
			<flags>0</flags>
			<properties>
				<property>
					<name>Title</name>
					<value><![CDATA[Formatter JSP for flexible content]]></value>
				</property>
				<property>
					<name>cache</name>
					<value><![CDATA[container-element;locale]]></value>
				</property>
				<property type="shared">
					<name>export</name>
					<value><![CDATA[false]]></value>
				</property>
			</properties>
			<relations/>
			<accesscontrol/>
		</file>
		<file>
			<source>system/modules/org.opencms.apollo.template.formatters/formatters/flexible.xml</source>
			<destination>system/modules/org.opencms.apollo.template.formatters/formatters/flexible.xml</destination>
			<type>formatter_config</type>
			<uuidstructure>9c9d5c4f-560d-11e5-b868-0242ac11002b</uuidstructure>
			<uuidresource>9c9d5c50-560d-11e5-b868-0242ac11002b</uuidresource>
			<datecreated>Tue, 08 Sep 2015 09:40:16 GMT</datecreated>
			<flags>0</flags>
			<properties>
				<property>
					<name>Title</name>
					<value><![CDATA[Flexible content]]></value>
				</property>
				<property>
					<name>locale</name>
					<value><![CDATA[en]]></value>
				</property>
				<property>
					<name>locale-available</name>
					<value><![CDATA[en]]></value>
				</property>
				<property>
					<name>search.exclude</name>
					<value><![CDATA[all]]></value>
				</property>
			</properties>
			<relations/>
			<accesscontrol/>
		</file>
		<file>
			<source>system/modules/org.opencms.apollo.template.formatters/formatters/image-animation.jsp</source>
			<destination>system/modules/org.opencms.apollo.template.formatters/formatters/image-animation.jsp</destination>
			<type>jsp</type>
			<uuidstructure>cb40276e-5c7b-11e5-96ab-0242ac11002b</uuidstructure>
			<uuidresource>cb40276f-5c7b-11e5-96ab-0242ac11002b</uuidresource>
			<datecreated>Wed, 16 Sep 2015 14:04:06 GMT</datecreated>
			<flags>0</flags>
			<properties>
				<property>
					<name>Title</name>
					<value><![CDATA[Image with animation formatter JSP]]></value>
				</property>
				<property>
					<name>cache</name>
					<value><![CDATA[container-element;locale]]></value>
				</property>
				<property type="shared">
					<name>export</name>
					<value><![CDATA[false]]></value>
				</property>
			</properties>
			<relations/>
			<accesscontrol/>
		</file>
		<file>
			<source>system/modules/org.opencms.apollo.template.formatters/formatters/image-animation.xml</source>
			<destination>system/modules/org.opencms.apollo.template.formatters/formatters/image-animation.xml</destination>
			<type>formatter_config</type>
			<uuidstructure>cb455793-5c7b-11e5-96ab-0242ac11002b</uuidstructure>
			<uuidresource>cb455794-5c7b-11e5-96ab-0242ac11002b</uuidresource>
			<datecreated>Wed, 16 Sep 2015 14:04:06 GMT</datecreated>
			<flags>0</flags>
			<properties>
				<property>
					<name>Title</name>
					<value><![CDATA[Image only with animation effect]]></value>
				</property>
				<property>
					<name>locale</name>
					<value><![CDATA[en]]></value>
				</property>
				<property>
					<name>locale-available</name>
					<value><![CDATA[en]]></value>
				</property>
				<property>
					<name>search.exclude</name>
					<value><![CDATA[all]]></value>
				</property>
			</properties>
			<relations/>
			<accesscontrol/>
		</file>
		<file>
			<source>system/modules/org.opencms.apollo.template.formatters/formatters/image-enlarge.jsp</source>
			<destination>system/modules/org.opencms.apollo.template.formatters/formatters/image-enlarge.jsp</destination>
			<type>jsp</type>
			<uuidstructure>ce88186c-5bb2-11e5-8f8e-0242ac11002b</uuidstructure>
			<uuidresource>ce88186d-5bb2-11e5-8f8e-0242ac11002b</uuidresource>
			<datecreated>Tue, 15 Sep 2015 14:05:23 GMT</datecreated>
			<flags>0</flags>
			<properties>
				<property>
					<name>Title</name>
					<value><![CDATA[Image with zoom formatter JSP]]></value>
				</property>
				<property>
					<name>cache</name>
					<value><![CDATA[container-element;locale]]></value>
				</property>
				<property type="shared">
					<name>export</name>
					<value><![CDATA[false]]></value>
				</property>
			</properties>
			<relations/>
			<accesscontrol/>
		</file>
		<file>
			<source>system/modules/org.opencms.apollo.template.formatters/formatters/image-enlarge.xml</source>
			<destination>system/modules/org.opencms.apollo.template.formatters/formatters/image-enlarge.xml</destination>
			<type>formatter_config</type>
			<uuidstructure>18c11a42-5bb3-11e5-8f8e-0242ac11002b</uuidstructure>
			<uuidresource>18c11a43-5bb3-11e5-8f8e-0242ac11002b</uuidresource>
			<datecreated>Tue, 15 Sep 2015 14:07:27 GMT</datecreated>
			<flags>0</flags>
			<properties>
				<property>
					<name>Title</name>
					<value><![CDATA[Image only with zoom option]]></value>
				</property>
				<property>
					<name>locale</name>
					<value><![CDATA[en]]></value>
				</property>
				<property>
					<name>locale-available</name>
					<value><![CDATA[en]]></value>
				</property>
				<property>
					<name>search.exclude</name>
					<value><![CDATA[all]]></value>
				</property>
			</properties>
			<relations/>
			<accesscontrol/>
		</file>
		<file>
			<source>system/modules/org.opencms.apollo.template.formatters/formatters/jsp-search-formatter.jsp</source>
			<destination>system/modules/org.opencms.apollo.template.formatters/formatters/jsp-search-formatter.jsp</destination>
			<type>jsp</type>
			<uuidstructure>5e1b9b1c-5baf-11e5-8f8e-0242ac11002b</uuidstructure>
			<uuidresource>5e1b9b1d-5baf-11e5-8f8e-0242ac11002b</uuidresource>
			<datecreated>Tue, 15 Sep 2015 13:40:46 GMT</datecreated>
			<flags>0</flags>
			<properties>
				<property>
					<name>Title</name>
					<value><![CDATA[Formatter JSP for search]]></value>
				</property>
				<property type="shared">
					<name>export</name>
					<value><![CDATA[false]]></value>
				</property>
			</properties>
			<relations/>
			<accesscontrol/>
		</file>
		<file>
			<source>system/modules/org.opencms.apollo.template.formatters/formatters/jsp-search-formatter.xml</source>
			<destination>system/modules/org.opencms.apollo.template.formatters/formatters/jsp-search-formatter.xml</destination>
			<type>formatter_config</type>
			<uuidstructure>5e144816-5baf-11e5-8f8e-0242ac11002b</uuidstructure>
			<uuidresource>5e144817-5baf-11e5-8f8e-0242ac11002b</uuidresource>
			<datecreated>Tue, 15 Sep 2015 13:40:46 GMT</datecreated>
			<flags>0</flags>
			<properties>
				<property>
					<name>Title</name>
					<value><![CDATA[Standard Search]]></value>
				</property>
				<property>
					<name>locale</name>
					<value><![CDATA[en]]></value>
				</property>
				<property>
					<name>locale-available</name>
					<value><![CDATA[en]]></value>
				</property>
				<property>
					<name>search.exclude</name>
					<value><![CDATA[all]]></value>
				</property>
			</properties>
			<relations/>
			<accesscontrol/>
		</file>
		<file>
			<source>system/modules/org.opencms.apollo.template.formatters/formatters/layoutrow.jsp</source>
			<destination>system/modules/org.opencms.apollo.template.formatters/formatters/layoutrow.jsp</destination>
			<type>jsp</type>
			<uuidstructure>d652a05d-523d-11e5-9495-0242ac11002b</uuidstructure>
			<uuidresource>d652a05e-523d-11e5-9495-0242ac11002b</uuidresource>
			<datecreated>Thu, 03 Sep 2015 13:15:24 GMT</datecreated>
			<flags>0</flags>
			<properties>
				<property>
					<name>Title</name>
					<value><![CDATA[Formatter JSP for Layout Row]]></value>
				</property>
				<property>
					<name>cache</name>
					<value><![CDATA[uri;container-element;locale]]></value>
				</property>
				<property type="shared">
					<name>export</name>
					<value><![CDATA[false]]></value>
				</property>
			</properties>
			<relations/>
			<accesscontrol/>
		</file>
		<file>
			<source>system/modules/org.opencms.apollo.template.formatters/formatters/layoutrow.xml</source>
			<destination>system/modules/org.opencms.apollo.template.formatters/formatters/layoutrow.xml</destination>
			<type>formatter_config</type>
			<uuidstructure>d65670f0-523d-11e5-9495-0242ac11002b</uuidstructure>
			<uuidresource>d65670f1-523d-11e5-9495-0242ac11002b</uuidresource>
			<datecreated>Thu, 03 Sep 2015 13:15:24 GMT</datecreated>
			<flags>0</flags>
			<properties>
				<property>
					<name>Title</name>
					<value><![CDATA[Standard Layout Row]]></value>
				</property>
				<property>
					<name>locale</name>
					<value><![CDATA[en]]></value>
				</property>
				<property>
					<name>locale-available</name>
					<value><![CDATA[en]]></value>
				</property>
				<property>
					<name>search.exclude</name>
					<value><![CDATA[all]]></value>
				</property>
			</properties>
			<relations/>
			<accesscontrol/>
		</file>
		<file>
			<source>system/modules/org.opencms.apollo.template.formatters/formatters/list.jsp</source>
			<destination>system/modules/org.opencms.apollo.template.formatters/formatters/list.jsp</destination>
			<type>jsp</type>
			<uuidstructure>d2619f72-5871-11e5-b803-0242ac11002b</uuidstructure>
			<uuidresource>d2619f73-5871-11e5-b803-0242ac11002b</uuidresource>
			<datecreated>Fri, 11 Sep 2015 10:42:38 GMT</datecreated>
			<flags>0</flags>
			<properties>
				<property>
					<name>Title</name>
					<value><![CDATA[Formatter JSP for Lists]]></value>
				</property>
				<property type="shared">
					<name>export</name>
					<value><![CDATA[false]]></value>
				</property>
			</properties>
			<relations/>
			<accesscontrol/>
		</file>
		<file>
			<source>system/modules/org.opencms.apollo.template.formatters/formatters/list.xml</source>
			<destination>system/modules/org.opencms.apollo.template.formatters/formatters/list.xml</destination>
			<type>formatter_config</type>
			<uuidstructure>d268a456-5871-11e5-b803-0242ac11002b</uuidstructure>
			<uuidresource>d268a457-5871-11e5-b803-0242ac11002b</uuidresource>
			<datecreated>Fri, 11 Sep 2015 10:42:38 GMT</datecreated>
			<flags>0</flags>
			<properties>
				<property>
					<name>Title</name>
					<value><![CDATA[Standard List]]></value>
				</property>
				<property>
					<name>locale</name>
					<value><![CDATA[en]]></value>
				</property>
				<property>
					<name>locale-available</name>
					<value><![CDATA[en]]></value>
				</property>
				<property>
					<name>search.exclude</name>
					<value><![CDATA[all]]></value>
				</property>
			</properties>
			<relations/>
			<accesscontrol/>
		</file>
		<file>
			<source>system/modules/org.opencms.apollo.template.formatters/formatters/map.jsp</source>
			<destination>system/modules/org.opencms.apollo.template.formatters/formatters/map.jsp</destination>
			<type>jsp</type>
			<uuidstructure>305620a9-5ad6-11e5-a17e-0242ac11002b</uuidstructure>
			<uuidresource>305620aa-5ad6-11e5-a17e-0242ac11002b</uuidresource>
			<datecreated>Mon, 14 Sep 2015 11:46:08 GMT</datecreated>
			<flags>0</flags>
			<properties>
				<property>
					<name>Title</name>
					<value><![CDATA[Formatter JSP for location map]]></value>
				</property>
				<property>
					<name>cache</name>
					<value><![CDATA[container-element;locale]]></value>
				</property>
				<property type="shared">
					<name>export</name>
					<value><![CDATA[false]]></value>
				</property>
			</properties>
			<relations/>
			<accesscontrol/>
		</file>
		<file>
			<source>system/modules/org.opencms.apollo.template.formatters/formatters/map.xml</source>
			<destination>system/modules/org.opencms.apollo.template.formatters/formatters/map.xml</destination>
			<type>formatter_config</type>
			<uuidstructure>305b02ac-5ad6-11e5-a17e-0242ac11002b</uuidstructure>
			<uuidresource>305b02ad-5ad6-11e5-a17e-0242ac11002b</uuidresource>
			<datecreated>Mon, 14 Sep 2015 11:46:08 GMT</datecreated>
			<flags>0</flags>
			<properties>
				<property>
					<name>Title</name>
					<value><![CDATA[Standard Location Map]]></value>
				</property>
				<property>
					<name>locale</name>
					<value><![CDATA[en]]></value>
				</property>
				<property>
					<name>locale-available</name>
					<value><![CDATA[en]]></value>
				</property>
				<property>
					<name>search.exclude</name>
					<value><![CDATA[all]]></value>
				</property>
			</properties>
			<relations/>
			<accesscontrol/>
		</file>
		<file>
			<source>system/modules/org.opencms.apollo.template.formatters/formatters/navigation-head.jsp</source>
			<destination>system/modules/org.opencms.apollo.template.formatters/formatters/navigation-head.jsp</destination>
			<type>jsp</type>
			<uuidstructure>bff6dd61-5605-11e5-b868-0242ac11002b</uuidstructure>
			<uuidresource>bff6dd62-5605-11e5-b868-0242ac11002b</uuidresource>
			<datecreated>Tue, 08 Sep 2015 08:44:00 GMT</datecreated>
			<flags>0</flags>
			<properties>
				<property>
					<name>Title</name>
					<value><![CDATA[Formatter JSP for head navigation]]></value>
				</property>
				<property>
					<name>cache</name>
					<value><![CDATA[container-element;uri;user]]></value>
				</property>
				<property type="shared">
					<name>export</name>
					<value><![CDATA[false]]></value>
				</property>
			</properties>
			<relations/>
			<accesscontrol/>
		</file>
		<file>
			<source>system/modules/org.opencms.apollo.template.formatters/formatters/navigation-head.xml</source>
			<destination>system/modules/org.opencms.apollo.template.formatters/formatters/navigation-head.xml</destination>
			<type>formatter_config</type>
			<uuidstructure>c0086996-5605-11e5-b868-0242ac11002b</uuidstructure>
			<uuidresource>c0086997-5605-11e5-b868-0242ac11002b</uuidresource>
			<datecreated>Tue, 08 Sep 2015 08:44:00 GMT</datecreated>
			<flags>0</flags>
			<properties>
				<property>
					<name>Title</name>
					<value><![CDATA[Head navigation]]></value>
				</property>
				<property>
					<name>locale</name>
					<value><![CDATA[en]]></value>
				</property>
				<property>
					<name>locale-available</name>
					<value><![CDATA[en]]></value>
				</property>
				<property>
					<name>search.exclude</name>
					<value><![CDATA[all]]></value>
				</property>
			</properties>
			<relations/>
			<accesscontrol/>
		</file>
		<file>
			<source>system/modules/org.opencms.apollo.template.formatters/formatters/navigation-side.jsp</source>
			<destination>system/modules/org.opencms.apollo.template.formatters/formatters/navigation-side.jsp</destination>
			<type>jsp</type>
			<uuidstructure>c00f205c-5605-11e5-b868-0242ac11002b</uuidstructure>
			<uuidresource>c00f205d-5605-11e5-b868-0242ac11002b</uuidresource>
			<datecreated>Tue, 08 Sep 2015 08:44:00 GMT</datecreated>
			<flags>0</flags>
			<properties>
				<property>
					<name>Title</name>
					<value><![CDATA[Formatter JSP for side navigation]]></value>
				</property>
				<property>
					<name>cache</name>
					<value><![CDATA[container-element;uri;user]]></value>
				</property>
				<property type="shared">
					<name>export</name>
					<value><![CDATA[false]]></value>
				</property>
			</properties>
			<relations/>
			<accesscontrol/>
		</file>
		<file>
			<source>system/modules/org.opencms.apollo.template.formatters/formatters/navigation-side.xml</source>
			<destination>system/modules/org.opencms.apollo.template.formatters/formatters/navigation-side.xml</destination>
			<type>formatter_config</type>
			<uuidstructure>c01513d1-5605-11e5-b868-0242ac11002b</uuidstructure>
			<uuidresource>c01513d2-5605-11e5-b868-0242ac11002b</uuidresource>
			<datecreated>Tue, 08 Sep 2015 08:44:00 GMT</datecreated>
			<flags>0</flags>
			<properties>
				<property>
					<name>Title</name>
					<value><![CDATA[Side navigation]]></value>
				</property>
				<property>
					<name>locale</name>
					<value><![CDATA[en]]></value>
				</property>
				<property>
					<name>locale-available</name>
					<value><![CDATA[en]]></value>
				</property>
				<property>
					<name>search.exclude</name>
					<value><![CDATA[all]]></value>
				</property>
			</properties>
			<relations/>
			<accesscontrol/>
		</file>
		<file>
			<source>system/modules/org.opencms.apollo.template.formatters/formatters/section-headline.jsp</source>
			<destination>system/modules/org.opencms.apollo.template.formatters/formatters/section-headline.jsp</destination>
			<type>jsp</type>
			<uuidstructure>2616d23e-eb7c-11e5-854f-0242ac11002b</uuidstructure>
			<uuidresource>2616d23f-eb7c-11e5-854f-0242ac11002b</uuidresource>
			<datecreated>Wed, 16 Mar 2016 13:36:55 GMT</datecreated>
			<flags>0</flags>
			<properties>
				<property>
					<name>Title</name>
					<value><![CDATA[Formatter JSP for content section headline only]]></value>
				</property>
				<property>
					<name>cache</name>
					<value><![CDATA[container-element;locale]]></value>
				</property>
				<property type="shared">
					<name>export</name>
					<value><![CDATA[false]]></value>
				</property>
			</properties>
			<relations/>
			<accesscontrol/>
		</file>
		<file>
			<source>system/modules/org.opencms.apollo.template.formatters/formatters/section-headline.xml</source>
			<destination>system/modules/org.opencms.apollo.template.formatters/formatters/section-headline.xml</destination>
			<type>formatter_config</type>
			<uuidstructure>261ffa03-eb7c-11e5-854f-0242ac11002b</uuidstructure>
			<uuidresource>261ffa04-eb7c-11e5-854f-0242ac11002b</uuidresource>
			<datecreated>Wed, 16 Mar 2016 13:36:55 GMT</datecreated>
			<flags>0</flags>
			<properties>
				<property>
					<name>Title</name>
					<value><![CDATA[Headline only (direct)]]></value>
				</property>
				<property>
					<name>locale</name>
					<value><![CDATA[en]]></value>
				</property>
				<property>
					<name>locale-available</name>
					<value><![CDATA[en]]></value>
				</property>
				<property>
					<name>search.exclude</name>
					<value><![CDATA[all]]></value>
				</property>
			</properties>
			<relations/>
			<accesscontrol/>
		</file>
		<file>
			<source>system/modules/org.opencms.apollo.template.formatters/formatters/section-iconbox.jsp</source>
			<destination>system/modules/org.opencms.apollo.template.formatters/formatters/section-iconbox.jsp</destination>
			<type>jsp</type>
			<uuidstructure>34e3840f-eaaf-11e5-99f8-0242ac11002b</uuidstructure>
			<uuidresource>34e38410-eaaf-11e5-99f8-0242ac11002b</uuidresource>
			<datecreated>Wed, 09 Sep 2015 14:12:15 GMT</datecreated>
			<flags>0</flags>
			<properties>
				<property>
					<name>Title</name>
					<value><![CDATA[Formatter JSP for content section as icon box]]></value>
				</property>
				<property>
					<name>cache</name>
					<value><![CDATA[container-element;locale]]></value>
				</property>
				<property type="shared">
					<name>export</name>
					<value><![CDATA[false]]></value>
				</property>
			</properties>
			<relations/>
			<accesscontrol/>
		</file>
		<file>
			<source>system/modules/org.opencms.apollo.template.formatters/formatters/section-iconbox.xml</source>
			<destination>system/modules/org.opencms.apollo.template.formatters/formatters/section-iconbox.xml</destination>
			<type>formatter_config</type>
			<uuidstructure>34e11309-eaaf-11e5-99f8-0242ac11002b</uuidstructure>
			<uuidresource>34e1130a-eaaf-11e5-99f8-0242ac11002b</uuidresource>
			<datecreated>Wed, 09 Sep 2015 14:12:15 GMT</datecreated>
			<flags>0</flags>
			<properties>
				<property>
					<name>Title</name>
					<value><![CDATA[Icon Box layout]]></value>
				</property>
				<property>
					<name>locale</name>
					<value><![CDATA[en]]></value>
				</property>
				<property>
					<name>locale-available</name>
					<value><![CDATA[en]]></value>
				</property>
				<property>
					<name>search.exclude</name>
					<value><![CDATA[all]]></value>
				</property>
			</properties>
			<relations/>
			<accesscontrol/>
		</file>
		<file>
			<source>system/modules/org.opencms.apollo.template.formatters/formatters/section-image.jsp</source>
			<destination>system/modules/org.opencms.apollo.template.formatters/formatters/section-image.jsp</destination>
			<type>jsp</type>
			<uuidstructure>1106ba5f-5bc0-11e5-8f8e-0242ac11002b</uuidstructure>
			<uuidresource>1106ba60-5bc0-11e5-8f8e-0242ac11002b</uuidresource>
			<datecreated>Tue, 15 Sep 2015 15:40:18 GMT</datecreated>
			<flags>0</flags>
			<properties>
				<property>
					<name>Title</name>
					<value><![CDATA[Formatter JSP for content section image only]]></value>
				</property>
				<property>
					<name>cache</name>
					<value><![CDATA[container-element;locale]]></value>
				</property>
				<property type="shared">
					<name>export</name>
					<value><![CDATA[false]]></value>
				</property>
			</properties>
			<relations/>
			<accesscontrol/>
		</file>
		<file>
			<source>system/modules/org.opencms.apollo.template.formatters/formatters/section-image.xml</source>
			<destination>system/modules/org.opencms.apollo.template.formatters/formatters/section-image.xml</destination>
			<type>formatter_config</type>
			<uuidstructure>3677fe84-5bc0-11e5-8f8e-0242ac11002b</uuidstructure>
			<uuidresource>3677fe85-5bc0-11e5-8f8e-0242ac11002b</uuidresource>
			<datecreated>Tue, 15 Sep 2015 15:41:21 GMT</datecreated>
			<flags>0</flags>
			<properties>
				<property>
					<name>Title</name>
					<value><![CDATA[Image only (direct)]]></value>
				</property>
				<property>
					<name>locale</name>
					<value><![CDATA[en]]></value>
				</property>
				<property>
					<name>locale-available</name>
					<value><![CDATA[en]]></value>
				</property>
				<property>
					<name>search.exclude</name>
					<value><![CDATA[all]]></value>
				</property>
			</properties>
			<relations/>
			<accesscontrol/>
		</file>
		<file>
			<source>system/modules/org.opencms.apollo.template.formatters/formatters/section-jumbotron.jsp</source>
			<destination>system/modules/org.opencms.apollo.template.formatters/formatters/section-jumbotron.jsp</destination>
			<type>jsp</type>
			<uuidstructure>34e7efea-eaaf-11e5-99f8-0242ac11002b</uuidstructure>
			<uuidresource>34e7efeb-eaaf-11e5-99f8-0242ac11002b</uuidresource>
			<datecreated>Tue, 08 Sep 2015 07:46:18 GMT</datecreated>
			<flags>0</flags>
			<properties>
				<property>
					<name>Title</name>
					<value><![CDATA[Formatter JSP for content section as jumbotron]]></value>
				</property>
				<property>
					<name>cache</name>
					<value><![CDATA[container-element;locale]]></value>
				</property>
				<property type="shared">
					<name>export</name>
					<value><![CDATA[false]]></value>
				</property>
			</properties>
			<relations/>
			<accesscontrol/>
		</file>
		<file>
			<source>system/modules/org.opencms.apollo.template.formatters/formatters/section-jumbotron.xml</source>
			<destination>system/modules/org.opencms.apollo.template.formatters/formatters/section-jumbotron.xml</destination>
			<type>formatter_config</type>
			<uuidstructure>34e5cd04-eaaf-11e5-99f8-0242ac11002b</uuidstructure>
			<uuidresource>34e5cd05-eaaf-11e5-99f8-0242ac11002b</uuidresource>
			<datecreated>Tue, 08 Sep 2015 07:46:06 GMT</datecreated>
			<flags>0</flags>
			<properties>
				<property>
					<name>Title</name>
					<value><![CDATA[Jumbotron layout]]></value>
				</property>
				<property>
					<name>locale</name>
					<value><![CDATA[en]]></value>
				</property>
				<property>
					<name>locale-available</name>
					<value><![CDATA[en]]></value>
				</property>
				<property>
					<name>search.exclude</name>
					<value><![CDATA[all]]></value>
				</property>
			</properties>
			<relations/>
			<accesscontrol/>
		</file>
		<file>
			<source>system/modules/org.opencms.apollo.template.formatters/formatters/section-text.jsp</source>
			<destination>system/modules/org.opencms.apollo.template.formatters/formatters/section-text.jsp</destination>
			<type>jsp</type>
			<uuidstructure>fca41839-eb7d-11e5-854f-0242ac11002b</uuidstructure>
			<uuidresource>fca4183a-eb7d-11e5-854f-0242ac11002b</uuidresource>
			<datecreated>Wed, 16 Mar 2016 13:50:04 GMT</datecreated>
			<flags>0</flags>
			<properties>
				<property>
					<name>Title</name>
					<value><![CDATA[Formatter JSP for content section text only]]></value>
				</property>
				<property>
					<name>cache</name>
					<value><![CDATA[container-element;locale]]></value>
				</property>
				<property type="shared">
					<name>export</name>
					<value><![CDATA[false]]></value>
				</property>
			</properties>
			<relations/>
			<accesscontrol/>
		</file>
		<file>
			<source>system/modules/org.opencms.apollo.template.formatters/formatters/section-text.xml</source>
			<destination>system/modules/org.opencms.apollo.template.formatters/formatters/section-text.xml</destination>
			<type>formatter_config</type>
			<uuidstructure>fcab1d1e-eb7d-11e5-854f-0242ac11002b</uuidstructure>
			<uuidresource>fcab1d1f-eb7d-11e5-854f-0242ac11002b</uuidresource>
			<datecreated>Wed, 16 Mar 2016 13:50:04 GMT</datecreated>
			<flags>0</flags>
			<properties>
				<property>
					<name>Title</name>
					<value><![CDATA[Text only (direct)]]></value>
				</property>
				<property>
					<name>locale</name>
					<value><![CDATA[en]]></value>
				</property>
				<property>
					<name>locale-available</name>
					<value><![CDATA[en]]></value>
				</property>
				<property>
					<name>search.exclude</name>
					<value><![CDATA[all]]></value>
				</property>
			</properties>
			<relations/>
			<accesscontrol/>
		</file>
		<file>
			<source>system/modules/org.opencms.apollo.template.formatters/formatters/sitemap.jsp</source>
			<destination>system/modules/org.opencms.apollo.template.formatters/formatters/sitemap.jsp</destination>
			<type>jsp</type>
			<uuidstructure>101be7c7-73e4-11e5-9a42-15b01ffdc6a6</uuidstructure>
			<uuidresource>101be7c8-73e4-11e5-9a42-15b01ffdc6a6</uuidresource>
			<datecreated>Fri, 16 Oct 2015 08:58:26 GMT</datecreated>
			<flags>0</flags>
			<properties>
				<property>
					<name>Title</name>
					<value><![CDATA[Formatter JSP for sitemap]]></value>
				</property>
				<property>
					<name>cache</name>
					<value><![CDATA[uri;container-element;locale]]></value>
				</property>
				<property type="shared">
					<name>export</name>
					<value><![CDATA[false]]></value>
				</property>
			</properties>
			<relations/>
			<accesscontrol/>
		</file>
		<file>
			<source>system/modules/org.opencms.apollo.template.formatters/formatters/sitemap.xml</source>
			<destination>system/modules/org.opencms.apollo.template.formatters/formatters/sitemap.xml</destination>
			<type>formatter_config</type>
			<uuidstructure>1023affa-73e4-11e5-9a42-15b01ffdc6a6</uuidstructure>
			<uuidresource>1023affb-73e4-11e5-9a42-15b01ffdc6a6</uuidresource>
			<datecreated>Fri, 16 Oct 2015 08:58:26 GMT</datecreated>
			<flags>0</flags>
			<properties>
				<property>
					<name>Title</name>
					<value><![CDATA[Standard Sitemap]]></value>
				</property>
				<property>
					<name>locale</name>
					<value><![CDATA[en]]></value>
				</property>
				<property>
					<name>locale-available</name>
					<value><![CDATA[en]]></value>
				</property>
				<property>
					<name>search.exclude</name>
					<value><![CDATA[all]]></value>
				</property>
			</properties>
			<relations/>
			<accesscontrol/>
		</file>
		<file>
			<source>system/modules/org.opencms.apollo.template.formatters/formatters/slider-carousel.jsp</source>
			<destination>system/modules/org.opencms.apollo.template.formatters/formatters/slider-carousel.jsp</destination>
			<type>jsp</type>
			<uuidstructure>ca17b0c1-c4d0-11e5-9ca7-0242ac11002b</uuidstructure>
			<uuidresource>ca17b0c2-c4d0-11e5-9ca7-0242ac11002b</uuidresource>
			<datecreated>Wed, 27 Jan 2016 08:34:32 GMT</datecreated>
			<flags>0</flags>
			<properties>
				<property>
					<name>Title</name>
					<value><![CDATA[Formatter JSP for simple-slider carousel]]></value>
				</property>
				<property>
					<name>cache</name>
					<value><![CDATA[container-element;locale]]></value>
				</property>
				<property type="shared">
					<name>export</name>
					<value><![CDATA[false]]></value>
				</property>
			</properties>
			<relations/>
			<accesscontrol/>
		</file>
		<file>
			<source>system/modules/org.opencms.apollo.template.formatters/formatters/slider-carousel.xml</source>
			<destination>system/modules/org.opencms.apollo.template.formatters/formatters/slider-carousel.xml</destination>
			<type>formatter_config</type>
			<uuidstructure>f3d2faa7-c4d0-11e5-9ca7-0242ac11002b</uuidstructure>
			<uuidresource>f3d2faa8-c4d0-11e5-9ca7-0242ac11002b</uuidresource>
			<datecreated>Wed, 27 Jan 2016 08:35:42 GMT</datecreated>
			<flags>0</flags>
			<properties>
				<property>
					<name>Title</name>
					<value><![CDATA[Carousel]]></value>
				</property>
				<property>
					<name>locale</name>
					<value><![CDATA[en]]></value>
				</property>
				<property>
					<name>locale-available</name>
					<value><![CDATA[en]]></value>
				</property>
				<property>
					<name>search.exclude</name>
					<value><![CDATA[all]]></value>
				</property>
			</properties>
			<relations/>
			<accesscontrol/>
		</file>
		<file>
			<source>system/modules/org.opencms.apollo.template.formatters/formatters/slider-standard.jsp</source>
			<destination>system/modules/org.opencms.apollo.template.formatters/formatters/slider-standard.jsp</destination>
			<type>jsp</type>
			<uuidstructure>b741cb4c-73c2-11e5-92dc-15b01ffdc6a6</uuidstructure>
			<uuidresource>b741cb4d-73c2-11e5-92dc-15b01ffdc6a6</uuidresource>
			<datecreated>Fri, 16 Oct 2015 04:59:44 GMT</datecreated>
			<flags>0</flags>
			<properties>
				<property>
					<name>Title</name>
					<value><![CDATA[Formatter JSP for simple-slider slider]]></value>
				</property>
				<property>
					<name>cache</name>
					<value><![CDATA[container-element;locale]]></value>
				</property>
				<property type="shared">
					<name>export</name>
					<value><![CDATA[false]]></value>
				</property>
			</properties>
			<relations/>
			<accesscontrol/>
		</file>
		<file>
			<source>system/modules/org.opencms.apollo.template.formatters/formatters/slider-standard.xml</source>
			<destination>system/modules/org.opencms.apollo.template.formatters/formatters/slider-standard.xml</destination>
			<type>formatter_config</type>
			<uuidstructure>b7496c6f-73c2-11e5-92dc-15b01ffdc6a6</uuidstructure>
			<uuidresource>b7496c70-73c2-11e5-92dc-15b01ffdc6a6</uuidresource>
			<datecreated>Fri, 16 Oct 2015 04:59:44 GMT</datecreated>
			<flags>0</flags>
			<properties>
				<property>
					<name>Title</name>
					<value><![CDATA[Slider]]></value>
				</property>
				<property>
					<name>locale</name>
					<value><![CDATA[en]]></value>
				</property>
				<property>
					<name>locale-available</name>
					<value><![CDATA[en]]></value>
				</property>
				<property>
					<name>search.exclude</name>
					<value><![CDATA[all]]></value>
				</property>
			</properties>
			<relations/>
			<accesscontrol/>
		</file>
		<file>
			<source>system/modules/org.opencms.apollo.template.formatters/formatters/tabs-accordion.jsp</source>
			<destination>system/modules/org.opencms.apollo.template.formatters/formatters/tabs-accordion.jsp</destination>
			<type>jsp</type>
			<uuidstructure>ffcce12b-56e3-11e5-946f-0242ac11002b</uuidstructure>
			<uuidresource>ffcce12c-56e3-11e5-946f-0242ac11002b</uuidresource>
			<datecreated>Wed, 09 Sep 2015 11:14:55 GMT</datecreated>
			<flags>0</flags>
			<properties>
				<property>
					<name>Title</name>
					<value><![CDATA[Formatter JSP for tabs-accordion as accordion]]></value>
				</property>
				<property>
					<name>cache</name>
					<value><![CDATA[container-element;locale]]></value>
				</property>
				<property type="shared">
					<name>export</name>
					<value><![CDATA[false]]></value>
				</property>
			</properties>
			<relations/>
			<accesscontrol/>
		</file>
		<file>
			<source>system/modules/org.opencms.apollo.template.formatters/formatters/tabs-accordion.xml</source>
			<destination>system/modules/org.opencms.apollo.template.formatters/formatters/tabs-accordion.xml</destination>
			<type>formatter_config</type>
			<uuidstructure>f5c79265-56e3-11e5-946f-0242ac11002b</uuidstructure>
			<uuidresource>f5c79266-56e3-11e5-946f-0242ac11002b</uuidresource>
			<datecreated>Wed, 09 Sep 2015 11:14:38 GMT</datecreated>
			<flags>0</flags>
			<properties>
				<property>
					<name>Title</name>
					<value><![CDATA[Accordion]]></value>
				</property>
				<property>
					<name>locale</name>
					<value><![CDATA[en]]></value>
				</property>
				<property>
					<name>locale-available</name>
					<value><![CDATA[en]]></value>
				</property>
				<property>
					<name>search.exclude</name>
					<value><![CDATA[all]]></value>
				</property>
			</properties>
			<relations/>
			<accesscontrol/>
		</file>
		<file>
			<source>system/modules/org.opencms.apollo.template.formatters/formatters/tabs-standard.jsp</source>
			<destination>system/modules/org.opencms.apollo.template.formatters/formatters/tabs-standard.jsp</destination>
			<type>jsp</type>
			<uuidstructure>20d49b52-56e2-11e5-946f-0242ac11002b</uuidstructure>
			<uuidresource>20d49b53-56e2-11e5-946f-0242ac11002b</uuidresource>
			<datecreated>Wed, 09 Sep 2015 11:01:31 GMT</datecreated>
			<flags>0</flags>
			<properties>
				<property>
					<name>Title</name>
					<value><![CDATA[Formatter JSP for tabs-accordion as tabs]]></value>
				</property>
				<property>
					<name>cache</name>
					<value><![CDATA[container-element;locale]]></value>
				</property>
				<property type="shared">
					<name>export</name>
					<value><![CDATA[false]]></value>
				</property>
			</properties>
			<relations/>
			<accesscontrol/>
		</file>
		<file>
			<source>system/modules/org.opencms.apollo.template.formatters/formatters/tabs-standard.xml</source>
			<destination>system/modules/org.opencms.apollo.template.formatters/formatters/tabs-standard.xml</destination>
			<type>formatter_config</type>
			<uuidstructure>20d8e115-56e2-11e5-946f-0242ac11002b</uuidstructure>
			<uuidresource>20d8e116-56e2-11e5-946f-0242ac11002b</uuidresource>
			<datecreated>Wed, 09 Sep 2015 11:01:31 GMT</datecreated>
			<flags>0</flags>
			<properties>
				<property>
					<name>Title</name>
					<value><![CDATA[Tabs]]></value>
				</property>
				<property>
					<name>locale</name>
					<value><![CDATA[en]]></value>
				</property>
				<property>
					<name>locale-available</name>
					<value><![CDATA[en]]></value>
				</property>
				<property>
					<name>search.exclude</name>
					<value><![CDATA[all]]></value>
				</property>
			</properties>
			<relations/>
			<accesscontrol/>
		</file>
		<file>
			<destination>system/modules/org.opencms.apollo.template.formatters/functions</destination>
			<type>folder</type>
			<uuidstructure>905c1ee6-515e-11e5-abeb-0242ac11002b</uuidstructure>
			<datecreated>Wed, 02 Sep 2015 10:37:09 GMT</datecreated>
			<flags>0</flags>
			<properties/>
			<relations/>
			<accesscontrol/>
		</file>
		<file>
			<source>system/modules/org.opencms.apollo.template.formatters/functions/login.xml</source>
			<destination>system/modules/org.opencms.apollo.template.formatters/functions/login.xml</destination>
			<type>function</type>
			<uuidstructure>38741b6d-6063-11e5-9199-0242ac11002b</uuidstructure>
			<uuidresource>38741b6e-6063-11e5-9199-0242ac11002b</uuidresource>
			<datecreated>Mon, 21 Sep 2015 13:18:16 GMT</datecreated>
			<flags>0</flags>
			<properties>
				<property>
					<name>Description</name>
					<value><![CDATA[Provides a login form functionality.]]></value>
				</property>
				<property>
					<name>Title</name>
					<value><![CDATA[Login form]]></value>
				</property>
			</properties>
			<relations/>
			<accesscontrol/>
		</file>
		<file>
			<source>system/modules/org.opencms.apollo.template.formatters/functions/opencms-info.xml</source>
			<destination>system/modules/org.opencms.apollo.template.formatters/functions/opencms-info.xml</destination>
			<type>function</type>
			<uuidstructure>40dbbec1-6063-11e5-9199-0242ac11002b</uuidstructure>
			<uuidresource>40dbbec2-6063-11e5-9199-0242ac11002b</uuidresource>
			<datecreated>Mon, 21 Sep 2015 13:18:31 GMT</datecreated>
			<flags>0</flags>
			<properties>
				<property>
					<name>Description</name>
					<value><![CDATA[Provides information about the OpenCms version and the login URL.]]></value>
				</property>
				<property>
					<name>Title</name>
					<value><![CDATA[OpenCms Info]]></value>
				</property>
			</properties>
			<relations/>
			<accesscontrol/>
		</file>
		<file>
			<destination>system/modules/org.opencms.apollo.template.formatters/i18n</destination>
			<type>folder</type>
			<uuidstructure>801232e4-515e-11e5-abeb-0242ac11002b</uuidstructure>
			<datecreated>Wed, 02 Sep 2015 10:36:42 GMT</datecreated>
			<flags>0</flags>
			<properties>
				<property>
					<name>content-encoding</name>
					<value><![CDATA[ISO-8859-1]]></value>
				</property>
			</properties>
			<relations/>
			<accesscontrol/>
		</file>
		<file>
			<source>system/modules/org.opencms.apollo.template.formatters/i18n/org.opencms.apollo.template.formatters.jsp-search-formatter</source>
			<destination>system/modules/org.opencms.apollo.template.formatters/i18n/org.opencms.apollo.template.formatters.jsp-search-formatter</destination>
			<type>xmlvfsbundle</type>
			<uuidstructure>16392199-5bb1-11e5-8f8e-0242ac11002b</uuidstructure>
			<uuidresource>1639219a-5bb1-11e5-8f8e-0242ac11002b</uuidresource>
			<datecreated>Tue, 15 Sep 2015 13:53:04 GMT</datecreated>
			<flags>0</flags>
			<properties>
				<property>
					<name>Title</name>
					<value><![CDATA[Message bundle used in the default formatter for the search form.]]></value>
				</property>
				<property>
					<name>search.exclude</name>
					<value><![CDATA[all]]></value>
				</property>
			</properties>
			<relations/>
			<accesscontrol/>
		</file>
		<file>
			<source>system/modules/org.opencms.apollo.template.formatters/i18n/org.opencms.apollo.template.formatters.list</source>
			<destination>system/modules/org.opencms.apollo.template.formatters/i18n/org.opencms.apollo.template.formatters.list</destination>
			<type>xmlvfsbundle</type>
			<uuidstructure>bf88905f-5c82-11e5-96ab-0242ac11002b</uuidstructure>
			<uuidresource>bf889060-5c82-11e5-96ab-0242ac11002b</uuidresource>
			<datecreated>Wed, 16 Sep 2015 14:53:53 GMT</datecreated>
			<flags>0</flags>
			<properties>
				<property>
					<name>Title</name>
					<value><![CDATA[Message keys used in the list formatter]]></value>
				</property>
				<property>
					<name>search.exclude</name>
					<value><![CDATA[all]]></value>
				</property>
			</properties>
			<relations/>
			<accesscontrol/>
		</file>
		<file>
			<source>system/modules/org.opencms.apollo.template.formatters/i18n/org.opencms.apollo.template.formatters.messages</source>
			<destination>system/modules/org.opencms.apollo.template.formatters/i18n/org.opencms.apollo.template.formatters.messages</destination>
			<type>xmlvfsbundle</type>
			<uuidstructure>3c3865cf-515f-11e5-abeb-0242ac11002b</uuidstructure>
			<uuidresource>3c3865d0-515f-11e5-abeb-0242ac11002b</uuidresource>
			<datecreated>Wed, 02 Sep 2015 10:41:57 GMT</datecreated>
			<flags>0</flags>
			<properties>
				<property>
					<name>Title</name>
					<value><![CDATA[Localization for settings]]></value>
				</property>
				<property>
					<name>search.exclude</name>
					<value><![CDATA[all]]></value>
				</property>
			</properties>
			<relations/>
			<accesscontrol/>
		</file>
		<file>
			<destination>system/modules/org.opencms.apollo.template.formatters/pages</destination>
			<type>folder</type>
			<uuidstructure>9bca2568-515e-11e5-abeb-0242ac11002b</uuidstructure>
			<datecreated>Wed, 02 Sep 2015 10:37:28 GMT</datecreated>
			<flags>0</flags>
			<properties/>
			<relations/>
			<accesscontrol/>
		</file>
		<file>
			<source>system/modules/org.opencms.apollo.template.formatters/pages/blog-pdf.jsp</source>
			<destination>system/modules/org.opencms.apollo.template.formatters/pages/blog-pdf.jsp</destination>
			<type>jsp</type>
			<uuidstructure>ca595340-57ca-11e5-a989-0242ac11002b</uuidstructure>
			<uuidresource>ca595341-57ca-11e5-a989-0242ac11002b</uuidresource>
			<datecreated>Thu, 10 Sep 2015 14:46:59 GMT</datecreated>
			<flags>0</flags>
			<properties>
				<property>
					<name>Title</name>
					<value><![CDATA[PDF-Template for blog entries]]></value>
				</property>
				<property type="shared">
					<name>export</name>
					<value><![CDATA[false]]></value>
				</property>
			</properties>
			<relations/>
			<accesscontrol/>
		</file>
		<file>
			<destination>system/modules/org.opencms.apollo.template.formatters/resources</destination>
			<type>folder</type>
			<uuidstructure>21c87bfb-57cc-11e5-a989-0242ac11002b</uuidstructure>
			<datecreated>Thu, 10 Sep 2015 14:56:35 GMT</datecreated>
			<flags>0</flags>
			<properties/>
			<relations/>
			<accesscontrol/>
		</file>
		<file>
			<source>system/modules/org.opencms.apollo.template.formatters/resources/default.png</source>
			<destination>system/modules/org.opencms.apollo.template.formatters/resources/default.png</destination>
			<type>image</type>
			<uuidstructure>59b52296-ecef-11e5-af37-0242ac11002b</uuidstructure>
			<uuidresource>59b52297-ecef-11e5-af37-0242ac11002b</uuidresource>
			<datecreated>Fri, 18 Mar 2016 09:54:05 GMT</datecreated>
			<flags>0</flags>
			<properties>
				<property>
					<name>Title</name>
					<value><![CDATA[Default placeholder image]]></value>
				</property>
				<property type="shared">
					<name>image.size</name>
					<value><![CDATA[w:640,h:480]]></value>
				</property>
			</properties>
			<relations/>
			<accesscontrol/>
		</file>
		<file>
			<destination>system/modules/org.opencms.apollo.template.formatters/resources/js</destination>
			<type>folder</type>
			<uuidstructure>3853a9e1-57cc-11e5-a989-0242ac11002b</uuidstructure>
			<datecreated>Thu, 10 Sep 2015 14:57:13 GMT</datecreated>
			<flags>0</flags>
			<properties/>
			<relations/>
			<accesscontrol/>
		</file>
		<file>
			<destination>system/modules/org.opencms.apollo.template.formatters/resources/js/ugc</destination>
			<type>folder</type>
			<uuidstructure>43005c33-57cc-11e5-a989-0242ac11002b</uuidstructure>
			<datecreated>Thu, 10 Sep 2015 14:57:31 GMT</datecreated>
			<flags>0</flags>
			<properties/>
			<relations/>
			<accesscontrol/>
		</file>
		<file>
			<source>system/modules/org.opencms.apollo.template.formatters/resources/js/ugc/ugc-blog.js</source>
			<destination>system/modules/org.opencms.apollo.template.formatters/resources/js/ugc/ugc-blog.js</destination>
			<type>plain</type>
			<uuidstructure>430ae385-57cc-11e5-a989-0242ac11002b</uuidstructure>
			<uuidresource>430ae386-57cc-11e5-a989-0242ac11002b</uuidresource>
			<datecreated>Thu, 10 Sep 2015 14:57:31 GMT</datecreated>
			<flags>0</flags>
			<properties/>
			<relations/>
			<accesscontrol/>
		</file>
		<file>
			<destination>system/modules/org.opencms.apollo.template.formatters/tags</destination>
			<type>folder</type>
			<uuidstructure>534ed022-d65b-11e5-b10a-0242ac11002b</uuidstructure>
			<datecreated>Thu, 18 Feb 2016 16:19:03 GMT</datecreated>
			<flags>0</flags>
			<properties/>
			<relations/>
			<accesscontrol/>
		</file>
		<file>
			<source>system/modules/org.opencms.apollo.template.formatters/tags/container-box.tag</source>
			<destination>system/modules/org.opencms.apollo.template.formatters/tags/container-box.tag</destination>
			<type>jsp</type>
			<uuidstructure>53d77972-d661-11e5-b10a-0242ac11002b</uuidstructure>
			<uuidresource>53d77973-d661-11e5-b10a-0242ac11002b</uuidresource>
			<datecreated>Thu, 18 Feb 2016 17:02:01 GMT</datecreated>
			<flags>0</flags>
			<properties>
				<property>
					<name>Title</name>
					<value><![CDATA[Container box tag]]></value>
				</property>
				<property type="shared">
					<name>export</name>
					<value><![CDATA[false]]></value>
				</property>
			</properties>
			<relations/>
			<accesscontrol/>
		</file>
		<file>
			<source>system/modules/org.opencms.apollo.template.formatters/tags/image-vars.tag</source>
			<destination>system/modules/org.opencms.apollo.template.formatters/tags/image-vars.tag</destination>
			<type>jsp</type>
			<uuidstructure>d595a379-ecfe-11e5-af37-0242ac11002b</uuidstructure>
			<uuidresource>d595a37a-ecfe-11e5-af37-0242ac11002b</uuidresource>
			<datecreated>Fri, 18 Mar 2016 11:44:55 GMT</datecreated>
			<flags>0</flags>
			<properties>
				<property>
					<name>Title</name>
					<value><![CDATA[Image variable access tag]]></value>
				</property>
				<property type="shared">
					<name>export</name>
					<value><![CDATA[false]]></value>
				</property>
			</properties>
			<relations/>
			<accesscontrol/>
		</file>
		<file>
			<destination>system/modules/org.opencms.apollo.template.formatters/templates</destination>
			<type>folder</type>
			<uuidstructure>25916b8c-5157-11e5-abeb-0242ac11002b</uuidstructure>
			<datecreated>Wed, 02 Sep 2015 09:44:03 GMT</datecreated>
			<flags>0</flags>
			<properties/>
			<relations/>
			<accesscontrol/>
		</file>
		<file>
			<source>system/modules/org.opencms.apollo.template.formatters/templates/apollo-page.jsp</source>
			<destination>system/modules/org.opencms.apollo.template.formatters/templates/apollo-page.jsp</destination>
			<type>containerpage_template</type>
			<uuidstructure>fe140e08-5162-11e5-abeb-0242ac11002b</uuidstructure>
			<uuidresource>fe140e09-5162-11e5-abeb-0242ac11002b</uuidresource>
			<datecreated>Wed, 02 Sep 2015 11:08:51 GMT</datecreated>
			<flags>0</flags>
			<properties>
				<property>
					<name>Title</name>
					<value><![CDATA[Apollo Page]]></value>
				</property>
				<property>
					<name>cache</name>
					<value><![CDATA[uri;locale]]></value>
				</property>
				<property>
					<name>template</name>
					<value><![CDATA[/system/modules/org.opencms.apollo.template.basics/resources/css/style-editor.css]]></value>
				</property>
				<property>
					<name>template.provider</name>
					<value><![CDATA[provider=org.opencms.loader.CmsDefaultTemplateContextProvider,template=%(templatepath)]]></value>
				</property>
			</properties>
			<relations/>
			<accesscontrol/>
		</file>
	</files>
</export>
