<?xml version="1.0" encoding="UTF-8"?>

<ApolloSections xmlns:xsi="http://www.w3.org/2001/XMLSchema-instance" xsi:noNamespaceSchemaLocation="opencms://system/modules/org.opencms.apollo.template.schemas/schemas/section.xsd">
  <ApolloSection language="en">
    <Headline><![CDATA[Open Element Settings]]></Headline>
    <Text name="Text0">
      <links/>
      <content><![CDATA[<p>This is the default placeholder text that is copied.</p>]]></content>
    </Text>
    <Image>
      <Image>
        <link type="WEAK">
          <target><![CDATA[/sites/default/tutorial/.galleries/tutorial-images/tut-22.png]]></target>
          <uuid>6547f857-f055-11e5-b20f-0242ac11002b</uuid>
        </link>
      </Image>
    </Image>
  </ApolloSection>
</ApolloSections>
