<?xml version="1.0" encoding="UTF-8"?>

<ApolloSections xmlns:xsi="http://www.w3.org/2001/XMLSchema-instance" xsi:noNamespaceSchemaLocation="opencms://system/modules/org.opencms.apollo.template.schemas/schemas/section.xsd">
  <ApolloSection language="en">
    <Headline><![CDATA[Release Notes for OpenCms 8.0.2]]></Headline>
    <Text name="Text0">
      <links>
        <link name="link0" internal="false" type="A">
          <target><![CDATA[https://github.com/alkacon/opencms-core]]></target>
        </link>
        <link name="link1" internal="true" type="A">
          <target><![CDATA[/sites/default/release/mailing-list/index.html]]></target>
          <uuid>26651f1b-6066-11e5-9199-0242ac11002b</uuid>
        </link>
        <link name="link2" internal="false" type="A">
          <target><![CDATA[http://bugzilla.opencms.org/]]></target>
        </link>
      </links>
      <content><![CDATA[<p>August 18, 2011: This is the release of OpenCms 8.0.2. Some important additional features have been added to OpenCms 8 in this version. Moreover, a number of issues that persisted in the 8.0.1 release have been fixed.</p>
<h2>Important features of OpenCms 8</h2>
<ul>
<li>The "Advanced Direct Edit" (ADE) mode allows to create page content by drag &amp; drop.</li>
<li>The sitemap editor allows to create new pages and re-arrange the navigation tree by drag &amp; drop.</li>
<li>The "Content Subscription Engine" allows to inform users when subscribed documents have changed.</li>
<li>Extended support for creation of content for mobile devices with the &lt;cms:mobile&gt; tag.</li>
</ul>
<h2>Main new features in OpenCms 8.0.2</h2>
<ul>
<li>It's now possible to easily enable drag &amp; drop for any existing JSP. Just create a reference to the JSP with the new ADE resource type "Dynamic Function". See the "Login Box" or "Search Box" in the Template III demo for examples.</li>
<li>Refined element permissions for ADE now support Elements dragable by everyone, but editable only with special permissions.</li>
<li>The sitemap editor now displays status information such as title and VFS location above the currently edited sitemap. It also features a "go to the parent sitemap" button in the toolbar.</li>
<li>Group containers now have a "Break Up" option which removes the group and places all elements individually on currently edited page, making it easier to create pages with slightly different configurations.</li>
<li>If a content is previewed in the ADE content gallery, it can now directly be dragged &amp; dropped from the content preview to the current page.</li>
<li>The legacy direct edit provider for pages using "old" templates now allows to open the "Property" dialog to edit the page properties in direct edit mode. Moreover, it also features a "Logout" option.</li>
<li>A full demo of the content subscription engine has been added to Template III.</li>
</ul>
<h2>Other new features and improvements in OpenCms 8.0.2</h2>
<ul>
<li>Optimized gallery performance using dynamic scroll-bar and lazily added elements in gallery list.</li>
<li>Refined naming schema for automatically created resources now uses "-" instead of "_" for SEO reasons.</li>
<li>Restyled message box on top screen now follows the general OpenCms 8 look &amp; feel.</li>
<li>Refined the option in the "Simple" tab of the new ADE Properties Dialog.</li>
<li>Improved sitemap configuration with "Combo Box" displaying all configured resource types.</li>
<li>Improved sitemap configuration with option "Local contents" to create all new resources automatically below the current sitemap.</li>
<li>Improved sitemap configuration with new option "Disable all" to disable all inherited configurations.</li>
<li>Improved sitemap editor now shows sub sitemap folder resource type icon if a resource is the start of a Sub-Sitemap.</li>
<li>Added new EL function for JSP that tests if a detail page is configured for a resource type.</li>
<li>Improved server side filtering of &lt;script&gt; tags in user generated content of ADE elements.</li>
<li>New XSD path translation feature allows to configure old and new location for moved XSD files that are referenced in existing XML resouces.</li>
<li>Removed jQuery references from the devDemo module to simplify it.</li>
<li>Unified VFS image widget now used for different gallery types.</li>
<li>Changed some JSPs for Template III to use %(link.strong) macro.</li>
<li>ADE base schemas are now stored in Java package files, not VFS.</li>
<li>Applied patch to abstrract the Lucene index writer used, contributed by Florian Hopf.</li>
</ul>
<h2>Fixed issues in OpenCms 8.0.2</h2>
<ul>
<li>Fixed issue in ADE Editor where elements last used (edited, moved, removed, etc.) where not moved to top of the "recent" list.</li>
<li>Fixed issue in the ADE gallery full text search of the "Advanced" tab, where options were not shown correctly in localized versions.</li>
<li>Fixed issue in sitemap editor, where creating a new page resulted in different names if either the "+" symbol in the top menu or the context menu was used.</li>
<li>Fixed issue that sitemap editor in online projects displayed only an empty page., instead the sitemap in now shown in "read only" mode.</li>
<li>Fixed issue in the sitemap editor where the "Back" button was not working anymore when the sitemap got changed.</li>
<li>Fixed issue with sitemap / module configuration and OCEE cache, where a previously added element was not visible when editing it again.</li>
<li>Fixed issue that deleting a user with Root-Admin role failed.</li>
<li>Fixed issue where the toolbar could not be switched off in "old" version 7 templates.</li>
<li>Fixed several issues in image gallery regarding scaling, resizing, cropping and setting of title / alt text when editing xmlpages.</li>
<li>Fixed several issues in download gallery regarding the creation of download links when editing xmlpages.</li>
<li>Fixed issue that the ADE button may become overlayed and thus unreachable when pasting external script code in a container.</li>
<li>Fixed issue with mouse over handling where buttons often still shown even though the mouse pointer was no longer above the item.</li>
<li>Fixed issues that creating a new detail page for a content type in ADE sitemap created a blank container page and not the default model page.</li>
<li>Fixed issue that drag &amp; drop of elements did not work if the element type was not configured in the ADE configuration.</li>
<li>Fixed issues with preview in galleries regarding scrolling and localization.</li>
<li>Fixed issue within image gallery where the fields "Title/Alt Text" and "Copyright" were not filled with the according property values of the selected image.</li>
<li>Fixed issue that when a new page is created and repeatedly renamed in the sitemap editor an exception might get thrown in the ADE Editor when this page was edited afterwards.</li>
<li>Fixed several issues in style and coloring.</li>
<li>Fixed issue that in certain cases the position of a page in the navigation as defined in the sitemap editor was lost after leaving the sitemap editor.</li>
<li>Fixed issue that a ConcurrentModificationException happened sometimes when demo content modules were imported.</li>
<li>Fixed issue that paging in Template III search did not work.</li>
<li>Fixed issue in sitemap editor that the icon of a sub-sitemap moved around in the sitemap changed to the container page icon.</li>
<li>Fixed issue where articles assigned to categories where not found in the ADE new wizard.</li>
<li>Fixed issue where the "Show last page" button did not work anymore when switching from the sitemap editor to the parent sitemap.</li>
<li>Fixed issues with the "Favorites" tab in the ADE clipboard where elements appeared multiple times or removal of elements failed.</li>
<li>Fixed issue that newly created empty group containers vanished if the title was not entered.</li>
<li>Fixed issue in the property dialog where inherited values were displayed ambiguously after entering / leaving the field without changes.</li>
<li>Fixed issue #1976:  Error in ADE to create new section.</li>
<li>Fixed issue #1982: "change navigation" fails on expired resources.</li>
<li>Fixed issue #1983: Can't create user under sub "Webuser organizational unit".</li>
<li>Fixed issue #1986: ADE toolbar cannot be closed when using &lt;cms:editable /&gt;.</li>
<li>Fixed issue #1988: ADE toolbar covers &lt;cms:editable/&gt; "direct edit" button.</li>
<li>Fixed issue #1989: When leaving the ADE sitemap “/cms/” (servlet-mapping) remains in the path.</li>
</ul>
<h2>Other features of OpenCms</h2>
<ul>
<li>"Direct Edit" allows creation and modification of content directly from a web page.</li>
<li>Structured contents can be defined using a simple XML schema.</li>
<li>Includes editors with WYSIWYG and syntax highlighting functionality.</li>
<li>Easy to use "Online / Offline" workflow, changes must be approved before they become visible.</li>
<li>Link management for all internal resources with broken link detection.</li>
<li>Support for WebDAV access to all resources in the OpenCms repository.</li>
<li>Integrated image scaling and cropping.</li>
<li>Full featured internal user management that supports the concept of "Organizational Units" (OUs).</li>
<li>Allows management of multiple websites within one installation.</li>
<li>Contents can be served dynamically or exported to static HTML files.</li>
<li>Extensions can be added through a flexible module system.</li>
<li>Full text search for web pages, but also in PDF, MS Office documents etc.</li>
<li>The "time warp" feature allows to view resources which are expired or not yet released.</li>
<li>JSP integration for dynamic functionality in templates, dynamic forms etc.</li>
<li>Distribution includes a complete demo website "Wonderful World of Flowers".</li>
<li>... and many more</li>
</ul>
<h2>Backward compatibility</h2>
<p>We recommend everyone who uses OpenCms to update to the 8.0.2 release.</p>
<p>OpenCms 8.0.2 is fully backward compatible to all prior 7.x versions. Templates and other OpenCms developed code from version 7.0 or 7.5 should work "out of the box" with version 8.0.2.</p>
<p><strong>Notice for users of Alkacon OCEE:</strong> OpenCms version 8.0.2 requires Alkacon OCEE version 3.0.2 or later. In case you want to update your OpenCms installation to 8.0.2, please make sure you update Alkacon OCEE to 3.0.2 or later first!</p>
<h2>Compatibility with Java versions, Servlet containers and Databases</h2>
<p>OpenCms 8.0 has been written and tested using Java 5 / 6. We have tested only with Oracles version (formerly SUNs version) of the JDK. However, OpenCms has no dependencies to sun.* packages so it should in theory run with all compliant JVMs.</p>
<p>We have tested this release on the Tomcat servlet engine. OpenCms works "out of the box" with Tomcat 6.0, which we recommend. Others have reported deploying OpenCms successfully on other servlet containers like JBoss, BEA, Websphere, Glassfish and Resin Professional. We appreciate any feedback regarding other servlet containers.</p>
<p>On the database side, we have tested with MySQL 5.x, Oracle 9.x and Oracle 10.x, as well as PostgreSQL 8.2.x, MS SQL Server 2000 / 2003, DB2 9.1 and HSQLDB 1.8.0. The automatic update wizard for OpenCms 8 supports MySQL, Oracle and PostgreSQL.</p>
<h2>Regarding version numbers and build tags</h2>
<p>In case you want to check out OpenCms from Git, please keep the following in mind: The tag numbers for all OpenCms 8.0 final releases are "build_8_0_x", so the 8.0.2 release is tagged "build_8_0_2".</p>
<p>The main OpenCms Git repository is available on Github at <a href="%(link0)">github.com/alkacon/opencms-core</a>.</p>
<h2>How you can help</h2>
<p>Contributions to the OpenCms core development are most welcome. Please contact the core development team on the <a href="%(link1)">opencms-dev</a> mailing list in case you are interested in supporting the development of OpenCms.</p>
<p>Please use our Bugzilla to report bugs in this release: <a href="%(link2)">http://bugzilla.opencms.org/</a></p>
<p> </p>
<p>Thank you for using OpenCms and have fun with OpenCms 8 :-)</p>]]></content>
    </Text>
  </ApolloSection>
</ApolloSections>
