<?xml version="1.0" encoding="UTF-8"?>

<ApolloMaps xmlns:xsi="http://www.w3.org/2001/XMLSchema-instance" xsi:noNamespaceSchemaLocation="opencms://system/modules/org.opencms.apollo.template.schemas/schemas/map.xsd">
  <ApolloMap language="en">
    <Headline><![CDATA[Olympia Grand Hall]]></Headline>
    <Text name="Text0">
      <links/>
      <content/>
    </Text>
    <MapSize><![CDATA[100%x400]]></MapSize>
    <MapType><![CDATA[ROADMAP]]></MapType>
    <MapZoom><![CDATA[14]]></MapZoom>
    <Route>false</Route>
    <ShowMarkers>true</ShowMarkers>
    <MapCoord>
      <Caption/>
      <Coord><![CDATA[{"lat":51.4960948,"lng":-0.21109400000000278,"zoom":14,"type":"roadmap","mode":"dynamic","address":"Olympia, London W14, Vereinigtes Königreich"}]]></Coord>
    </MapCoord>
  </ApolloMap>
</ApolloMaps>
