<?xml version="1.0" encoding="UTF-8"?>

<ApolloMaps xmlns:xsi="http://www.w3.org/2001/XMLSchema-instance" xsi:noNamespaceSchemaLocation="opencms://system/modules/org.opencms.apollo.template.schemas/schemas/map.xsd">
  <ApolloMap language="en">
    <Headline><![CDATA[Alkacon office map]]></Headline>
    <Text name="Text0">
      <links/>
      <content/>
    </Text>
    <MapSize><![CDATA[100%x250]]></MapSize>
    <MapType><![CDATA[ROADMAP]]></MapType>
    <MapZoom><![CDATA[10]]></MapZoom>
    <Route>false</Route>
    <ShowMarkers>true</ShowMarkers>
    <MapCoord>
      <Caption><![CDATA[Alkacon Software Headquarters]]></Caption>
      <Address><![CDATA[An der Wachsfabrik 13
50996 Köln (Cologne)
Germany]]></Address>
      <Coord><![CDATA[{"lat":50.8704,"lng":6.998180000000048,"zoom":13,"type":"roadmap","mode":"dynamic","address":"An der Wachsfabrik 13, 50996 Köln, Deutschland"}]]></Coord>
    </MapCoord>
  </ApolloMap>
</ApolloMaps>
