<?xml version="1.0" encoding="UTF-8"?>

<ApolloMaps xmlns:xsi="http://www.w3.org/2001/XMLSchema-instance" xsi:noNamespaceSchemaLocation="opencms://system/modules/org.opencms.apollo.template.schemas/schemas/map.xsd">
  <ApolloMap language="en">
    <Headline><![CDATA[Lawrence Hall of Science]]></Headline>
    <Text name="Text0">
      <links/>
      <content/>
    </Text>
    <MapSize><![CDATA[100%x400]]></MapSize>
    <MapType><![CDATA[ROADMAP]]></MapType>
    <MapZoom><![CDATA[14]]></MapZoom>
    <Route>true</Route>
    <ShowMarkers>true</ShowMarkers>
    <MapCoord>
      <Caption/>
      <Coord><![CDATA[{"lat":37.8794118,"lng":-122.2463237,"zoom":14,"type":"roadmap","mode":"dynamic","address":"1 Centennial Dr, Berkeley, CA 94720, USA"}]]></Coord>
    </MapCoord>
  </ApolloMap>
</ApolloMaps>
