<?xml version="1.0" encoding="UTF-8"?>

<ApolloEvents xmlns:xsi="http://www.w3.org/2001/XMLSchema-instance" xsi:noNamespaceSchemaLocation="opencms://system/modules/org.opencms.apollo.template.schemas/schemas/event.xsd">
  <ApolloEvent language="en">
    <Title><![CDATA[Christmas Tree Convention]]></Title>
    <Date>1482652800000</Date>
    <EndDate>1482681600000</EndDate>
    <Teaser><![CDATA[Sed fringilla mauris sit amet nibh. Donec sodales sagittis magna.]]></Teaser>
    <Paragraph>
      <Text name="Text0">
        <links/>
        <content><![CDATA[<p>Etiam sit amet orci eget eros faucibus tincidunt. Duis leo. Sed fringilla mauris sit amet nibh. Donec sodales sagittis magna. Sed consequat, leo eget bibendum sodales, augue velit cursus nunc, quis gravida magna mi a libero. Fusce vulputate eleifend sapien. Vestibulum purus quam, scelerisque ut, mollis sed, nonummy id, metus. Nullam accumsan lorem in dui. Cras ultricies mi eu turpis hendrerit fringilla. Vestibulum ante ipsum primis in faucibus orci luctus et ultrices posuere cubilia Curae; In ac dui quis mi consectetuer lacinia. Nam pretium turpis et arcu.</p>]]></content>
      </Text>
      <Image>
        <Image>
          <link type="WEAK">
            <target><![CDATA[/sites/default/.galleries/samples/41.jpg]]></target>
            <uuid>626949db-61f4-11e5-bcba-0242ac11002b</uuid>
          </link>
        </Image>
        <Title/>
      </Image>
    </Paragraph>
    <Category>
      <link type="WEAK">
        <target><![CDATA[/sites/default/.categories/location/europe/]]></target>
        <uuid>e73ef9d1-7193-11e0-87bc-000c2972a6a4</uuid>
      </link>
      <link type="WEAK">
        <target><![CDATA[/sites/default/.categories/topic/machines/]]></target>
        <uuid>caf3e85e-5534-11e4-af67-005056b61161</uuid>
      </link>
    </Category>
    <Location><![CDATA[Haus der Kulturen der Welt, Berlin]]></Location>
    <Address name="Address0">
      <links/>
      <content><![CDATA[<div class="cards-text-truncate-and-wrap">John-Foster-Dulles-Allee 10<br />10557 Berlin<br />Germany</div>]]></content>
    </Address>
  </ApolloEvent>
</ApolloEvents>
