<?xml version="1.0" encoding="UTF-8"?>

<ApolloEvents xmlns:xsi="http://www.w3.org/2001/XMLSchema-instance" xsi:noNamespaceSchemaLocation="opencms://system/modules/org.opencms.apollo.template.schemas/schemas/event.xsd">
  <ApolloEvent language="en">
    <Title><![CDATA[Happy Hacking Days]]></Title>
    <Date>1478160000000</Date>
    <EndDate>1478188800000</EndDate>
    <Teaser><![CDATA[Duis arcu tortor, suscipit eget, imperdiet nec, imperdiet iaculis, ipsum. Sed aliquam ultrices mauris. ]]></Teaser>
    <Paragraph>
      <Text name="Text0">
        <links/>
        <content><![CDATA[<p>Duis arcu tortor, suscipit eget, imperdiet nec, imperdiet iaculis, ipsum. Sed aliquam ultrices mauris. Integer ante arcu, accumsan a, consectetuer eget, posuere ut, mauris. Praesent adipiscing. Phasellus ullamcorper ipsum rutrum nunc. Nunc nonummy metus. Vestibulum volutpat pretium libero. Cras id dui. Aenean ut eros et nisl sagittis vestibulum. Nullam nulla eros, ultricies sit amet, nonummy id, imperdiet feugiat, pede. Sed lectus. Donec mollis hendrerit risus. Phasellus nec sem in justo pellentesque facilisis. Etiam imperdiet imperdiet orci. Nunc nec neque.</p>]]></content>
      </Text>
      <Image>
        <Image>
          <link type="WEAK">
            <target><![CDATA[/sites/default/.galleries/samples/40.jpg]]></target>
            <uuid>61eb6748-61f4-11e5-bcba-0242ac11002b</uuid>
          </link>
        </Image>
        <Title/>
        <Copyright><![CDATA[By Namedina. Cropped by Oleg Alexandrov (Own work) [GFDL (http://www.gnu.org/copyleft/fdl.html), CC-BY-SA-3.0 (http://creativecommons.org/licenses/by-sa/3.0/) or CC BY 2.5 (http://creativecommons.org/licenses/by/2.5)], via Wikimedia Commons]]></Copyright>
      </Image>
    </Paragraph>
    <Category>
      <link type="WEAK">
        <target><![CDATA[/sites/default/.categories/location/northamerica/]]></target>
        <uuid>f41fca37-7193-11e0-87bc-000c2972a6a4</uuid>
      </link>
      <link type="WEAK">
        <target><![CDATA[/sites/default/.categories/topic/machines/]]></target>
        <uuid>caf3e85e-5534-11e4-af67-005056b61161</uuid>
      </link>
    </Category>
    <Location><![CDATA[Lawrence Hall of Science, San Francisco]]></Location>
    <Address name="Address0">
      <links/>
      <content><![CDATA[<p>1 Centennial Drive<br />Berkeley, CA 94720-5200<br />510-642-5132</p>]]></content>
    </Address>
  </ApolloEvent>
</ApolloEvents>
