<?xml version="1.0" encoding="UTF-8"?>

<AlkaconContainerPages xmlns:xsi="http://www.w3.org/2001/XMLSchema-instance" xsi:noNamespaceSchemaLocation="opencms://system/modules/org.opencms.ade.containerpage/schemas/container_page.xsd">
  <AlkaconContainerPage language="en">
    <Containers>
      <Name><![CDATA[dc3f5c03-ec40-11e5-8519-0242ac11002b-c1]]></Name>
      <Type><![CDATA[container]]></Type>
      <ParentInstanceId><![CDATA[dc3f5c03-ec40-11e5-8519-0242ac11002b]]></ParentInstanceId>
      <Elements>
        <Uri>
          <link type="STRONG">
            <target><![CDATA[/sites/default/apollo-demo/.content/templaterows/tr_00006.xml]]></target>
            <uuid>8e8f2bee-eb95-11e5-8519-0242ac11002b</uuid>
          </link>
        </Uri>
        <Formatter>
          <link type="STRONG">
            <target><![CDATA[/system/modules/org.opencms.apollo.template.formatters/formatters/layoutrow.jsp]]></target>
            <uuid>d652a05d-523d-11e5-9495-0242ac11002b</uuid>
          </link>
        </Formatter>
        <Properties>
          <Name><![CDATA[element_instance_id]]></Name>
          <Value>
            <String><![CDATA[9afd51c3-ef6b-11e5-9b44-0242ac11002b]]></String>
          </Value>
        </Properties>
        <Properties>
          <Name><![CDATA[formatterSettings#dc3f5c03-ec40-11e5-8519-0242ac11002b-c1]]></Name>
          <Value>
            <String><![CDATA[d65670f0-523d-11e5-9495-0242ac11002b]]></String>
          </Value>
        </Properties>
      </Elements>
    </Containers>
    <Containers>
      <Name><![CDATA[9afd51c3-ef6b-11e5-9b44-0242ac11002b-c1]]></Name>
      <Type><![CDATA[default]]></Type>
      <ParentInstanceId><![CDATA[9afd51c3-ef6b-11e5-9b44-0242ac11002b]]></ParentInstanceId>
      <Elements>
        <Uri>
          <link type="STRONG">
            <target><![CDATA[/sites/default/apollo-demo/.content/contentsections/cs_00011.xml]]></target>
            <uuid>1d383bc6-6076-11e5-9eef-0242ac11002b</uuid>
          </link>
        </Uri>
        <Formatter>
          <link type="STRONG">
            <target><![CDATA[/sites/default/.formatters/section-head-image-text.xml]]></target>
            <uuid>c6236d09-eec0-11e5-a02c-0242ac11002b</uuid>
          </link>
        </Formatter>
        <Properties>
          <Name><![CDATA[ilink]]></Name>
          <Value>
            <String><![CDATA[none]]></String>
          </Value>
        </Properties>
        <Properties>
          <Name><![CDATA[istyle]]></Name>
          <Value>
            <String><![CDATA[ap-img-v0]]></String>
          </Value>
        </Properties>
        <Properties>
          <Name><![CDATA[ieffect]]></Name>
          <Value>
            <String><![CDATA[none]]></String>
          </Value>
        </Properties>
        <Properties>
          <Name><![CDATA[itext]]></Name>
          <Value>
            <String><![CDATA[none]]></String>
          </Value>
        </Properties>
        <Properties>
          <Name><![CDATA[hsize]]></Name>
          <Value>
            <String><![CDATA[h2]]></String>
          </Value>
        </Properties>
        <Properties>
          <Name><![CDATA[formatterSettings#9afd51c3-ef6b-11e5-9b44-0242ac11002b-c1]]></Name>
          <Value>
            <String><![CDATA[c6236d09-eec0-11e5-a02c-0242ac11002b]]></String>
          </Value>
        </Properties>
        <Properties>
          <Name><![CDATA[tstyle]]></Name>
          <Value>
            <String><![CDATA[ap-plain]]></String>
          </Value>
        </Properties>
        <Properties>
          <Name><![CDATA[element_instance_id]]></Name>
          <Value>
            <String><![CDATA[a57e1216-ef6b-11e5-9b44-0242ac11002b]]></String>
          </Value>
        </Properties>
        <Properties>
          <Name><![CDATA[hstyle]]></Name>
          <Value>
            <String><![CDATA[headline]]></String>
          </Value>
        </Properties>
      </Elements>
    </Containers>
    <Containers>
      <Name><![CDATA[9afd51c3-ef6b-11e5-9b44-0242ac11002b-c2]]></Name>
      <Type><![CDATA[default]]></Type>
      <ParentInstanceId><![CDATA[9afd51c3-ef6b-11e5-9b44-0242ac11002b]]></ParentInstanceId>
      <Elements>
        <Uri>
          <link type="STRONG">
            <target><![CDATA[/sites/default/apollo-demo/.content/contentsections/cs_00092.xml]]></target>
            <uuid>9f28307e-ef63-11e5-9d65-0242ac11002b</uuid>
          </link>
        </Uri>
        <Formatter>
          <link type="STRONG">
            <target><![CDATA[/sites/default/.formatters/section-head-image-text.xml]]></target>
            <uuid>c6236d09-eec0-11e5-a02c-0242ac11002b</uuid>
          </link>
        </Formatter>
        <Properties>
          <Name><![CDATA[ilink]]></Name>
          <Value>
            <String><![CDATA[none]]></String>
          </Value>
        </Properties>
        <Properties>
          <Name><![CDATA[istyle]]></Name>
          <Value>
            <String><![CDATA[ap-img-v0]]></String>
          </Value>
        </Properties>
        <Properties>
          <Name><![CDATA[ieffect]]></Name>
          <Value>
            <String><![CDATA[none]]></String>
          </Value>
        </Properties>
        <Properties>
          <Name><![CDATA[itext]]></Name>
          <Value>
            <String><![CDATA[none]]></String>
          </Value>
        </Properties>
        <Properties>
          <Name><![CDATA[formatterSettings#9afd51c3-ef6b-11e5-9b44-0242ac11002b-c2]]></Name>
          <Value>
            <String><![CDATA[c6236d09-eec0-11e5-a02c-0242ac11002b]]></String>
          </Value>
        </Properties>
        <Properties>
          <Name><![CDATA[hsize]]></Name>
          <Value>
            <String><![CDATA[h2]]></String>
          </Value>
        </Properties>
        <Properties>
          <Name><![CDATA[tstyle]]></Name>
          <Value>
            <String><![CDATA[ap-plain]]></String>
          </Value>
        </Properties>
        <Properties>
          <Name><![CDATA[element_instance_id]]></Name>
          <Value>
            <String><![CDATA[b341a157-ef6b-11e5-9b44-0242ac11002b]]></String>
          </Value>
        </Properties>
        <Properties>
          <Name><![CDATA[hstyle]]></Name>
          <Value>
            <String><![CDATA[headline]]></String>
          </Value>
        </Properties>
      </Elements>
    </Containers>
  </AlkaconContainerPage>
</AlkaconContainerPages>
