<?xml version="1.0" encoding="UTF-8"?>

<AlkaconContainerPages xmlns:xsi="http://www.w3.org/2001/XMLSchema-instance" xsi:noNamespaceSchemaLocation="opencms://system/modules/org.opencms.ade.containerpage/schemas/container_page.xsd">
  <AlkaconContainerPage language="en">
    <Containers>
      <Name><![CDATA[base_container]]></Name>
      <Type><![CDATA[base_container]]></Type>
      <Elements>
        <Uri>
          <link type="STRONG">
            <target><![CDATA[/sites/default/.content/templaterows/tr_00001.xml]]></target>
            <uuid>2db2879c-562d-11e5-bfd9-0242ac11002b</uuid>
          </link>
        </Uri>
        <Formatter>
          <link type="STRONG">
            <target><![CDATA[/system/modules/org.opencms.apollo.template.formatters/formatters/layoutrow.jsp]]></target>
            <uuid>d652a05d-523d-11e5-9495-0242ac11002b</uuid>
          </link>
        </Formatter>
        <Properties>
          <Name><![CDATA[detail]]></Name>
          <Value>
            <String><![CDATA[none]]></String>
          </Value>
        </Properties>
        <Properties>
          <Name><![CDATA[model_group_title]]></Name>
          <Value>
            <String><![CDATA[Mainsection grid 3-9 with left navigation]]></String>
          </Value>
        </Properties>
        <Properties>
          <Name><![CDATA[formatterSettings#page-complete]]></Name>
          <Value>
            <String><![CDATA[d65670f0-523d-11e5-9495-0242ac11002b]]></String>
          </Value>
        </Properties>
        <Properties>
          <Name><![CDATA[use_as_copy_model]]></Name>
          <Value>
            <String><![CDATA[true]]></String>
          </Value>
        </Properties>
        <Properties>
          <Name><![CDATA[model_group_id]]></Name>
          <Value>
            <String><![CDATA[6fb25d7e-ed43-11e5-a02c-0242ac11002b]]></String>
          </Value>
        </Properties>
        <Properties>
          <Name><![CDATA[element_instance_id]]></Name>
          <Value>
            <String><![CDATA[26cbcc48-ed43-11e5-a02c-0242ac11002b]]></String>
          </Value>
        </Properties>
        <Properties>
          <Name><![CDATA[model_group_description]]></Name>
          <Value>
            <String><![CDATA[For creating page layouts]]></String>
          </Value>
        </Properties>
        <Properties>
          <Name><![CDATA[model_group_state]]></Name>
          <Value>
            <String><![CDATA[isModelGroup]]></String>
          </Value>
        </Properties>
      </Elements>
    </Containers>
    <Containers>
      <Name><![CDATA[bc48c576-ef61-11e5-9d65-0242ac11002b-g1]]></Name>
      <Type><![CDATA[grid]]></Type>
      <ParentInstanceId><![CDATA[bc48c576-ef61-11e5-9d65-0242ac11002b]]></ParentInstanceId>
      <Elements>
        <Uri>
          <link type="STRONG">
            <target><![CDATA[/sites/default/.content/templaterows/tr_00008.xml]]></target>
            <uuid>2474a0ee-eb8c-11e5-8519-0242ac11002b</uuid>
          </link>
        </Uri>
        <Formatter>
          <link type="STRONG">
            <target><![CDATA[/system/modules/org.opencms.apollo.template.formatters/formatters/layoutrow.jsp]]></target>
            <uuid>d652a05d-523d-11e5-9495-0242ac11002b</uuid>
          </link>
        </Formatter>
        <Properties>
          <Name><![CDATA[detail]]></Name>
          <Value>
            <String><![CDATA[none]]></String>
          </Value>
        </Properties>
        <Properties>
          <Name><![CDATA[use_as_copy_model]]></Name>
          <Value>
            <String><![CDATA[false]]></String>
          </Value>
        </Properties>
        <Properties>
          <Name><![CDATA[formatterSettings#bc48c576-ef61-11e5-9d65-0242ac11002b-g1]]></Name>
          <Value>
            <String><![CDATA[d65670f0-523d-11e5-9495-0242ac11002b]]></String>
          </Value>
        </Properties>
        <Properties>
          <Name><![CDATA[element_instance_id]]></Name>
          <Value>
            <String><![CDATA[bc48c577-ef61-11e5-9d65-0242ac11002b]]></String>
          </Value>
        </Properties>
        <Properties>
          <Name><![CDATA[model_group_state]]></Name>
          <Value>
            <String><![CDATA[noGroup]]></String>
          </Value>
        </Properties>
      </Elements>
    </Containers>
    <Containers>
      <Name><![CDATA[26cbcc48-ed43-11e5-a02c-0242ac11002b-c1]]></Name>
      <Type><![CDATA[mainsection]]></Type>
      <ParentInstanceId><![CDATA[26cbcc48-ed43-11e5-a02c-0242ac11002b]]></ParentInstanceId>
      <Elements>
        <Uri>
          <link type="STRONG">
            <target><![CDATA[/sites/default/.content/templaterows/tr_00006.xml]]></target>
            <uuid>654a63c0-eb90-11e5-8519-0242ac11002b</uuid>
          </link>
        </Uri>
        <Formatter>
          <link type="STRONG">
            <target><![CDATA[/system/modules/org.opencms.apollo.template.formatters/formatters/layoutrow.jsp]]></target>
            <uuid>d652a05d-523d-11e5-9495-0242ac11002b</uuid>
          </link>
        </Formatter>
        <Properties>
          <Name><![CDATA[detail]]></Name>
          <Value>
            <String><![CDATA[none]]></String>
          </Value>
        </Properties>
        <Properties>
          <Name><![CDATA[formatterSettings#26cbcc48-ed43-11e5-a02c-0242ac11002b-c1]]></Name>
          <Value>
            <String><![CDATA[d65670f0-523d-11e5-9495-0242ac11002b]]></String>
          </Value>
        </Properties>
        <Properties>
          <Name><![CDATA[param]]></Name>
          <Value>
            <String><![CDATA[mt-20]]></String>
          </Value>
        </Properties>
        <Properties>
          <Name><![CDATA[use_as_copy_model]]></Name>
          <Value>
            <String><![CDATA[false]]></String>
          </Value>
        </Properties>
        <Properties>
          <Name><![CDATA[element_instance_id]]></Name>
          <Value>
            <String><![CDATA[bc48c576-ef61-11e5-9d65-0242ac11002b]]></String>
          </Value>
        </Properties>
        <Properties>
          <Name><![CDATA[model_group_state]]></Name>
          <Value>
            <String><![CDATA[noGroup]]></String>
          </Value>
        </Properties>
      </Elements>
    </Containers>
    <Containers>
      <Name><![CDATA[bc48c578-ef61-11e5-9d65-0242ac11002b-c1]]></Name>
      <Type><![CDATA[default]]></Type>
      <ParentInstanceId><![CDATA[bc48c578-ef61-11e5-9d65-0242ac11002b]]></ParentInstanceId>
      <Elements>
        <Uri>
          <link type="STRONG">
            <target><![CDATA[/sites/default/apollo-demo/.content/navigations/nv_00002.xml]]></target>
            <uuid>860bc28c-5c73-11e5-96ab-0242ac11002b</uuid>
          </link>
        </Uri>
        <Formatter>
          <link type="STRONG">
            <target><![CDATA[/system/modules/org.opencms.apollo.template.formatters/formatters/navigation-side.jsp]]></target>
            <uuid>c00f205c-5605-11e5-b868-0242ac11002b</uuid>
          </link>
        </Formatter>
        <Properties>
          <Name><![CDATA[element_instance_id]]></Name>
          <Value>
            <String><![CDATA[bc48c579-ef61-11e5-9d65-0242ac11002b]]></String>
          </Value>
        </Properties>
        <Properties>
          <Name><![CDATA[formatterSettings#bc48c578-ef61-11e5-9d65-0242ac11002b-c1]]></Name>
          <Value>
            <String><![CDATA[c01513d1-5605-11e5-b868-0242ac11002b]]></String>
          </Value>
        </Properties>
      </Elements>
    </Containers>
    <Containers>
      <Name><![CDATA[bc48c577-ef61-11e5-9d65-0242ac11002b-g1]]></Name>
      <Type><![CDATA[container]]></Type>
      <ParentInstanceId><![CDATA[bc48c577-ef61-11e5-9d65-0242ac11002b]]></ParentInstanceId>
      <Elements>
        <Uri>
          <link type="STRONG">
            <target><![CDATA[/sites/default/apollo-demo/.content/templaterows/tr_00001.xml]]></target>
            <uuid>4c445574-eb91-11e5-8519-0242ac11002b</uuid>
          </link>
        </Uri>
        <Formatter>
          <link type="STRONG">
            <target><![CDATA[/system/modules/org.opencms.apollo.template.formatters/formatters/layoutrow.jsp]]></target>
            <uuid>d652a05d-523d-11e5-9495-0242ac11002b</uuid>
          </link>
        </Formatter>
        <Properties>
          <Name><![CDATA[formatterSettings#bc48c577-ef61-11e5-9d65-0242ac11002b-g1]]></Name>
          <Value>
            <String><![CDATA[d65670f0-523d-11e5-9495-0242ac11002b]]></String>
          </Value>
        </Properties>
        <Properties>
          <Name><![CDATA[element_instance_id]]></Name>
          <Value>
            <String><![CDATA[bc48c578-ef61-11e5-9d65-0242ac11002b]]></String>
          </Value>
        </Properties>
      </Elements>
    </Containers>
    <Containers>
      <Name><![CDATA[bc48c577-ef61-11e5-9d65-0242ac11002b-g2]]></Name>
      <Type><![CDATA[container]]></Type>
      <ParentInstanceId><![CDATA[bc48c577-ef61-11e5-9d65-0242ac11002b]]></ParentInstanceId>
      <Elements>
        <Uri>
          <link type="STRONG">
            <target><![CDATA[/sites/default/apollo-demo/.content/templaterows/tr_00001.xml]]></target>
            <uuid>4c445574-eb91-11e5-8519-0242ac11002b</uuid>
          </link>
        </Uri>
        <Formatter>
          <link type="STRONG">
            <target><![CDATA[/system/modules/org.opencms.apollo.template.formatters/formatters/layoutrow.jsp]]></target>
            <uuid>d652a05d-523d-11e5-9495-0242ac11002b</uuid>
          </link>
        </Formatter>
        <Properties>
          <Name><![CDATA[detail]]></Name>
          <Value>
            <String><![CDATA[none]]></String>
          </Value>
        </Properties>
        <Properties>
          <Name><![CDATA[formatterSettings#bc48c577-ef61-11e5-9d65-0242ac11002b-g2]]></Name>
          <Value>
            <String><![CDATA[d65670f0-523d-11e5-9495-0242ac11002b]]></String>
          </Value>
        </Properties>
        <Properties>
          <Name><![CDATA[use_as_copy_model]]></Name>
          <Value>
            <String><![CDATA[false]]></String>
          </Value>
        </Properties>
        <Properties>
          <Name><![CDATA[element_instance_id]]></Name>
          <Value>
            <String><![CDATA[bc48c57a-ef61-11e5-9d65-0242ac11002b]]></String>
          </Value>
        </Properties>
        <Properties>
          <Name><![CDATA[model_group_state]]></Name>
          <Value>
            <String><![CDATA[noGroup]]></String>
          </Value>
        </Properties>
      </Elements>
    </Containers>
  </AlkaconContainerPage>
</AlkaconContainerPages>
