<?xml version="1.0" encoding="UTF-8"?>

<export>
	<info>
		<infoproject>Offline</infoproject>
		<export_version>10</export_version>
	</info>
	<module>
		<name>org.opencms.locale.ja</name>
		<nicename><![CDATA[OpenCms 8 Japanese localization for the workplace]]></nicename>
		<group>OpenCms Localization</group>
		<class/>
		<export-mode name="reduced"/>
		<description><![CDATA[<p>This module contains the Japanese language localization files for the OpenCms workplace.</p>
<p>Install this module if you want to use the Japanese version of the OpenCms Workplace.</p>
<p><i>(c) 2012 by  ubicast Co., Ltd(http://www.ubicast.com).</i></p>]]></description>
		<version>10.0.1</version>
		<authorname><![CDATA[ubicast Co., Ltd.]]></authorname>
		<authoremail><![CDATA[info@ubicast.com]]></authoremail>
		<datecreated/>
		<userinstalled/>
		<dateinstalled/>
		<dependencies/>
		<exportpoints>
			<exportpoint uri="/system/workplace/locales/ja/messages/" destination="WEB-INF/classes/"/>
		</exportpoints>
		<resources>
			<resource uri="/system/workplace/locales/ja/messages/"/>
		</resources>
		<excluderesources/>
		<parameters/>
	</module>
	<files>
		<file>
			<destination>system</destination>
			<type>folder</type>
			<properties/>
		</file>
		<file>
			<destination>system/workplace</destination>
			<type>folder</type>
			<properties/>
		</file>
		<file>
			<destination>system/workplace/locales</destination>
			<type>folder</type>
			<properties/>
		</file>
		<file>
			<destination>system/workplace/locales/ja</destination>
			<type>folder</type>
			<properties/>
		</file>
		<file>
			<destination>system/workplace/locales/ja/messages</destination>
			<type>folder</type>
			<uuidstructure>11e2a1d9-c242-11e0-81af-406186cb791f</uuidstructure>
			<datecreated>Tue, 09 Aug 2011 04:43:04 GMT</datecreated>
			<flags>0</flags>
			<properties/>
			<relations/>
			<accesscontrol/>
		</file>
		<file>
			<destination>system/workplace/locales/ja/messages/org</destination>
			<type>folder</type>
			<uuidstructure>11e75ccb-c242-11e0-81af-406186cb791f</uuidstructure>
			<datecreated>Tue, 09 Aug 2011 04:43:04 GMT</datecreated>
			<flags>0</flags>
			<properties/>
			<relations/>
			<accesscontrol/>
		</file>
		<file>
			<destination>system/workplace/locales/ja/messages/org/opencms</destination>
			<type>folder</type>
			<uuidstructure>11e8bc5d-c242-11e0-81af-406186cb791f</uuidstructure>
			<datecreated>Tue, 09 Aug 2011 04:43:04 GMT</datecreated>
			<flags>0</flags>
			<properties/>
			<relations/>
			<accesscontrol/>
		</file>
		<file>
			<destination>system/workplace/locales/ja/messages/org/opencms/ade</destination>
			<type>folder</type>
			<uuidstructure>11ea1bef-c242-11e0-81af-406186cb791f</uuidstructure>
			<datecreated>Tue, 09 Aug 2011 04:43:04 GMT</datecreated>
			<flags>0</flags>
			<properties/>
			<relations/>
			<accesscontrol/>
		</file>
		<file>
			<destination>system/workplace/locales/ja/messages/org/opencms/ade/containerpage</destination>
			<type>folder</type>
			<uuidstructure>11eba291-c242-11e0-81af-406186cb791f</uuidstructure>
			<datecreated>Tue, 09 Aug 2011 04:43:04 GMT</datecreated>
			<flags>0</flags>
			<properties/>
			<relations/>
			<accesscontrol/>
		</file>
		<file>
			<source>system/workplace/locales/ja/messages/org/opencms/ade/containerpage/clientmessages_ja.properties</source>
			<destination>system/workplace/locales/ja/messages/org/opencms/ade/containerpage/clientmessages_ja.properties</destination>
			<type>plain</type>
			<uuidstructure>11ed2933-c242-11e0-81af-406186cb791f</uuidstructure>
			<uuidresource>11ed2934-c242-11e0-81af-406186cb791f</uuidresource>
			<datecreated>Tue, 09 Aug 2011 04:43:04 GMT</datecreated>
			<flags>0</flags>
			<properties>
				<property>
					<name>Title</name>
					<value><![CDATA[clientmessages_ja]]></value>
				</property>
			</properties>
			<relations/>
			<accesscontrol/>
		</file>
		<file>
			<destination>system/workplace/locales/ja/messages/org/opencms/ade/galleries</destination>
			<type>folder</type>
			<uuidstructure>11f873d6-c242-11e0-81af-406186cb791f</uuidstructure>
			<datecreated>Tue, 09 Aug 2011 04:43:04 GMT</datecreated>
			<flags>0</flags>
			<properties/>
			<relations/>
			<accesscontrol/>
		</file>
		<file>
			<source>system/workplace/locales/ja/messages/org/opencms/ade/galleries/clientmessages_ja.properties</source>
			<destination>system/workplace/locales/ja/messages/org/opencms/ade/galleries/clientmessages_ja.properties</destination>
			<type>plain</type>
			<uuidstructure>11fa96b8-c242-11e0-81af-406186cb791f</uuidstructure>
			<uuidresource>11fa96b9-c242-11e0-81af-406186cb791f</uuidresource>
			<datecreated>Tue, 09 Aug 2011 04:43:04 GMT</datecreated>
			<flags>0</flags>
			<properties>
				<property>
					<name>Title</name>
					<value><![CDATA[clientmessages_ja]]></value>
				</property>
			</properties>
			<relations/>
			<accesscontrol/>
		</file>
		<file>
			<destination>system/workplace/locales/ja/messages/org/opencms/ade/publish</destination>
			<type>folder</type>
			<uuidstructure>11fda3fb-c242-11e0-81af-406186cb791f</uuidstructure>
			<datecreated>Tue, 09 Aug 2011 04:43:04 GMT</datecreated>
			<flags>0</flags>
			<properties/>
			<relations/>
			<accesscontrol/>
		</file>
		<file>
			<source>system/workplace/locales/ja/messages/org/opencms/ade/publish/clientmessages_ja.properties</source>
			<destination>system/workplace/locales/ja/messages/org/opencms/ade/publish/clientmessages_ja.properties</destination>
			<type>plain</type>
			<uuidstructure>11ff9fcd-c242-11e0-81af-406186cb791f</uuidstructure>
			<uuidresource>11ff9fce-c242-11e0-81af-406186cb791f</uuidresource>
			<datecreated>Tue, 09 Aug 2011 04:43:04 GMT</datecreated>
			<flags>0</flags>
			<properties>
				<property>
					<name>Title</name>
					<value><![CDATA[clientmessages_ja]]></value>
				</property>
			</properties>
			<relations/>
			<accesscontrol/>
		</file>
		<file>
			<source>system/workplace/locales/ja/messages/org/opencms/ade/publish/messages_ja.properties</source>
			<destination>system/workplace/locales/ja/messages/org/opencms/ade/publish/messages_ja.properties</destination>
			<type>plain</type>
			<uuidstructure>11f09ce7-c248-11e0-ae2f-406186cb791f</uuidstructure>
			<uuidresource>11f09ce8-c248-11e0-ae2f-406186cb791f</uuidresource>
			<datecreated>Tue, 09 Aug 2011 05:26:01 GMT</datecreated>
			<flags>0</flags>
			<properties>
				<property>
					<name>Title</name>
					<value><![CDATA[messages_ja]]></value>
				</property>
			</properties>
			<relations/>
			<accesscontrol/>
		</file>
		<file>
			<destination>system/workplace/locales/ja/messages/org/opencms/ade/sitemap</destination>
			<type>folder</type>
			<uuidstructure>12028600-c242-11e0-81af-406186cb791f</uuidstructure>
			<datecreated>Tue, 09 Aug 2011 04:43:04 GMT</datecreated>
			<flags>0</flags>
			<properties/>
			<relations/>
			<accesscontrol/>
		</file>
		<file>
			<source>system/workplace/locales/ja/messages/org/opencms/ade/sitemap/clientmessages_ja.properties</source>
			<destination>system/workplace/locales/ja/messages/org/opencms/ade/sitemap/clientmessages_ja.properties</destination>
			<type>plain</type>
			<uuidstructure>120481d2-c242-11e0-81af-406186cb791f</uuidstructure>
			<uuidresource>120481d3-c242-11e0-81af-406186cb791f</uuidresource>
			<datecreated>Tue, 09 Aug 2011 04:43:04 GMT</datecreated>
			<flags>0</flags>
			<properties>
				<property>
					<name>Title</name>
					<value><![CDATA[clientmessages_ja]]></value>
				</property>
			</properties>
			<relations/>
			<accesscontrol/>
		</file>
		<file>
			<source>system/workplace/locales/ja/messages/org/opencms/ade/sitemap/messages_ja.properties</source>
			<destination>system/workplace/locales/ja/messages/org/opencms/ade/sitemap/messages_ja.properties</destination>
			<type>plain</type>
			<uuidstructure>11edb6b4-c248-11e0-ae2f-406186cb791f</uuidstructure>
			<uuidresource>11edb6b5-c248-11e0-ae2f-406186cb791f</uuidresource>
			<datecreated>Tue, 09 Aug 2011 05:26:01 GMT</datecreated>
			<flags>0</flags>
			<properties>
				<property>
					<name>Title</name>
					<value><![CDATA[messages_ja]]></value>
				</property>
			</properties>
			<relations/>
			<accesscontrol/>
		</file>
		<file>
			<destination>system/workplace/locales/ja/messages/org/opencms/ade/upload</destination>
			<type>folder</type>
			<uuidstructure>1206f2d5-c242-11e0-81af-406186cb791f</uuidstructure>
			<datecreated>Tue, 09 Aug 2011 04:43:04 GMT</datecreated>
			<flags>0</flags>
			<properties/>
			<relations/>
			<accesscontrol/>
		</file>
		<file>
			<source>system/workplace/locales/ja/messages/org/opencms/ade/upload/clientmessages_ja.properties</source>
			<destination>system/workplace/locales/ja/messages/org/opencms/ade/upload/clientmessages_ja.properties</destination>
			<type>plain</type>
			<uuidstructure>120915b7-c242-11e0-81af-406186cb791f</uuidstructure>
			<uuidresource>120915b8-c242-11e0-81af-406186cb791f</uuidresource>
			<datecreated>Tue, 09 Aug 2011 04:43:04 GMT</datecreated>
			<flags>0</flags>
			<properties>
				<property>
					<name>Title</name>
					<value><![CDATA[clientmessages_ja]]></value>
				</property>
			</properties>
			<relations/>
			<accesscontrol/>
		</file>
		<file>
			<source>system/workplace/locales/ja/messages/org/opencms/ade/upload/messages_ja.properties</source>
			<destination>system/workplace/locales/ja/messages/org/opencms/ade/upload/messages_ja.properties</destination>
			<type>plain</type>
			<uuidstructure>11eb45b1-c248-11e0-ae2f-406186cb791f</uuidstructure>
			<uuidresource>11eb45b2-c248-11e0-ae2f-406186cb791f</uuidresource>
			<datecreated>Tue, 09 Aug 2011 05:26:01 GMT</datecreated>
			<flags>0</flags>
			<properties>
				<property>
					<name>Title</name>
					<value><![CDATA[messages_ja]]></value>
				</property>
			</properties>
			<relations/>
			<accesscontrol/>
		</file>
		<file>
			<destination>system/workplace/locales/ja/messages/org/opencms/cache</destination>
			<type>folder</type>
			<uuidstructure>11e85f7c-c248-11e0-ae2f-406186cb791f</uuidstructure>
			<datecreated>Tue, 09 Aug 2011 05:26:01 GMT</datecreated>
			<flags>0</flags>
			<properties/>
			<relations/>
			<accesscontrol/>
		</file>
		<file>
			<source>system/workplace/locales/ja/messages/org/opencms/cache/messages_ja.properties</source>
			<destination>system/workplace/locales/ja/messages/org/opencms/cache/messages_ja.properties</destination>
			<type>plain</type>
			<uuidstructure>11e970ee-c248-11e0-ae2f-406186cb791f</uuidstructure>
			<uuidresource>11e970ef-c248-11e0-ae2f-406186cb791f</uuidresource>
			<datecreated>Tue, 09 Aug 2011 05:26:01 GMT</datecreated>
			<flags>0</flags>
			<properties>
				<property>
					<name>Title</name>
					<value><![CDATA[messages_ja]]></value>
				</property>
			</properties>
			<relations/>
			<accesscontrol/>
		</file>
		<file>
			<destination>system/workplace/locales/ja/messages/org/opencms/configuration</destination>
			<type>folder</type>
			<uuidstructure>11e5ee77-c248-11e0-ae2f-406186cb791f</uuidstructure>
			<datecreated>Tue, 09 Aug 2011 05:26:01 GMT</datecreated>
			<flags>0</flags>
			<properties/>
			<relations/>
			<accesscontrol/>
		</file>
		<file>
			<source>system/workplace/locales/ja/messages/org/opencms/configuration/messages_ja.properties</source>
			<destination>system/workplace/locales/ja/messages/org/opencms/configuration/messages_ja.properties</destination>
			<type>plain</type>
			<uuidstructure>11e6d8d9-c248-11e0-ae2f-406186cb791f</uuidstructure>
			<uuidresource>11e6d8da-c248-11e0-ae2f-406186cb791f</uuidresource>
			<datecreated>Tue, 09 Aug 2011 05:26:01 GMT</datecreated>
			<flags>0</flags>
			<properties>
				<property>
					<name>Title</name>
					<value><![CDATA[messages_ja]]></value>
				</property>
			</properties>
			<relations/>
			<accesscontrol/>
		</file>
		<file>
			<destination>system/workplace/locales/ja/messages/org/opencms/db</destination>
			<type>folder</type>
			<uuidstructure>11e0220d-c248-11e0-ae2f-406186cb791f</uuidstructure>
			<datecreated>Tue, 09 Aug 2011 05:26:01 GMT</datecreated>
			<flags>0</flags>
			<properties/>
			<relations/>
			<accesscontrol/>
		</file>
		<file>
			<source>system/workplace/locales/ja/messages/org/opencms/db/messages_ja.properties</source>
			<destination>system/workplace/locales/ja/messages/org/opencms/db/messages_ja.properties</destination>
			<type>plain</type>
			<uuidstructure>11e1337f-c248-11e0-ae2f-406186cb791f</uuidstructure>
			<uuidresource>11e13380-c248-11e0-ae2f-406186cb791f</uuidresource>
			<datecreated>Tue, 09 Aug 2011 05:26:01 GMT</datecreated>
			<flags>0</flags>
			<properties>
				<property>
					<name>Title</name>
					<value><![CDATA[messages_ja]]></value>
				</property>
			</properties>
			<relations/>
			<accesscontrol/>
		</file>
		<file>
			<destination>system/workplace/locales/ja/messages/org/opencms/db/generic</destination>
			<type>folder</type>
			<uuidstructure>11e2e132-c248-11e0-ae2f-406186cb791f</uuidstructure>
			<datecreated>Tue, 09 Aug 2011 05:26:01 GMT</datecreated>
			<flags>0</flags>
			<properties/>
			<relations/>
			<accesscontrol/>
		</file>
		<file>
			<source>system/workplace/locales/ja/messages/org/opencms/db/generic/messages_ja.properties</source>
			<destination>system/workplace/locales/ja/messages/org/opencms/db/generic/messages_ja.properties</destination>
			<type>plain</type>
			<uuidstructure>11e419b4-c248-11e0-ae2f-406186cb791f</uuidstructure>
			<uuidresource>11e419b5-c248-11e0-ae2f-406186cb791f</uuidresource>
			<datecreated>Tue, 09 Aug 2011 05:26:01 GMT</datecreated>
			<flags>0</flags>
			<properties>
				<property>
					<name>Title</name>
					<value><![CDATA[messages_ja]]></value>
				</property>
			</properties>
			<relations/>
			<accesscontrol/>
		</file>
		<file>
			<destination>system/workplace/locales/ja/messages/org/opencms/editors</destination>
			<type>folder</type>
			<uuidstructure>11d94431-c248-11e0-ae2f-406186cb791f</uuidstructure>
			<datecreated>Tue, 09 Aug 2011 05:26:01 GMT</datecreated>
			<flags>0</flags>
			<properties/>
			<relations/>
			<accesscontrol/>
		</file>
		<file>
			<destination>system/workplace/locales/ja/messages/org/opencms/editors/ckeditor</destination>
			<type>folder</type>
			<uuidstructure>11dd89f8-c248-11e0-ae2f-406186cb791f</uuidstructure>
			<datecreated>Tue, 09 Aug 2011 05:26:01 GMT</datecreated>
			<flags>0</flags>
			<properties/>
			<relations/>
			<accesscontrol/>
		</file>
		<file>
			<source>system/workplace/locales/ja/messages/org/opencms/editors/ckeditor/messages_ja.properties</source>
			<destination>system/workplace/locales/ja/messages/org/opencms/editors/ckeditor/messages_ja.properties</destination>
			<type>plain</type>
			<uuidstructure>11de9b6a-c248-11e0-ae2f-406186cb791f</uuidstructure>
			<uuidresource>11de9b6b-c248-11e0-ae2f-406186cb791f</uuidresource>
			<datecreated>Tue, 09 Aug 2011 05:26:01 GMT</datecreated>
			<flags>0</flags>
			<properties>
				<property>
					<name>Title</name>
					<value><![CDATA[messages_ja]]></value>
				</property>
			</properties>
			<relations/>
			<accesscontrol/>
		</file>
		<file>
			<destination>system/workplace/locales/ja/messages/org/opencms/editors/fckeditor</destination>
			<type>folder</type>
			<uuidstructure>11daa3c3-c248-11e0-ae2f-406186cb791f</uuidstructure>
			<datecreated>Tue, 09 Aug 2011 05:26:01 GMT</datecreated>
			<flags>0</flags>
			<properties/>
			<relations/>
			<accesscontrol/>
		</file>
		<file>
			<source>system/workplace/locales/ja/messages/org/opencms/editors/fckeditor/messages_ja.properties</source>
			<destination>system/workplace/locales/ja/messages/org/opencms/editors/fckeditor/messages_ja.properties</destination>
			<type>plain</type>
			<uuidstructure>11dbb535-c248-11e0-ae2f-406186cb791f</uuidstructure>
			<uuidresource>11dbb536-c248-11e0-ae2f-406186cb791f</uuidresource>
			<datecreated>Tue, 09 Aug 2011 05:26:01 GMT</datecreated>
			<flags>0</flags>
			<properties>
				<property>
					<name>Title</name>
					<value><![CDATA[messages_ja]]></value>
				</property>
			</properties>
			<relations/>
			<accesscontrol/>
		</file>
		<file>
			<destination>system/workplace/locales/ja/messages/org/opencms/file</destination>
			<type>folder</type>
			<uuidstructure>11cd362d-c248-11e0-ae2f-406186cb791f</uuidstructure>
			<datecreated>Tue, 09 Aug 2011 05:26:01 GMT</datecreated>
			<flags>0</flags>
			<properties/>
			<relations/>
			<accesscontrol/>
		</file>
		<file>
			<source>system/workplace/locales/ja/messages/org/opencms/file/messages_ja.properties</source>
			<destination>system/workplace/locales/ja/messages/org/opencms/file/messages_ja.properties</destination>
			<type>plain</type>
			<uuidstructure>11d4d759-c248-11e0-ae2f-406186cb791f</uuidstructure>
			<uuidresource>11d4d75a-c248-11e0-ae2f-406186cb791f</uuidresource>
			<datecreated>Tue, 09 Aug 2011 05:26:01 GMT</datecreated>
			<flags>0</flags>
			<properties>
				<property>
					<name>Title</name>
					<value><![CDATA[messages_ja]]></value>
				</property>
			</properties>
			<relations/>
			<accesscontrol/>
		</file>
		<file>
			<destination>system/workplace/locales/ja/messages/org/opencms/file/collectors</destination>
			<type>folder</type>
			<uuidstructure>11d6ac1c-c248-11e0-ae2f-406186cb791f</uuidstructure>
			<datecreated>Tue, 09 Aug 2011 05:26:01 GMT</datecreated>
			<flags>0</flags>
			<properties/>
			<relations/>
			<accesscontrol/>
		</file>
		<file>
			<source>system/workplace/locales/ja/messages/org/opencms/file/collectors/messages_ja.properties</source>
			<destination>system/workplace/locales/ja/messages/org/opencms/file/collectors/messages_ja.properties</destination>
			<type>plain</type>
			<uuidstructure>11d7bd8e-c248-11e0-ae2f-406186cb791f</uuidstructure>
			<uuidresource>11d7bd8f-c248-11e0-ae2f-406186cb791f</uuidresource>
			<datecreated>Tue, 09 Aug 2011 05:26:01 GMT</datecreated>
			<flags>0</flags>
			<properties>
				<property>
					<name>Title</name>
					<value><![CDATA[messages_ja]]></value>
				</property>
			</properties>
			<relations/>
			<accesscontrol/>
		</file>
		<file>
			<destination>system/workplace/locales/ja/messages/org/opencms/file/types</destination>
			<type>folder</type>
			<uuidstructure>11d154e4-c248-11e0-ae2f-406186cb791f</uuidstructure>
			<datecreated>Tue, 09 Aug 2011 05:26:01 GMT</datecreated>
			<flags>0</flags>
			<properties/>
			<relations/>
			<accesscontrol/>
		</file>
		<file>
			<source>system/workplace/locales/ja/messages/org/opencms/file/types/messages_ja.properties</source>
			<destination>system/workplace/locales/ja/messages/org/opencms/file/types/messages_ja.properties</destination>
			<type>plain</type>
			<uuidstructure>11d30296-c248-11e0-ae2f-406186cb791f</uuidstructure>
			<uuidresource>11d30297-c248-11e0-ae2f-406186cb791f</uuidresource>
			<datecreated>Tue, 09 Aug 2011 05:26:01 GMT</datecreated>
			<flags>0</flags>
			<properties>
				<property>
					<name>Title</name>
					<value><![CDATA[messages_ja]]></value>
				</property>
			</properties>
			<relations/>
			<accesscontrol/>
		</file>
		<file>
			<destination>system/workplace/locales/ja/messages/org/opencms/file/wrapper</destination>
			<type>folder</type>
			<uuidstructure>11ce479f-c248-11e0-ae2f-406186cb791f</uuidstructure>
			<datecreated>Tue, 09 Aug 2011 05:26:01 GMT</datecreated>
			<flags>0</flags>
			<properties/>
			<relations/>
			<accesscontrol/>
		</file>
		<file>
			<source>system/workplace/locales/ja/messages/org/opencms/file/wrapper/messages_ja.properties</source>
			<destination>system/workplace/locales/ja/messages/org/opencms/file/wrapper/messages_ja.properties</destination>
			<type>plain</type>
			<uuidstructure>11cfa731-c248-11e0-ae2f-406186cb791f</uuidstructure>
			<uuidresource>11cfa732-c248-11e0-ae2f-406186cb791f</uuidresource>
			<datecreated>Tue, 09 Aug 2011 05:26:01 GMT</datecreated>
			<flags>0</flags>
			<properties>
				<property>
					<name>Title</name>
					<value><![CDATA[messages_ja]]></value>
				</property>
			</properties>
			<relations/>
			<accesscontrol/>
		</file>
		<file>
			<destination>system/workplace/locales/ja/messages/org/opencms/flex</destination>
			<type>folder</type>
			<uuidstructure>11ca28e8-c248-11e0-ae2f-406186cb791f</uuidstructure>
			<datecreated>Tue, 09 Aug 2011 05:26:01 GMT</datecreated>
			<flags>0</flags>
			<properties/>
			<relations/>
			<accesscontrol/>
		</file>
		<file>
			<source>system/workplace/locales/ja/messages/org/opencms/flex/messages_ja.properties</source>
			<destination>system/workplace/locales/ja/messages/org/opencms/flex/messages_ja.properties</destination>
			<type>plain</type>
			<uuidstructure>11cb3a5a-c248-11e0-ae2f-406186cb791f</uuidstructure>
			<uuidresource>11cb3a5b-c248-11e0-ae2f-406186cb791f</uuidresource>
			<datecreated>Tue, 09 Aug 2011 05:26:01 GMT</datecreated>
			<flags>0</flags>
			<properties>
				<property>
					<name>Title</name>
					<value><![CDATA[messages_ja]]></value>
				</property>
			</properties>
			<relations/>
			<accesscontrol/>
		</file>
		<file>
			<destination>system/workplace/locales/ja/messages/org/opencms/frontend</destination>
			<type>folder</type>
			<uuidstructure>11ba986d-c248-11e0-ae2f-406186cb791f</uuidstructure>
			<datecreated>Tue, 09 Aug 2011 05:26:01 GMT</datecreated>
			<flags>0</flags>
			<properties/>
			<relations/>
			<accesscontrol/>
		</file>
		<file>
			<destination>system/workplace/locales/ja/messages/org/opencms/frontend/layoutpage</destination>
			<type>folder</type>
			<uuidstructure>11c790d3-c248-11e0-ae2f-406186cb791f</uuidstructure>
			<datecreated>Tue, 09 Aug 2011 05:26:01 GMT</datecreated>
			<flags>0</flags>
			<properties/>
			<relations/>
			<accesscontrol/>
		</file>
		<file>
			<source>system/workplace/locales/ja/messages/org/opencms/frontend/layoutpage/messages_ja.properties</source>
			<destination>system/workplace/locales/ja/messages/org/opencms/frontend/layoutpage/messages_ja.properties</destination>
			<type>plain</type>
			<uuidstructure>11c8a245-c248-11e0-ae2f-406186cb791f</uuidstructure>
			<uuidresource>11c8a246-c248-11e0-ae2f-406186cb791f</uuidresource>
			<datecreated>Tue, 09 Aug 2011 05:26:01 GMT</datecreated>
			<flags>0</flags>
			<properties>
				<property>
					<name>Title</name>
					<value><![CDATA[messages_ja]]></value>
				</property>
			</properties>
			<relations/>
			<accesscontrol/>
		</file>
		<file>
			<destination>system/workplace/locales/ja/messages/org/opencms/frontend/photoalbum</destination>
			<type>folder</type>
			<uuidstructure>11c4838e-c248-11e0-ae2f-406186cb791f</uuidstructure>
			<datecreated>Tue, 09 Aug 2011 05:26:01 GMT</datecreated>
			<flags>0</flags>
			<properties/>
			<relations/>
			<accesscontrol/>
		</file>
		<file>
			<source>system/workplace/locales/ja/messages/org/opencms/frontend/photoalbum/messages_ja.properties</source>
			<destination>system/workplace/locales/ja/messages/org/opencms/frontend/photoalbum/messages_ja.properties</destination>
			<type>plain</type>
			<uuidstructure>11c5bc10-c248-11e0-ae2f-406186cb791f</uuidstructure>
			<uuidresource>11c5bc11-c248-11e0-ae2f-406186cb791f</uuidresource>
			<datecreated>Tue, 09 Aug 2011 05:26:01 GMT</datecreated>
			<flags>0</flags>
			<properties>
				<property>
					<name>Title</name>
					<value><![CDATA[messages_ja]]></value>
				</property>
			</properties>
			<relations/>
			<accesscontrol/>
		</file>
		<file>
			<destination>system/workplace/locales/ja/messages/org/opencms/frontend/templateone</destination>
			<type>folder</type>
			<uuidstructure>11bbf7ff-c248-11e0-ae2f-406186cb791f</uuidstructure>
			<datecreated>Tue, 09 Aug 2011 05:26:01 GMT</datecreated>
			<flags>0</flags>
			<properties/>
			<relations/>
			<accesscontrol/>
		</file>
		<file>
			<source>system/workplace/locales/ja/messages/org/opencms/frontend/templateone/messages_ja.properties</source>
			<destination>system/workplace/locales/ja/messages/org/opencms/frontend/templateone/messages_ja.properties</destination>
			<type>plain</type>
			<uuidstructure>11c03dc6-c248-11e0-ae2f-406186cb791f</uuidstructure>
			<uuidresource>11c03dc7-c248-11e0-ae2f-406186cb791f</uuidresource>
			<datecreated>Tue, 09 Aug 2011 05:26:01 GMT</datecreated>
			<flags>0</flags>
			<properties>
				<property>
					<name>Title</name>
					<value><![CDATA[messages_ja]]></value>
				</property>
			</properties>
			<relations/>
			<accesscontrol/>
		</file>
		<file>
			<destination>system/workplace/locales/ja/messages/org/opencms/frontend/templateone/form</destination>
			<type>folder</type>
			<uuidstructure>11c1eb79-c248-11e0-ae2f-406186cb791f</uuidstructure>
			<datecreated>Tue, 09 Aug 2011 05:26:01 GMT</datecreated>
			<flags>0</flags>
			<properties/>
			<relations/>
			<accesscontrol/>
		</file>
		<file>
			<source>system/workplace/locales/ja/messages/org/opencms/frontend/templateone/form/messages_ja.properties</source>
			<destination>system/workplace/locales/ja/messages/org/opencms/frontend/templateone/form/messages_ja.properties</destination>
			<type>plain</type>
			<uuidstructure>11c2fceb-c248-11e0-ae2f-406186cb791f</uuidstructure>
			<uuidresource>11c2fcec-c248-11e0-ae2f-406186cb791f</uuidresource>
			<datecreated>Tue, 09 Aug 2011 05:26:01 GMT</datecreated>
			<flags>0</flags>
			<properties>
				<property>
					<name>Title</name>
					<value><![CDATA[messages_ja]]></value>
				</property>
			</properties>
			<relations/>
			<accesscontrol/>
		</file>
		<file>
			<destination>system/workplace/locales/ja/messages/org/opencms/frontend/templateone/modules</destination>
			<type>folder</type>
			<uuidstructure>11bd3081-c248-11e0-ae2f-406186cb791f</uuidstructure>
			<datecreated>Tue, 09 Aug 2011 05:26:01 GMT</datecreated>
			<flags>0</flags>
			<properties/>
			<relations/>
			<accesscontrol/>
		</file>
		<file>
			<source>system/workplace/locales/ja/messages/org/opencms/frontend/templateone/modules/messages_ja.properties</source>
			<destination>system/workplace/locales/ja/messages/org/opencms/frontend/templateone/modules/messages_ja.properties</destination>
			<type>plain</type>
			<uuidstructure>11be41f3-c248-11e0-ae2f-406186cb791f</uuidstructure>
			<uuidresource>11be41f4-c248-11e0-ae2f-406186cb791f</uuidresource>
			<datecreated>Tue, 09 Aug 2011 05:26:01 GMT</datecreated>
			<flags>0</flags>
			<properties>
				<property>
					<name>Title</name>
					<value><![CDATA[messages_ja]]></value>
				</property>
			</properties>
			<relations/>
			<accesscontrol/>
		</file>
		<file>
			<destination>system/workplace/locales/ja/messages/org/opencms/gwt</destination>
			<type>folder</type>
			<uuidstructure>120b389a-c242-11e0-81af-406186cb791f</uuidstructure>
			<datecreated>Tue, 09 Aug 2011 04:43:04 GMT</datecreated>
			<flags>0</flags>
			<properties/>
			<relations/>
			<accesscontrol/>
		</file>
		<file>
			<source>system/workplace/locales/ja/messages/org/opencms/gwt/clientmessages_ja.properties</source>
			<destination>system/workplace/locales/ja/messages/org/opencms/gwt/clientmessages_ja.properties</destination>
			<type>plain</type>
			<uuidstructure>120c711c-c242-11e0-81af-406186cb791f</uuidstructure>
			<uuidresource>120c711d-c242-11e0-81af-406186cb791f</uuidresource>
			<datecreated>Tue, 09 Aug 2011 04:43:04 GMT</datecreated>
			<flags>0</flags>
			<properties>
				<property>
					<name>Title</name>
					<value><![CDATA[clientmessages_ja]]></value>
				</property>
			</properties>
			<relations/>
			<accesscontrol/>
		</file>
		<file>
			<source>system/workplace/locales/ja/messages/org/opencms/gwt/messages_ja.properties</source>
			<destination>system/workplace/locales/ja/messages/org/opencms/gwt/messages_ja.properties</destination>
			<type>plain</type>
			<uuidstructure>11b911ca-c248-11e0-ae2f-406186cb791f</uuidstructure>
			<uuidresource>11b911cb-c248-11e0-ae2f-406186cb791f</uuidresource>
			<datecreated>Tue, 09 Aug 2011 05:26:01 GMT</datecreated>
			<flags>0</flags>
			<properties>
				<property>
					<name>Title</name>
					<value><![CDATA[messages_ja]]></value>
				</property>
			</properties>
			<relations/>
			<accesscontrol/>
		</file>
		<file>
			<destination>system/workplace/locales/ja/messages/org/opencms/i18n</destination>
			<type>folder</type>
			<uuidstructure>11b652a5-c248-11e0-ae2f-406186cb791f</uuidstructure>
			<datecreated>Tue, 09 Aug 2011 05:26:01 GMT</datecreated>
			<flags>0</flags>
			<properties/>
			<relations/>
			<accesscontrol/>
		</file>
		<file>
			<source>system/workplace/locales/ja/messages/org/opencms/i18n/messages_ja.properties</source>
			<destination>system/workplace/locales/ja/messages/org/opencms/i18n/messages_ja.properties</destination>
			<type>plain</type>
			<uuidstructure>11b76417-c248-11e0-ae2f-406186cb791f</uuidstructure>
			<uuidresource>11b76418-c248-11e0-ae2f-406186cb791f</uuidresource>
			<datecreated>Tue, 09 Aug 2011 05:26:01 GMT</datecreated>
			<flags>0</flags>
			<properties>
				<property>
					<name>Title</name>
					<value><![CDATA[messages_ja]]></value>
				</property>
			</properties>
			<relations/>
			<accesscontrol/>
		</file>
		<file>
			<destination>system/workplace/locales/ja/messages/org/opencms/importexport</destination>
			<type>folder</type>
			<uuidstructure>11b36c70-c248-11e0-ae2f-406186cb791f</uuidstructure>
			<datecreated>Tue, 09 Aug 2011 05:26:01 GMT</datecreated>
			<flags>0</flags>
			<properties/>
			<relations/>
			<accesscontrol/>
		</file>
		<file>
			<source>system/workplace/locales/ja/messages/org/opencms/importexport/messages_ja.properties</source>
			<destination>system/workplace/locales/ja/messages/org/opencms/importexport/messages_ja.properties</destination>
			<type>plain</type>
			<uuidstructure>11b47de2-c248-11e0-ae2f-406186cb791f</uuidstructure>
			<uuidresource>11b47de3-c248-11e0-ae2f-406186cb791f</uuidresource>
			<datecreated>Tue, 09 Aug 2011 05:26:01 GMT</datecreated>
			<flags>0</flags>
			<properties>
				<property>
					<name>Title</name>
					<value><![CDATA[messages_ja]]></value>
				</property>
			</properties>
			<relations/>
			<accesscontrol/>
		</file>
		<file>
			<destination>system/workplace/locales/ja/messages/org/opencms/jsp</destination>
			<type>folder</type>
			<uuidstructure>11aa92c1-c248-11e0-ae2f-406186cb791f</uuidstructure>
			<datecreated>Tue, 09 Aug 2011 05:26:01 GMT</datecreated>
			<flags>0</flags>
			<properties/>
			<relations/>
			<accesscontrol/>
		</file>
		<file>
			<source>system/workplace/locales/ja/messages/org/opencms/jsp/messages_ja.properties</source>
			<destination>system/workplace/locales/ja/messages/org/opencms/jsp/messages_ja.properties</destination>
			<type>plain</type>
			<uuidstructure>11aeb178-c248-11e0-ae2f-406186cb791f</uuidstructure>
			<uuidresource>11aeb179-c248-11e0-ae2f-406186cb791f</uuidresource>
			<datecreated>Tue, 09 Aug 2011 05:26:01 GMT</datecreated>
			<flags>0</flags>
			<properties>
				<property>
					<name>Title</name>
					<value><![CDATA[messages_ja]]></value>
				</property>
			</properties>
			<relations/>
			<accesscontrol/>
		</file>
		<file>
			<destination>system/workplace/locales/ja/messages/org/opencms/jsp/decorator</destination>
			<type>folder</type>
			<uuidstructure>11b05f2b-c248-11e0-ae2f-406186cb791f</uuidstructure>
			<datecreated>Tue, 09 Aug 2011 05:26:01 GMT</datecreated>
			<flags>0</flags>
			<properties/>
			<relations/>
			<accesscontrol/>
		</file>
		<file>
			<source>system/workplace/locales/ja/messages/org/opencms/jsp/decorator/messages_ja.properties</source>
			<destination>system/workplace/locales/ja/messages/org/opencms/jsp/decorator/messages_ja.properties</destination>
			<type>plain</type>
			<uuidstructure>11b1bebd-c248-11e0-ae2f-406186cb791f</uuidstructure>
			<uuidresource>11b1bebe-c248-11e0-ae2f-406186cb791f</uuidresource>
			<datecreated>Tue, 09 Aug 2011 05:26:01 GMT</datecreated>
			<flags>0</flags>
			<properties>
				<property>
					<name>Title</name>
					<value><![CDATA[messages_ja]]></value>
				</property>
			</properties>
			<relations/>
			<accesscontrol/>
		</file>
		<file>
			<destination>system/workplace/locales/ja/messages/org/opencms/jsp/util</destination>
			<type>folder</type>
			<uuidstructure>11aba433-c248-11e0-ae2f-406186cb791f</uuidstructure>
			<datecreated>Tue, 09 Aug 2011 05:26:01 GMT</datecreated>
			<flags>0</flags>
			<properties/>
			<relations/>
			<accesscontrol/>
		</file>
		<file>
			<source>system/workplace/locales/ja/messages/org/opencms/jsp/util/messages_ja.properties</source>
			<destination>system/workplace/locales/ja/messages/org/opencms/jsp/util/messages_ja.properties</destination>
			<type>plain</type>
			<uuidstructure>11acdcb5-c248-11e0-ae2f-406186cb791f</uuidstructure>
			<uuidresource>11acdcb6-c248-11e0-ae2f-406186cb791f</uuidresource>
			<datecreated>Tue, 09 Aug 2011 05:26:01 GMT</datecreated>
			<flags>0</flags>
			<properties>
				<property>
					<name>Title</name>
					<value><![CDATA[messages_ja]]></value>
				</property>
			</properties>
			<relations/>
			<accesscontrol/>
		</file>
		<file>
			<destination>system/workplace/locales/ja/messages/org/opencms/loader</destination>
			<type>folder</type>
			<uuidstructure>11a7375c-c248-11e0-ae2f-406186cb791f</uuidstructure>
			<datecreated>Tue, 09 Aug 2011 05:26:01 GMT</datecreated>
			<flags>0</flags>
			<properties/>
			<relations/>
			<accesscontrol/>
		</file>
		<file>
			<source>system/workplace/locales/ja/messages/org/opencms/loader/messages_ja.properties</source>
			<destination>system/workplace/locales/ja/messages/org/opencms/loader/messages_ja.properties</destination>
			<type>plain</type>
			<uuidstructure>11a896ee-c248-11e0-ae2f-406186cb791f</uuidstructure>
			<uuidresource>11a896ef-c248-11e0-ae2f-406186cb791f</uuidresource>
			<datecreated>Tue, 09 Aug 2011 05:26:01 GMT</datecreated>
			<flags>0</flags>
			<properties>
				<property>
					<name>Title</name>
					<value><![CDATA[messages_ja]]></value>
				</property>
			</properties>
			<relations/>
			<accesscontrol/>
		</file>
		<file>
			<destination>system/workplace/locales/ja/messages/org/opencms/lock</destination>
			<type>folder</type>
			<uuidstructure>11a47837-c248-11e0-ae2f-406186cb791f</uuidstructure>
			<datecreated>Tue, 09 Aug 2011 05:26:01 GMT</datecreated>
			<flags>0</flags>
			<properties/>
			<relations/>
			<accesscontrol/>
		</file>
		<file>
			<source>system/workplace/locales/ja/messages/org/opencms/lock/messages_ja.properties</source>
			<destination>system/workplace/locales/ja/messages/org/opencms/lock/messages_ja.properties</destination>
			<type>plain</type>
			<uuidstructure>11a589a9-c248-11e0-ae2f-406186cb791f</uuidstructure>
			<uuidresource>11a589aa-c248-11e0-ae2f-406186cb791f</uuidresource>
			<datecreated>Tue, 09 Aug 2011 05:26:01 GMT</datecreated>
			<flags>0</flags>
			<properties>
				<property>
					<name>Title</name>
					<value><![CDATA[messages_ja]]></value>
				</property>
			</properties>
			<relations/>
			<accesscontrol/>
		</file>
		<file>
			<destination>system/workplace/locales/ja/messages/org/opencms/mail</destination>
			<type>folder</type>
			<uuidstructure>11a1e022-c248-11e0-ae2f-406186cb791f</uuidstructure>
			<datecreated>Tue, 09 Aug 2011 05:26:01 GMT</datecreated>
			<flags>0</flags>
			<properties/>
			<relations/>
			<accesscontrol/>
		</file>
		<file>
			<source>system/workplace/locales/ja/messages/org/opencms/mail/messages_ja.properties</source>
			<destination>system/workplace/locales/ja/messages/org/opencms/mail/messages_ja.properties</destination>
			<type>plain</type>
			<uuidstructure>11a2f194-c248-11e0-ae2f-406186cb791f</uuidstructure>
			<uuidresource>11a2f195-c248-11e0-ae2f-406186cb791f</uuidresource>
			<datecreated>Tue, 09 Aug 2011 05:26:01 GMT</datecreated>
			<flags>0</flags>
			<properties>
				<property>
					<name>Title</name>
					<value><![CDATA[messages_ja]]></value>
				</property>
			</properties>
			<relations/>
			<accesscontrol/>
		</file>
		<file>
			<destination>system/workplace/locales/ja/messages/org/opencms/main</destination>
			<type>folder</type>
			<uuidstructure>119f20fd-c248-11e0-ae2f-406186cb791f</uuidstructure>
			<datecreated>Tue, 09 Aug 2011 05:26:01 GMT</datecreated>
			<flags>0</flags>
			<properties/>
			<relations/>
			<accesscontrol/>
		</file>
		<file>
			<source>system/workplace/locales/ja/messages/org/opencms/main/messages_ja.properties</source>
			<destination>system/workplace/locales/ja/messages/org/opencms/main/messages_ja.properties</destination>
			<type>plain</type>
			<uuidstructure>11a0326f-c248-11e0-ae2f-406186cb791f</uuidstructure>
			<uuidresource>11a03270-c248-11e0-ae2f-406186cb791f</uuidresource>
			<datecreated>Tue, 09 Aug 2011 05:26:01 GMT</datecreated>
			<flags>0</flags>
			<properties>
				<property>
					<name>Title</name>
					<value><![CDATA[messages_ja]]></value>
				</property>
			</properties>
			<relations/>
			<accesscontrol/>
		</file>
		<file>
			<destination>system/workplace/locales/ja/messages/org/opencms/module</destination>
			<type>folder</type>
			<uuidstructure>119beca8-c248-11e0-ae2f-406186cb791f</uuidstructure>
			<datecreated>Tue, 09 Aug 2011 05:26:01 GMT</datecreated>
			<flags>0</flags>
			<properties/>
			<relations/>
			<accesscontrol/>
		</file>
		<file>
			<source>system/workplace/locales/ja/messages/org/opencms/module/messages_ja.properties</source>
			<destination>system/workplace/locales/ja/messages/org/opencms/module/messages_ja.properties</destination>
			<type>plain</type>
			<uuidstructure>119d4c3a-c248-11e0-ae2f-406186cb791f</uuidstructure>
			<uuidresource>119d4c3b-c248-11e0-ae2f-406186cb791f</uuidresource>
			<datecreated>Tue, 09 Aug 2011 05:26:01 GMT</datecreated>
			<flags>0</flags>
			<properties>
				<property>
					<name>Title</name>
					<value><![CDATA[messages_ja]]></value>
				</property>
			</properties>
			<relations/>
			<accesscontrol/>
		</file>
		<file>
			<destination>system/workplace/locales/ja/messages/org/opencms/monitor</destination>
			<type>folder</type>
			<uuidstructure>11984323-c248-11e0-ae2f-406186cb791f</uuidstructure>
			<datecreated>Tue, 09 Aug 2011 05:26:00 GMT</datecreated>
			<flags>0</flags>
			<properties/>
			<relations/>
			<accesscontrol/>
		</file>
		<file>
			<source>system/workplace/locales/ja/messages/org/opencms/monitor/messages_ja.properties</source>
			<destination>system/workplace/locales/ja/messages/org/opencms/monitor/messages_ja.properties</destination>
			<type>plain</type>
			<uuidstructure>11995495-c248-11e0-ae2f-406186cb791f</uuidstructure>
			<uuidresource>11995496-c248-11e0-ae2f-406186cb791f</uuidresource>
			<datecreated>Tue, 09 Aug 2011 05:26:00 GMT</datecreated>
			<flags>0</flags>
			<properties>
				<property>
					<name>Title</name>
					<value><![CDATA[messages_ja]]></value>
				</property>
			</properties>
			<relations/>
			<accesscontrol/>
		</file>
		<file>
			<destination>system/workplace/locales/ja/messages/org/opencms/notification</destination>
			<type>folder</type>
			<uuidstructure>119583fe-c248-11e0-ae2f-406186cb791f</uuidstructure>
			<datecreated>Tue, 09 Aug 2011 05:26:00 GMT</datecreated>
			<flags>0</flags>
			<properties/>
			<relations/>
			<accesscontrol/>
		</file>
		<file>
			<source>system/workplace/locales/ja/messages/org/opencms/notification/messages_ja.properties</source>
			<destination>system/workplace/locales/ja/messages/org/opencms/notification/messages_ja.properties</destination>
			<type>plain</type>
			<uuidstructure>11969570-c248-11e0-ae2f-406186cb791f</uuidstructure>
			<uuidresource>11969571-c248-11e0-ae2f-406186cb791f</uuidresource>
			<datecreated>Tue, 09 Aug 2011 05:26:00 GMT</datecreated>
			<flags>0</flags>
			<properties>
				<property>
					<name>Title</name>
					<value><![CDATA[messages_ja]]></value>
				</property>
			</properties>
			<relations/>
			<accesscontrol/>
		</file>
		<file>
			<destination>system/workplace/locales/ja/messages/org/opencms/publish</destination>
			<type>folder</type>
			<uuidstructure>1192c4d9-c248-11e0-ae2f-406186cb791f</uuidstructure>
			<datecreated>Tue, 09 Aug 2011 05:26:00 GMT</datecreated>
			<flags>0</flags>
			<properties/>
			<relations/>
			<accesscontrol/>
		</file>
		<file>
			<source>system/workplace/locales/ja/messages/org/opencms/publish/messages_ja.properties</source>
			<destination>system/workplace/locales/ja/messages/org/opencms/publish/messages_ja.properties</destination>
			<type>plain</type>
			<uuidstructure>1193fd5b-c248-11e0-ae2f-406186cb791f</uuidstructure>
			<uuidresource>1193fd5c-c248-11e0-ae2f-406186cb791f</uuidresource>
			<datecreated>Tue, 09 Aug 2011 05:26:00 GMT</datecreated>
			<flags>0</flags>
			<properties>
				<property>
					<name>Title</name>
					<value><![CDATA[messages_ja]]></value>
				</property>
			</properties>
			<relations/>
			<accesscontrol/>
		</file>
		<file>
			<destination>system/workplace/locales/ja/messages/org/opencms/relations</destination>
			<type>folder</type>
			<uuidstructure>118fdea4-c248-11e0-ae2f-406186cb791f</uuidstructure>
			<datecreated>Tue, 09 Aug 2011 05:26:00 GMT</datecreated>
			<flags>0</flags>
			<properties/>
			<relations/>
			<accesscontrol/>
		</file>
		<file>
			<source>system/workplace/locales/ja/messages/org/opencms/relations/messages_ja.properties</source>
			<destination>system/workplace/locales/ja/messages/org/opencms/relations/messages_ja.properties</destination>
			<type>plain</type>
			<uuidstructure>11913e36-c248-11e0-ae2f-406186cb791f</uuidstructure>
			<uuidresource>11913e37-c248-11e0-ae2f-406186cb791f</uuidresource>
			<datecreated>Tue, 09 Aug 2011 05:26:00 GMT</datecreated>
			<flags>0</flags>
			<properties>
				<property>
					<name>Title</name>
					<value><![CDATA[messages_ja]]></value>
				</property>
			</properties>
			<relations/>
			<accesscontrol/>
		</file>
		<file>
			<destination>system/workplace/locales/ja/messages/org/opencms/report</destination>
			<type>folder</type>
			<uuidstructure>118c833f-c248-11e0-ae2f-406186cb791f</uuidstructure>
			<datecreated>Tue, 09 Aug 2011 05:26:00 GMT</datecreated>
			<flags>0</flags>
			<properties/>
			<relations/>
			<accesscontrol/>
		</file>
		<file>
			<source>system/workplace/locales/ja/messages/org/opencms/report/messages_ja.properties</source>
			<destination>system/workplace/locales/ja/messages/org/opencms/report/messages_ja.properties</destination>
			<type>plain</type>
			<uuidstructure>118de2d1-c248-11e0-ae2f-406186cb791f</uuidstructure>
			<uuidresource>118de2d2-c248-11e0-ae2f-406186cb791f</uuidresource>
			<datecreated>Tue, 09 Aug 2011 05:26:00 GMT</datecreated>
			<flags>0</flags>
			<properties>
				<property>
					<name>Title</name>
					<value><![CDATA[messages_ja]]></value>
				</property>
			</properties>
			<relations/>
			<accesscontrol/>
		</file>
		<file>
			<destination>system/workplace/locales/ja/messages/org/opencms/repository</destination>
			<type>folder</type>
			<uuidstructure>11883d7a-c248-11e0-ae2f-406186cb791f</uuidstructure>
			<datecreated>Tue, 09 Aug 2011 05:26:00 GMT</datecreated>
			<flags>0</flags>
			<properties/>
			<relations/>
			<accesscontrol/>
		</file>
		<file>
			<source>system/workplace/locales/ja/messages/org/opencms/repository/messages_ja.properties</source>
			<destination>system/workplace/locales/ja/messages/org/opencms/repository/messages_ja.properties</destination>
			<type>plain</type>
			<uuidstructure>118a394c-c248-11e0-ae2f-406186cb791f</uuidstructure>
			<uuidresource>118a394d-c248-11e0-ae2f-406186cb791f</uuidresource>
			<datecreated>Tue, 09 Aug 2011 05:26:00 GMT</datecreated>
			<flags>0</flags>
			<properties>
				<property>
					<name>Title</name>
					<value><![CDATA[messages_ja]]></value>
				</property>
			</properties>
			<relations/>
			<accesscontrol/>
		</file>
		<file>
			<destination>system/workplace/locales/ja/messages/org/opencms/scheduler</destination>
			<type>folder</type>
			<uuidstructure>117f63d0-c248-11e0-ae2f-406186cb791f</uuidstructure>
			<datecreated>Tue, 09 Aug 2011 05:26:00 GMT</datecreated>
			<flags>0</flags>
			<properties/>
			<relations/>
			<accesscontrol/>
		</file>
		<file>
			<source>system/workplace/locales/ja/messages/org/opencms/scheduler/messages_ja.properties</source>
			<destination>system/workplace/locales/ja/messages/org/opencms/scheduler/messages_ja.properties</destination>
			<type>plain</type>
			<uuidstructure>11815fa2-c248-11e0-ae2f-406186cb791f</uuidstructure>
			<uuidresource>11815fa3-c248-11e0-ae2f-406186cb791f</uuidresource>
			<datecreated>Tue, 09 Aug 2011 05:26:00 GMT</datecreated>
			<flags>0</flags>
			<properties>
				<property>
					<name>Title</name>
					<value><![CDATA[messages_ja]]></value>
				</property>
			</properties>
			<relations/>
			<accesscontrol/>
		</file>
		<file>
			<destination>system/workplace/locales/ja/messages/org/opencms/scheduler/jobs</destination>
			<type>folder</type>
			<uuidstructure>1183f7b5-c248-11e0-ae2f-406186cb791f</uuidstructure>
			<datecreated>Tue, 09 Aug 2011 05:26:00 GMT</datecreated>
			<flags>0</flags>
			<properties/>
			<relations/>
			<accesscontrol/>
		</file>
		<file>
			<source>system/workplace/locales/ja/messages/org/opencms/scheduler/jobs/messages_ja.properties</source>
			<destination>system/workplace/locales/ja/messages/org/opencms/scheduler/jobs/messages_ja.properties</destination>
			<type>plain</type>
			<uuidstructure>1185cc77-c248-11e0-ae2f-406186cb791f</uuidstructure>
			<uuidresource>1185cc78-c248-11e0-ae2f-406186cb791f</uuidresource>
			<datecreated>Tue, 09 Aug 2011 05:26:00 GMT</datecreated>
			<flags>0</flags>
			<properties>
				<property>
					<name>Title</name>
					<value><![CDATA[messages_ja]]></value>
				</property>
			</properties>
			<relations/>
			<accesscontrol/>
		</file>
		<file>
			<destination>system/workplace/locales/ja/messages/org/opencms/search</destination>
			<type>folder</type>
			<uuidstructure>11759fc1-c248-11e0-ae2f-406186cb791f</uuidstructure>
			<datecreated>Tue, 09 Aug 2011 05:26:00 GMT</datecreated>
			<flags>0</flags>
			<properties/>
			<relations/>
			<accesscontrol/>
		</file>
		<file>
			<source>system/workplace/locales/ja/messages/org/opencms/search/messages_ja.properties</source>
			<destination>system/workplace/locales/ja/messages/org/opencms/search/messages_ja.properties</destination>
			<type>plain</type>
			<uuidstructure>1176d843-c248-11e0-ae2f-406186cb791f</uuidstructure>
			<uuidresource>1176d844-c248-11e0-ae2f-406186cb791f</uuidresource>
			<datecreated>Tue, 09 Aug 2011 05:26:00 GMT</datecreated>
			<flags>0</flags>
			<properties>
				<property>
					<name>Title</name>
					<value><![CDATA[messages_ja]]></value>
				</property>
			</properties>
			<relations/>
			<accesscontrol/>
		</file>
		<file>
			<destination>system/workplace/locales/ja/messages/org/opencms/search/documents</destination>
			<type>folder</type>
			<uuidstructure>117c086b-c248-11e0-ae2f-406186cb791f</uuidstructure>
			<datecreated>Tue, 09 Aug 2011 05:26:00 GMT</datecreated>
			<flags>0</flags>
			<properties/>
			<relations/>
			<accesscontrol/>
		</file>
		<file>
			<source>system/workplace/locales/ja/messages/org/opencms/search/documents/messages_ja.properties</source>
			<destination>system/workplace/locales/ja/messages/org/opencms/search/documents/messages_ja.properties</destination>
			<type>plain</type>
			<uuidstructure>117d40ed-c248-11e0-ae2f-406186cb791f</uuidstructure>
			<uuidresource>117d40ee-c248-11e0-ae2f-406186cb791f</uuidresource>
			<datecreated>Tue, 09 Aug 2011 05:26:00 GMT</datecreated>
			<flags>0</flags>
			<properties>
				<property>
					<name>Title</name>
					<value><![CDATA[messages_ja]]></value>
				</property>
			</properties>
			<relations/>
			<accesscontrol/>
		</file>
		<file>
			<destination>system/workplace/locales/ja/messages/org/opencms/search/extractors</destination>
			<type>folder</type>
			<uuidstructure>1178d416-c248-11e0-ae2f-406186cb791f</uuidstructure>
			<datecreated>Tue, 09 Aug 2011 05:26:00 GMT</datecreated>
			<flags>0</flags>
			<properties/>
			<relations/>
			<accesscontrol/>
		</file>
		<file>
			<source>system/workplace/locales/ja/messages/org/opencms/search/extractors/messages_ja.properties</source>
			<destination>system/workplace/locales/ja/messages/org/opencms/search/extractors/messages_ja.properties</destination>
			<type>plain</type>
			<uuidstructure>117a33a8-c248-11e0-ae2f-406186cb791f</uuidstructure>
			<uuidresource>117a33a9-c248-11e0-ae2f-406186cb791f</uuidresource>
			<datecreated>Tue, 09 Aug 2011 05:26:00 GMT</datecreated>
			<flags>0</flags>
			<properties>
				<property>
					<name>Title</name>
					<value><![CDATA[messages_ja]]></value>
				</property>
			</properties>
			<relations/>
			<accesscontrol/>
		</file>
		<file>
			<destination>system/workplace/locales/ja/messages/org/opencms/security</destination>
			<type>folder</type>
			<uuidstructure>1172927c-c248-11e0-ae2f-406186cb791f</uuidstructure>
			<datecreated>Tue, 09 Aug 2011 05:26:00 GMT</datecreated>
			<flags>0</flags>
			<properties/>
			<relations/>
			<accesscontrol/>
		</file>
		<file>
			<source>system/workplace/locales/ja/messages/org/opencms/security/messages_ja.properties</source>
			<destination>system/workplace/locales/ja/messages/org/opencms/security/messages_ja.properties</destination>
			<type>plain</type>
			<uuidstructure>1173cafe-c248-11e0-ae2f-406186cb791f</uuidstructure>
			<uuidresource>1173caff-c248-11e0-ae2f-406186cb791f</uuidresource>
			<datecreated>Tue, 09 Aug 2011 05:26:00 GMT</datecreated>
			<flags>0</flags>
			<properties>
				<property>
					<name>Title</name>
					<value><![CDATA[messages_ja]]></value>
				</property>
			</properties>
			<relations/>
			<accesscontrol/>
		</file>
		<file>
			<destination>system/workplace/locales/ja/messages/org/opencms/site</destination>
			<type>folder</type>
			<uuidstructure>116fac47-c248-11e0-ae2f-406186cb791f</uuidstructure>
			<datecreated>Tue, 09 Aug 2011 05:26:00 GMT</datecreated>
			<flags>0</flags>
			<properties/>
			<relations/>
			<accesscontrol/>
		</file>
		<file>
			<source>system/workplace/locales/ja/messages/org/opencms/site/messages_ja.properties</source>
			<destination>system/workplace/locales/ja/messages/org/opencms/site/messages_ja.properties</destination>
			<type>plain</type>
			<uuidstructure>1170e4c9-c248-11e0-ae2f-406186cb791f</uuidstructure>
			<uuidresource>1170e4ca-c248-11e0-ae2f-406186cb791f</uuidresource>
			<datecreated>Tue, 09 Aug 2011 05:26:00 GMT</datecreated>
			<flags>0</flags>
			<properties>
				<property>
					<name>Title</name>
					<value><![CDATA[messages_ja]]></value>
				</property>
			</properties>
			<relations/>
			<accesscontrol/>
		</file>
		<file>
			<destination>system/workplace/locales/ja/messages/org/opencms/staticexport</destination>
			<type>folder</type>
			<uuidstructure>116ced22-c248-11e0-ae2f-406186cb791f</uuidstructure>
			<datecreated>Tue, 09 Aug 2011 05:26:00 GMT</datecreated>
			<flags>0</flags>
			<properties/>
			<relations/>
			<accesscontrol/>
		</file>
		<file>
			<source>system/workplace/locales/ja/messages/org/opencms/staticexport/messages_ja.properties</source>
			<destination>system/workplace/locales/ja/messages/org/opencms/staticexport/messages_ja.properties</destination>
			<type>plain</type>
			<uuidstructure>116e25a4-c248-11e0-ae2f-406186cb791f</uuidstructure>
			<uuidresource>116e25a5-c248-11e0-ae2f-406186cb791f</uuidresource>
			<datecreated>Tue, 09 Aug 2011 05:26:00 GMT</datecreated>
			<flags>0</flags>
			<properties>
				<property>
					<name>Title</name>
					<value><![CDATA[messages_ja]]></value>
				</property>
			</properties>
			<relations/>
			<accesscontrol/>
		</file>
		<file>
			<destination>system/workplace/locales/ja/messages/org/opencms/synchronize</destination>
			<type>folder</type>
			<uuidstructure>116a07ed-c248-11e0-ae2f-406186cb791f</uuidstructure>
			<datecreated>Tue, 09 Aug 2011 05:26:00 GMT</datecreated>
			<flags>0</flags>
			<properties/>
			<relations/>
			<accesscontrol/>
		</file>
		<file>
			<source>system/workplace/locales/ja/messages/org/opencms/synchronize/messages_ja.properties</source>
			<destination>system/workplace/locales/ja/messages/org/opencms/synchronize/messages_ja.properties</destination>
			<type>plain</type>
			<uuidstructure>116b677f-c248-11e0-ae2f-406186cb791f</uuidstructure>
			<uuidresource>116b6780-c248-11e0-ae2f-406186cb791f</uuidresource>
			<datecreated>Tue, 09 Aug 2011 05:26:00 GMT</datecreated>
			<flags>0</flags>
			<properties>
				<property>
					<name>Title</name>
					<value><![CDATA[messages_ja]]></value>
				</property>
			</properties>
			<relations/>
			<accesscontrol/>
		</file>
		<file>
			<destination>system/workplace/locales/ja/messages/org/opencms/util</destination>
			<type>folder</type>
			<uuidstructure>11661048-c248-11e0-ae2f-406186cb791f</uuidstructure>
			<datecreated>Tue, 09 Aug 2011 05:26:00 GMT</datecreated>
			<flags>0</flags>
			<properties/>
			<relations/>
			<accesscontrol/>
		</file>
		<file>
			<source>system/workplace/locales/ja/messages/org/opencms/util/messages_ja.properties</source>
			<destination>system/workplace/locales/ja/messages/org/opencms/util/messages_ja.properties</destination>
			<type>plain</type>
			<uuidstructure>11676fda-c248-11e0-ae2f-406186cb791f</uuidstructure>
			<uuidresource>11676fdb-c248-11e0-ae2f-406186cb791f</uuidresource>
			<datecreated>Tue, 09 Aug 2011 05:26:00 GMT</datecreated>
			<flags>0</flags>
			<properties>
				<property>
					<name>Title</name>
					<value><![CDATA[messages_ja]]></value>
				</property>
			</properties>
			<relations/>
			<accesscontrol/>
		</file>
		<file>
			<destination>system/workplace/locales/ja/messages/org/opencms/webdav</destination>
			<type>folder</type>
			<uuidstructure>11628dd3-c248-11e0-ae2f-406186cb791f</uuidstructure>
			<datecreated>Tue, 09 Aug 2011 05:26:00 GMT</datecreated>
			<flags>0</flags>
			<properties/>
			<relations/>
			<accesscontrol/>
		</file>
		<file>
			<source>system/workplace/locales/ja/messages/org/opencms/webdav/messages_ja.properties</source>
			<destination>system/workplace/locales/ja/messages/org/opencms/webdav/messages_ja.properties</destination>
			<type>plain</type>
			<uuidstructure>11641475-c248-11e0-ae2f-406186cb791f</uuidstructure>
			<uuidresource>11641476-c248-11e0-ae2f-406186cb791f</uuidresource>
			<datecreated>Tue, 09 Aug 2011 05:26:00 GMT</datecreated>
			<flags>0</flags>
			<properties>
				<property>
					<name>Title</name>
					<value><![CDATA[messages_ja]]></value>
				</property>
			</properties>
			<relations/>
			<accesscontrol/>
		</file>
		<file>
			<destination>system/workplace/locales/ja/messages/org/opencms/widgets</destination>
			<type>folder</type>
			<uuidstructure>115e962e-c248-11e0-ae2f-406186cb791f</uuidstructure>
			<datecreated>Tue, 09 Aug 2011 05:26:00 GMT</datecreated>
			<flags>0</flags>
			<properties/>
			<relations/>
			<accesscontrol/>
		</file>
		<file>
			<source>system/workplace/locales/ja/messages/org/opencms/widgets/messages_ja.properties</source>
			<destination>system/workplace/locales/ja/messages/org/opencms/widgets/messages_ja.properties</destination>
			<type>plain</type>
			<uuidstructure>11601cd0-c248-11e0-ae2f-406186cb791f</uuidstructure>
			<uuidresource>11601cd1-c248-11e0-ae2f-406186cb791f</uuidresource>
			<datecreated>Tue, 09 Aug 2011 05:26:00 GMT</datecreated>
			<flags>0</flags>
			<properties>
				<property>
					<name>Title</name>
					<value><![CDATA[messages_ja]]></value>
				</property>
			</properties>
			<relations/>
			<accesscontrol/>
		</file>
		<file>
			<destination>system/workplace/locales/ja/messages/org/opencms/workplace</destination>
			<type>folder</type>
			<uuidstructure>10cb5625-c248-11e0-ae2f-406186cb791f</uuidstructure>
			<datecreated>Tue, 09 Aug 2011 05:25:59 GMT</datecreated>
			<flags>0</flags>
			<properties/>
			<relations/>
			<accesscontrol/>
		</file>
		<file>
			<source>system/workplace/locales/ja/messages/org/opencms/workplace/messages_ja.properties</source>
			<destination>system/workplace/locales/ja/messages/org/opencms/workplace/messages_ja.properties</destination>
			<type>plain</type>
			<uuidstructure>11311d4f-c248-11e0-ae2f-406186cb791f</uuidstructure>
			<uuidresource>11311d50-c248-11e0-ae2f-406186cb791f</uuidresource>
			<datecreated>Tue, 09 Aug 2011 05:26:00 GMT</datecreated>
			<flags>0</flags>
			<properties>
				<property>
					<name>Title</name>
					<value><![CDATA[messages_ja]]></value>
				</property>
			</properties>
			<relations/>
			<accesscontrol/>
		</file>
		<file>
			<destination>system/workplace/locales/ja/messages/org/opencms/workplace/administration</destination>
			<type>folder</type>
			<uuidstructure>115b61d9-c248-11e0-ae2f-406186cb791f</uuidstructure>
			<datecreated>Tue, 09 Aug 2011 05:26:00 GMT</datecreated>
			<flags>0</flags>
			<properties/>
			<relations/>
			<accesscontrol/>
		</file>
		<file>
			<source>system/workplace/locales/ja/messages/org/opencms/workplace/administration/messages_ja.properties</source>
			<destination>system/workplace/locales/ja/messages/org/opencms/workplace/administration/messages_ja.properties</destination>
			<type>plain</type>
			<uuidstructure>115ce87b-c248-11e0-ae2f-406186cb791f</uuidstructure>
			<uuidresource>115ce87c-c248-11e0-ae2f-406186cb791f</uuidresource>
			<datecreated>Tue, 09 Aug 2011 05:26:00 GMT</datecreated>
			<flags>0</flags>
			<properties>
				<property>
					<name>Title</name>
					<value><![CDATA[messages_ja]]></value>
				</property>
			</properties>
			<relations/>
			<accesscontrol/>
		</file>
		<file>
			<destination>system/workplace/locales/ja/messages/org/opencms/workplace/commons</destination>
			<type>folder</type>
			<uuidstructure>1157b854-c248-11e0-ae2f-406186cb791f</uuidstructure>
			<datecreated>Tue, 09 Aug 2011 05:26:00 GMT</datecreated>
			<flags>0</flags>
			<properties/>
			<relations/>
			<accesscontrol/>
		</file>
		<file>
			<source>system/workplace/locales/ja/messages/org/opencms/workplace/commons/messages_ja.properties</source>
			<destination>system/workplace/locales/ja/messages/org/opencms/workplace/commons/messages_ja.properties</destination>
			<type>plain</type>
			<uuidstructure>115917e6-c248-11e0-ae2f-406186cb791f</uuidstructure>
			<uuidresource>115917e7-c248-11e0-ae2f-406186cb791f</uuidresource>
			<datecreated>Tue, 09 Aug 2011 05:26:00 GMT</datecreated>
			<flags>0</flags>
			<properties>
				<property>
					<name>Title</name>
					<value><![CDATA[messages_ja]]></value>
				</property>
			</properties>
			<relations/>
			<accesscontrol/>
		</file>
		<file>
			<destination>system/workplace/locales/ja/messages/org/opencms/workplace/comparison</destination>
			<type>folder</type>
			<uuidstructure>1154ab0f-c248-11e0-ae2f-406186cb791f</uuidstructure>
			<datecreated>Tue, 09 Aug 2011 05:26:00 GMT</datecreated>
			<flags>0</flags>
			<properties/>
			<relations/>
			<accesscontrol/>
		</file>
		<file>
			<source>system/workplace/locales/ja/messages/org/opencms/workplace/comparison/messages_ja.properties</source>
			<destination>system/workplace/locales/ja/messages/org/opencms/workplace/comparison/messages_ja.properties</destination>
			<type>plain</type>
			<uuidstructure>11560aa1-c248-11e0-ae2f-406186cb791f</uuidstructure>
			<uuidresource>11560aa2-c248-11e0-ae2f-406186cb791f</uuidresource>
			<datecreated>Tue, 09 Aug 2011 05:26:00 GMT</datecreated>
			<flags>0</flags>
			<properties>
				<property>
					<name>Title</name>
					<value><![CDATA[messages_ja]]></value>
				</property>
			</properties>
			<relations/>
			<accesscontrol/>
		</file>
		<file>
			<destination>system/workplace/locales/ja/messages/org/opencms/workplace/demos</destination>
			<type>folder</type>
			<uuidstructure>1146a140-c248-11e0-ae2f-406186cb791f</uuidstructure>
			<datecreated>Tue, 09 Aug 2011 05:26:00 GMT</datecreated>
			<flags>0</flags>
			<properties/>
			<relations/>
			<accesscontrol/>
		</file>
		<file>
			<source>system/workplace/locales/ja/messages/org/opencms/workplace/demos/messages_ja.properties</source>
			<destination>system/workplace/locales/ja/messages/org/opencms/workplace/demos/messages_ja.properties</destination>
			<type>plain</type>
			<uuidstructure>114e9087-c248-11e0-ae2f-406186cb791f</uuidstructure>
			<uuidresource>114e9088-c248-11e0-ae2f-406186cb791f</uuidresource>
			<datecreated>Tue, 09 Aug 2011 05:26:00 GMT</datecreated>
			<flags>0</flags>
			<properties>
				<property>
					<name>Title</name>
					<value><![CDATA[messages_ja]]></value>
				</property>
			</properties>
			<relations/>
			<accesscontrol/>
		</file>
		<file>
			<destination>system/workplace/locales/ja/messages/org/opencms/workplace/demos/list</destination>
			<type>folder</type>
			<uuidstructure>1151c4da-c248-11e0-ae2f-406186cb791f</uuidstructure>
			<datecreated>Tue, 09 Aug 2011 05:26:00 GMT</datecreated>
			<flags>0</flags>
			<properties/>
			<relations/>
			<accesscontrol/>
		</file>
		<file>
			<source>system/workplace/locales/ja/messages/org/opencms/workplace/demos/list/messages_ja.properties</source>
			<destination>system/workplace/locales/ja/messages/org/opencms/workplace/demos/list/messages_ja.properties</destination>
			<type>plain</type>
			<uuidstructure>1152fd5c-c248-11e0-ae2f-406186cb791f</uuidstructure>
			<uuidresource>1152fd5d-c248-11e0-ae2f-406186cb791f</uuidresource>
			<datecreated>Tue, 09 Aug 2011 05:26:00 GMT</datecreated>
			<flags>0</flags>
			<properties>
				<property>
					<name>Title</name>
					<value><![CDATA[messages_ja]]></value>
				</property>
			</properties>
			<relations/>
			<accesscontrol/>
		</file>
		<file>
			<destination>system/workplace/locales/ja/messages/org/opencms/workplace/demos/widget</destination>
			<type>folder</type>
			<uuidstructure>11484ef2-c248-11e0-ae2f-406186cb791f</uuidstructure>
			<datecreated>Tue, 09 Aug 2011 05:26:00 GMT</datecreated>
			<flags>0</flags>
			<properties/>
			<relations/>
			<accesscontrol/>
		</file>
		<file>
			<source>system/workplace/locales/ja/messages/org/opencms/workplace/demos/widget/messages_ja.properties</source>
			<destination>system/workplace/locales/ja/messages/org/opencms/workplace/demos/widget/messages_ja.properties</destination>
			<type>plain</type>
			<uuidstructure>114a4ac4-c248-11e0-ae2f-406186cb791f</uuidstructure>
			<uuidresource>114a4ac5-c248-11e0-ae2f-406186cb791f</uuidresource>
			<datecreated>Tue, 09 Aug 2011 05:26:00 GMT</datecreated>
			<flags>0</flags>
			<properties>
				<property>
					<name>Title</name>
					<value><![CDATA[messages_ja]]></value>
				</property>
			</properties>
			<relations/>
			<accesscontrol/>
		</file>
		<file>
			<destination>system/workplace/locales/ja/messages/org/opencms/workplace/editors</destination>
			<type>folder</type>
			<uuidstructure>11436ceb-c248-11e0-ae2f-406186cb791f</uuidstructure>
			<datecreated>Tue, 09 Aug 2011 05:26:00 GMT</datecreated>
			<flags>0</flags>
			<properties/>
			<relations/>
			<accesscontrol/>
		</file>
		<file>
			<source>system/workplace/locales/ja/messages/org/opencms/workplace/editors/messages_ja.properties</source>
			<destination>system/workplace/locales/ja/messages/org/opencms/workplace/editors/messages_ja.properties</destination>
			<type>plain</type>
			<uuidstructure>1144f38d-c248-11e0-ae2f-406186cb791f</uuidstructure>
			<uuidresource>1144f38e-c248-11e0-ae2f-406186cb791f</uuidresource>
			<datecreated>Tue, 09 Aug 2011 05:26:00 GMT</datecreated>
			<flags>0</flags>
			<properties>
				<property>
					<name>Title</name>
					<value><![CDATA[messages_ja]]></value>
				</property>
			</properties>
			<relations/>
			<accesscontrol/>
		</file>
		<file>
			<destination>system/workplace/locales/ja/messages/org/opencms/workplace/explorer</destination>
			<type>folder</type>
			<uuidstructure>113c8f11-c248-11e0-ae2f-406186cb791f</uuidstructure>
			<datecreated>Tue, 09 Aug 2011 05:26:00 GMT</datecreated>
			<flags>0</flags>
			<properties/>
			<relations/>
			<accesscontrol/>
		</file>
		<file>
			<source>system/workplace/locales/ja/messages/org/opencms/workplace/explorer/messages_ja.properties</source>
			<destination>system/workplace/locales/ja/messages/org/opencms/workplace/explorer/messages_ja.properties</destination>
			<type>plain</type>
			<uuidstructure>113dc793-c248-11e0-ae2f-406186cb791f</uuidstructure>
			<uuidresource>113dc794-c248-11e0-ae2f-406186cb791f</uuidresource>
			<datecreated>Tue, 09 Aug 2011 05:26:00 GMT</datecreated>
			<flags>0</flags>
			<properties>
				<property>
					<name>Title</name>
					<value><![CDATA[messages_ja]]></value>
				</property>
			</properties>
			<relations/>
			<accesscontrol/>
		</file>
		<file>
			<destination>system/workplace/locales/ja/messages/org/opencms/workplace/explorer/menu</destination>
			<type>folder</type>
			<uuidstructure>113f9c56-c248-11e0-ae2f-406186cb791f</uuidstructure>
			<datecreated>Tue, 09 Aug 2011 05:26:00 GMT</datecreated>
			<flags>0</flags>
			<properties/>
			<relations/>
			<accesscontrol/>
		</file>
		<file>
			<source>system/workplace/locales/ja/messages/org/opencms/workplace/explorer/menu/messages_ja.properties</source>
			<destination>system/workplace/locales/ja/messages/org/opencms/workplace/explorer/menu/messages_ja.properties</destination>
			<type>plain</type>
			<uuidstructure>11414a08-c248-11e0-ae2f-406186cb791f</uuidstructure>
			<uuidresource>11414a09-c248-11e0-ae2f-406186cb791f</uuidresource>
			<datecreated>Tue, 09 Aug 2011 05:26:00 GMT</datecreated>
			<flags>0</flags>
			<properties>
				<property>
					<name>Title</name>
					<value><![CDATA[messages_ja]]></value>
				</property>
			</properties>
			<relations/>
			<accesscontrol/>
		</file>
		<file>
			<destination>system/workplace/locales/ja/messages/org/opencms/workplace/galleries</destination>
			<type>folder</type>
			<uuidstructure>1139a8dc-c248-11e0-ae2f-406186cb791f</uuidstructure>
			<datecreated>Tue, 09 Aug 2011 05:26:00 GMT</datecreated>
			<flags>0</flags>
			<properties/>
			<relations/>
			<accesscontrol/>
		</file>
		<file>
			<source>system/workplace/locales/ja/messages/org/opencms/workplace/galleries/messages_ja.properties</source>
			<destination>system/workplace/locales/ja/messages/org/opencms/workplace/galleries/messages_ja.properties</destination>
			<type>plain</type>
			<uuidstructure>113aba4e-c248-11e0-ae2f-406186cb791f</uuidstructure>
			<uuidresource>113aba4f-c248-11e0-ae2f-406186cb791f</uuidresource>
			<datecreated>Tue, 09 Aug 2011 05:26:00 GMT</datecreated>
			<flags>0</flags>
			<properties>
				<property>
					<name>Title</name>
					<value><![CDATA[messages_ja]]></value>
				</property>
			</properties>
			<relations/>
			<accesscontrol/>
		</file>
		<file>
			<destination>system/workplace/locales/ja/messages/org/opencms/workplace/help</destination>
			<type>folder</type>
			<uuidstructure>1135b137-c248-11e0-ae2f-406186cb791f</uuidstructure>
			<datecreated>Tue, 09 Aug 2011 05:26:00 GMT</datecreated>
			<flags>0</flags>
			<properties/>
			<relations/>
			<accesscontrol/>
		</file>
		<file>
			<source>system/workplace/locales/ja/messages/org/opencms/workplace/help/messages_ja.properties</source>
			<destination>system/workplace/locales/ja/messages/org/opencms/workplace/help/messages_ja.properties</destination>
			<type>plain</type>
			<uuidstructure>113737d9-c248-11e0-ae2f-406186cb791f</uuidstructure>
			<uuidresource>113737da-c248-11e0-ae2f-406186cb791f</uuidresource>
			<datecreated>Tue, 09 Aug 2011 05:26:00 GMT</datecreated>
			<flags>0</flags>
			<properties>
				<property>
					<name>Title</name>
					<value><![CDATA[messages_ja]]></value>
				</property>
			</properties>
			<relations/>
			<accesscontrol/>
		</file>
		<file>
			<destination>system/workplace/locales/ja/messages/org/opencms/workplace/list</destination>
			<type>folder</type>
			<uuidstructure>1132cb02-c248-11e0-ae2f-406186cb791f</uuidstructure>
			<datecreated>Tue, 09 Aug 2011 05:26:00 GMT</datecreated>
			<flags>0</flags>
			<properties/>
			<relations/>
			<accesscontrol/>
		</file>
		<file>
			<source>system/workplace/locales/ja/messages/org/opencms/workplace/list/messages_ja.properties</source>
			<destination>system/workplace/locales/ja/messages/org/opencms/workplace/list/messages_ja.properties</destination>
			<type>plain</type>
			<uuidstructure>1133dc74-c248-11e0-ae2f-406186cb791f</uuidstructure>
			<uuidresource>1133dc75-c248-11e0-ae2f-406186cb791f</uuidresource>
			<datecreated>Tue, 09 Aug 2011 05:26:00 GMT</datecreated>
			<flags>0</flags>
			<properties>
				<property>
					<name>Title</name>
					<value><![CDATA[messages_ja]]></value>
				</property>
			</properties>
			<relations/>
			<accesscontrol/>
		</file>
		<file>
			<destination>system/workplace/locales/ja/messages/org/opencms/workplace/search</destination>
			<type>folder</type>
			<uuidstructure>112e100a-c248-11e0-ae2f-406186cb791f</uuidstructure>
			<datecreated>Tue, 09 Aug 2011 05:26:00 GMT</datecreated>
			<flags>0</flags>
			<properties/>
			<relations/>
			<accesscontrol/>
		</file>
		<file>
			<source>system/workplace/locales/ja/messages/org/opencms/workplace/search/messages_ja.properties</source>
			<destination>system/workplace/locales/ja/messages/org/opencms/workplace/search/messages_ja.properties</destination>
			<type>plain</type>
			<uuidstructure>112f488c-c248-11e0-ae2f-406186cb791f</uuidstructure>
			<uuidresource>112f488d-c248-11e0-ae2f-406186cb791f</uuidresource>
			<datecreated>Tue, 09 Aug 2011 05:26:00 GMT</datecreated>
			<flags>0</flags>
			<properties>
				<property>
					<name>Title</name>
					<value><![CDATA[messages_ja]]></value>
				</property>
			</properties>
			<relations/>
			<accesscontrol/>
		</file>
		<file>
			<destination>system/workplace/locales/ja/messages/org/opencms/workplace/threads</destination>
			<type>folder</type>
			<uuidstructure>112b29d5-c248-11e0-ae2f-406186cb791f</uuidstructure>
			<datecreated>Tue, 09 Aug 2011 05:26:00 GMT</datecreated>
			<flags>0</flags>
			<properties/>
			<relations/>
			<accesscontrol/>
		</file>
		<file>
			<source>system/workplace/locales/ja/messages/org/opencms/workplace/threads/messages_ja.properties</source>
			<destination>system/workplace/locales/ja/messages/org/opencms/workplace/threads/messages_ja.properties</destination>
			<type>plain</type>
			<uuidstructure>112c6257-c248-11e0-ae2f-406186cb791f</uuidstructure>
			<uuidresource>112c6258-c248-11e0-ae2f-406186cb791f</uuidresource>
			<datecreated>Tue, 09 Aug 2011 05:26:00 GMT</datecreated>
			<flags>0</flags>
			<properties>
				<property>
					<name>Title</name>
					<value><![CDATA[messages_ja]]></value>
				</property>
			</properties>
			<relations/>
			<accesscontrol/>
		</file>
		<file>
			<destination>system/workplace/locales/ja/messages/org/opencms/workplace/tools</destination>
			<type>folder</type>
			<uuidstructure>10ccb5b7-c248-11e0-ae2f-406186cb791f</uuidstructure>
			<datecreated>Tue, 09 Aug 2011 05:25:59 GMT</datecreated>
			<flags>0</flags>
			<properties/>
			<relations/>
			<accesscontrol/>
		</file>
		<file>
			<source>system/workplace/locales/ja/messages/org/opencms/workplace/tools/messages_ja.properties</source>
			<destination>system/workplace/locales/ja/messages/org/opencms/workplace/tools/messages_ja.properties</destination>
			<type>plain</type>
			<uuidstructure>10f859c6-c248-11e0-ae2f-406186cb791f</uuidstructure>
			<uuidresource>10f859c7-c248-11e0-ae2f-406186cb791f</uuidresource>
			<datecreated>Tue, 09 Aug 2011 05:25:59 GMT</datecreated>
			<flags>0</flags>
			<properties>
				<property>
					<name>Title</name>
					<value><![CDATA[messages_ja]]></value>
				</property>
			</properties>
			<relations/>
			<accesscontrol/>
		</file>
		<file>
			<destination>system/workplace/locales/ja/messages/org/opencms/workplace/tools/accounts</destination>
			<type>folder</type>
			<uuidstructure>1127a760-c248-11e0-ae2f-406186cb791f</uuidstructure>
			<datecreated>Tue, 09 Aug 2011 05:26:00 GMT</datecreated>
			<flags>0</flags>
			<properties/>
			<relations/>
			<accesscontrol/>
		</file>
		<file>
			<source>system/workplace/locales/ja/messages/org/opencms/workplace/tools/accounts/messages_ja.properties</source>
			<destination>system/workplace/locales/ja/messages/org/opencms/workplace/tools/accounts/messages_ja.properties</destination>
			<type>plain</type>
			<uuidstructure>11292e02-c248-11e0-ae2f-406186cb791f</uuidstructure>
			<uuidresource>11292e03-c248-11e0-ae2f-406186cb791f</uuidresource>
			<datecreated>Tue, 09 Aug 2011 05:26:00 GMT</datecreated>
			<flags>0</flags>
			<properties>
				<property>
					<name>Title</name>
					<value><![CDATA[messages_ja]]></value>
				</property>
			</properties>
			<relations/>
			<accesscontrol/>
		</file>
		<file>
			<destination>system/workplace/locales/ja/messages/org/opencms/workplace/tools/cache</destination>
			<type>folder</type>
			<uuidstructure>11233a8b-c248-11e0-ae2f-406186cb791f</uuidstructure>
			<datecreated>Tue, 09 Aug 2011 05:26:00 GMT</datecreated>
			<flags>0</flags>
			<properties/>
			<relations/>
			<accesscontrol/>
		</file>
		<file>
			<source>system/workplace/locales/ja/messages/org/opencms/workplace/tools/cache/messages_ja.properties</source>
			<destination>system/workplace/locales/ja/messages/org/opencms/workplace/tools/cache/messages_ja.properties</destination>
			<type>plain</type>
			<uuidstructure>1124730d-c248-11e0-ae2f-406186cb791f</uuidstructure>
			<uuidresource>1124730e-c248-11e0-ae2f-406186cb791f</uuidresource>
			<datecreated>Tue, 09 Aug 2011 05:26:00 GMT</datecreated>
			<flags>0</flags>
			<properties>
				<property>
					<name>Title</name>
					<value><![CDATA[messages_ja]]></value>
				</property>
			</properties>
			<relations/>
			<accesscontrol/>
		</file>
		<file>
			<destination>system/workplace/locales/ja/messages/org/opencms/workplace/tools/content</destination>
			<type>folder</type>
			<uuidstructure>110bbacd-c248-11e0-ae2f-406186cb791f</uuidstructure>
			<datecreated>Tue, 09 Aug 2011 05:26:00 GMT</datecreated>
			<flags>0</flags>
			<properties/>
			<relations/>
			<accesscontrol/>
		</file>
		<file>
			<source>system/workplace/locales/ja/messages/org/opencms/workplace/tools/content/messages_ja.properties</source>
			<destination>system/workplace/locales/ja/messages/org/opencms/workplace/tools/content/messages_ja.properties</destination>
			<type>plain</type>
			<uuidstructure>1116b759-c248-11e0-ae2f-406186cb791f</uuidstructure>
			<uuidresource>1116b75a-c248-11e0-ae2f-406186cb791f</uuidresource>
			<datecreated>Tue, 09 Aug 2011 05:26:00 GMT</datecreated>
			<flags>0</flags>
			<properties>
				<property>
					<name>Title</name>
					<value><![CDATA[messages_ja]]></value>
				</property>
			</properties>
			<relations/>
			<accesscontrol/>
		</file>
		<file>
			<destination>system/workplace/locales/ja/messages/org/opencms/workplace/tools/content/check</destination>
			<type>folder</type>
			<uuidstructure>11200636-c248-11e0-ae2f-406186cb791f</uuidstructure>
			<datecreated>Tue, 09 Aug 2011 05:26:00 GMT</datecreated>
			<flags>0</flags>
			<properties/>
			<relations/>
			<accesscontrol/>
		</file>
		<file>
			<source>system/workplace/locales/ja/messages/org/opencms/workplace/tools/content/check/messages_ja.properties</source>
			<destination>system/workplace/locales/ja/messages/org/opencms/workplace/tools/content/check/messages_ja.properties</destination>
			<type>plain</type>
			<uuidstructure>11213eb8-c248-11e0-ae2f-406186cb791f</uuidstructure>
			<uuidresource>11213eb9-c248-11e0-ae2f-406186cb791f</uuidresource>
			<datecreated>Tue, 09 Aug 2011 05:26:00 GMT</datecreated>
			<flags>0</flags>
			<properties>
				<property>
					<name>Title</name>
					<value><![CDATA[messages_ja]]></value>
				</property>
			</properties>
			<relations/>
			<accesscontrol/>
		</file>
		<file>
			<destination>system/workplace/locales/ja/messages/org/opencms/workplace/tools/content/convertxml</destination>
			<type>folder</type>
			<uuidstructure>111caad1-c248-11e0-ae2f-406186cb791f</uuidstructure>
			<datecreated>Tue, 09 Aug 2011 05:26:00 GMT</datecreated>
			<flags>0</flags>
			<properties/>
			<relations/>
			<accesscontrol/>
		</file>
		<file>
			<source>system/workplace/locales/ja/messages/org/opencms/workplace/tools/content/convertxml/messages_ja.properties</source>
			<destination>system/workplace/locales/ja/messages/org/opencms/workplace/tools/content/convertxml/messages_ja.properties</destination>
			<type>plain</type>
			<uuidstructure>111de353-c248-11e0-ae2f-406186cb791f</uuidstructure>
			<uuidresource>111de354-c248-11e0-ae2f-406186cb791f</uuidresource>
			<datecreated>Tue, 09 Aug 2011 05:26:00 GMT</datecreated>
			<flags>0</flags>
			<properties>
				<property>
					<name>Title</name>
					<value><![CDATA[messages_ja]]></value>
				</property>
			</properties>
			<relations/>
			<accesscontrol/>
		</file>
		<file>
			<destination>system/workplace/locales/ja/messages/org/opencms/workplace/tools/content/languagecopy</destination>
			<type>folder</type>
			<uuidstructure>1119285c-c248-11e0-ae2f-406186cb791f</uuidstructure>
			<datecreated>Tue, 09 Aug 2011 05:26:00 GMT</datecreated>
			<flags>0</flags>
			<properties/>
			<relations/>
			<accesscontrol/>
		</file>
		<file>
			<source>system/workplace/locales/ja/messages/org/opencms/workplace/tools/content/languagecopy/messages_ja.properties</source>
			<destination>system/workplace/locales/ja/messages/org/opencms/workplace/tools/content/languagecopy/messages_ja.properties</destination>
			<type>plain</type>
			<uuidstructure>111a60de-c248-11e0-ae2f-406186cb791f</uuidstructure>
			<uuidresource>111a60df-c248-11e0-ae2f-406186cb791f</uuidresource>
			<datecreated>Tue, 09 Aug 2011 05:26:00 GMT</datecreated>
			<flags>0</flags>
			<properties>
				<property>
					<name>Title</name>
					<value><![CDATA[messages_ja]]></value>
				</property>
			</properties>
			<relations/>
			<accesscontrol/>
		</file>
		<file>
			<destination>system/workplace/locales/ja/messages/org/opencms/workplace/tools/content/propertyviewer</destination>
			<type>folder</type>
			<uuidstructure>11122374-c248-11e0-ae2f-406186cb791f</uuidstructure>
			<datecreated>Tue, 09 Aug 2011 05:26:00 GMT</datecreated>
			<flags>0</flags>
			<properties/>
			<relations/>
			<accesscontrol/>
		</file>
		<file>
			<source>system/workplace/locales/ja/messages/org/opencms/workplace/tools/content/propertyviewer/messages_ja.properties</source>
			<destination>system/workplace/locales/ja/messages/org/opencms/workplace/tools/content/propertyviewer/messages_ja.properties</destination>
			<type>plain</type>
			<uuidstructure>1113aa16-c248-11e0-ae2f-406186cb791f</uuidstructure>
			<uuidresource>1113aa17-c248-11e0-ae2f-406186cb791f</uuidresource>
			<datecreated>Tue, 09 Aug 2011 05:26:00 GMT</datecreated>
			<flags>0</flags>
			<properties>
				<property>
					<name>Title</name>
					<value><![CDATA[messages_ja]]></value>
				</property>
			</properties>
			<relations/>
			<accesscontrol/>
		</file>
		<file>
			<destination>system/workplace/locales/ja/messages/org/opencms/workplace/tools/content/updatexml</destination>
			<type>folder</type>
			<uuidstructure>110db69f-c248-11e0-ae2f-406186cb791f</uuidstructure>
			<datecreated>Tue, 09 Aug 2011 05:26:00 GMT</datecreated>
			<flags>0</flags>
			<properties/>
			<relations/>
			<accesscontrol/>
		</file>
		<file>
			<source>system/workplace/locales/ja/messages/org/opencms/workplace/tools/content/updatexml/messages_ja.properties</source>
			<destination>system/workplace/locales/ja/messages/org/opencms/workplace/tools/content/updatexml/messages_ja.properties</destination>
			<type>plain</type>
			<uuidstructure>110f6451-c248-11e0-ae2f-406186cb791f</uuidstructure>
			<uuidresource>110f6452-c248-11e0-ae2f-406186cb791f</uuidresource>
			<datecreated>Tue, 09 Aug 2011 05:26:00 GMT</datecreated>
			<flags>0</flags>
			<properties>
				<property>
					<name>Title</name>
					<value><![CDATA[messages_ja]]></value>
				</property>
			</properties>
			<relations/>
			<accesscontrol/>
		</file>
		<file>
			<destination>system/workplace/locales/ja/messages/org/opencms/workplace/tools/database</destination>
			<type>folder</type>
			<uuidstructure>1106d8c8-c248-11e0-ae2f-406186cb791f</uuidstructure>
			<datecreated>Tue, 09 Aug 2011 05:26:00 GMT</datecreated>
			<flags>0</flags>
			<properties/>
			<relations/>
			<accesscontrol/>
		</file>
		<file>
			<source>system/workplace/locales/ja/messages/org/opencms/workplace/tools/database/messages_ja.properties</source>
			<destination>system/workplace/locales/ja/messages/org/opencms/workplace/tools/database/messages_ja.properties</destination>
			<type>plain</type>
			<uuidstructure>11085f6a-c248-11e0-ae2f-406186cb791f</uuidstructure>
			<uuidresource>11085f6b-c248-11e0-ae2f-406186cb791f</uuidresource>
			<datecreated>Tue, 09 Aug 2011 05:26:00 GMT</datecreated>
			<flags>0</flags>
			<properties>
				<property>
					<name>Title</name>
					<value><![CDATA[messages_ja]]></value>
				</property>
			</properties>
			<relations/>
			<accesscontrol/>
		</file>
		<file>
			<destination>system/workplace/locales/ja/messages/org/opencms/workplace/tools/galleryoverview</destination>
			<type>folder</type>
			<uuidstructure>11029303-c248-11e0-ae2f-406186cb791f</uuidstructure>
			<datecreated>Tue, 09 Aug 2011 05:25:59 GMT</datecreated>
			<flags>0</flags>
			<properties/>
			<relations/>
			<accesscontrol/>
		</file>
		<file>
			<source>system/workplace/locales/ja/messages/org/opencms/workplace/tools/galleryoverview/messages_ja.properties</source>
			<destination>system/workplace/locales/ja/messages/org/opencms/workplace/tools/galleryoverview/messages_ja.properties</destination>
			<type>plain</type>
			<uuidstructure>110467c5-c248-11e0-ae2f-406186cb791f</uuidstructure>
			<uuidresource>110467c6-c248-11e0-ae2f-406186cb791f</uuidresource>
			<datecreated>Tue, 09 Aug 2011 05:26:00 GMT</datecreated>
			<flags>0</flags>
			<properties>
				<property>
					<name>Title</name>
					<value><![CDATA[messages_ja]]></value>
				</property>
			</properties>
			<relations/>
			<accesscontrol/>
		</file>
		<file>
			<destination>system/workplace/locales/ja/messages/org/opencms/workplace/tools/history</destination>
			<type>folder</type>
			<uuidstructure>10fee97e-c248-11e0-ae2f-406186cb791f</uuidstructure>
			<datecreated>Tue, 09 Aug 2011 05:25:59 GMT</datecreated>
			<flags>0</flags>
			<properties/>
			<relations/>
			<accesscontrol/>
		</file>
		<file>
			<source>system/workplace/locales/ja/messages/org/opencms/workplace/tools/history/messages_ja.properties</source>
			<destination>system/workplace/locales/ja/messages/org/opencms/workplace/tools/history/messages_ja.properties</destination>
			<type>plain</type>
			<uuidstructure>11004910-c248-11e0-ae2f-406186cb791f</uuidstructure>
			<uuidresource>11004911-c248-11e0-ae2f-406186cb791f</uuidresource>
			<datecreated>Tue, 09 Aug 2011 05:25:59 GMT</datecreated>
			<flags>0</flags>
			<properties>
				<property>
					<name>Title</name>
					<value><![CDATA[messages_ja]]></value>
				</property>
			</properties>
			<relations/>
			<accesscontrol/>
		</file>
		<file>
			<destination>system/workplace/locales/ja/messages/org/opencms/workplace/tools/link</destination>
			<type>folder</type>
			<uuidstructure>10faf1d9-c248-11e0-ae2f-406186cb791f</uuidstructure>
			<datecreated>Tue, 09 Aug 2011 05:25:59 GMT</datecreated>
			<flags>0</flags>
			<properties/>
			<relations/>
			<accesscontrol/>
		</file>
		<file>
			<source>system/workplace/locales/ja/messages/org/opencms/workplace/tools/link/messages_ja.properties</source>
			<destination>system/workplace/locales/ja/messages/org/opencms/workplace/tools/link/messages_ja.properties</destination>
			<type>plain</type>
			<uuidstructure>10fc9f8b-c248-11e0-ae2f-406186cb791f</uuidstructure>
			<uuidresource>10fc9f8c-c248-11e0-ae2f-406186cb791f</uuidresource>
			<datecreated>Tue, 09 Aug 2011 05:25:59 GMT</datecreated>
			<flags>0</flags>
			<properties>
				<property>
					<name>Title</name>
					<value><![CDATA[messages_ja]]></value>
				</property>
			</properties>
			<relations/>
			<accesscontrol/>
		</file>
		<file>
			<destination>system/workplace/locales/ja/messages/org/opencms/workplace/tools/modules</destination>
			<type>folder</type>
			<uuidstructure>10f46221-c248-11e0-ae2f-406186cb791f</uuidstructure>
			<datecreated>Tue, 09 Aug 2011 05:25:59 GMT</datecreated>
			<flags>0</flags>
			<properties/>
			<relations/>
			<accesscontrol/>
		</file>
		<file>
			<source>system/workplace/locales/ja/messages/org/opencms/workplace/tools/modules/messages_ja.properties</source>
			<destination>system/workplace/locales/ja/messages/org/opencms/workplace/tools/modules/messages_ja.properties</destination>
			<type>plain</type>
			<uuidstructure>10f60fd3-c248-11e0-ae2f-406186cb791f</uuidstructure>
			<uuidresource>10f60fd4-c248-11e0-ae2f-406186cb791f</uuidresource>
			<datecreated>Tue, 09 Aug 2011 05:25:59 GMT</datecreated>
			<flags>0</flags>
			<properties>
				<property>
					<name>Title</name>
					<value><![CDATA[messages_ja]]></value>
				</property>
			</properties>
			<relations/>
			<accesscontrol/>
		</file>
		<file>
			<destination>system/workplace/locales/ja/messages/org/opencms/workplace/tools/projects</destination>
			<type>folder</type>
			<uuidstructure>10f01c5c-c248-11e0-ae2f-406186cb791f</uuidstructure>
			<datecreated>Tue, 09 Aug 2011 05:25:59 GMT</datecreated>
			<flags>0</flags>
			<properties/>
			<relations/>
			<accesscontrol/>
		</file>
		<file>
			<source>system/workplace/locales/ja/messages/org/opencms/workplace/tools/projects/messages_ja.properties</source>
			<destination>system/workplace/locales/ja/messages/org/opencms/workplace/tools/projects/messages_ja.properties</destination>
			<type>plain</type>
			<uuidstructure>10f1ca0e-c248-11e0-ae2f-406186cb791f</uuidstructure>
			<uuidresource>10f1ca0f-c248-11e0-ae2f-406186cb791f</uuidresource>
			<datecreated>Tue, 09 Aug 2011 05:25:59 GMT</datecreated>
			<flags>0</flags>
			<properties>
				<property>
					<name>Title</name>
					<value><![CDATA[messages_ja]]></value>
				</property>
			</properties>
			<relations/>
			<accesscontrol/>
		</file>
		<file>
			<destination>system/workplace/locales/ja/messages/org/opencms/workplace/tools/publishqueue</destination>
			<type>folder</type>
			<uuidstructure>10ec99e7-c248-11e0-ae2f-406186cb791f</uuidstructure>
			<datecreated>Tue, 09 Aug 2011 05:25:59 GMT</datecreated>
			<flags>0</flags>
			<properties/>
			<relations/>
			<accesscontrol/>
		</file>
		<file>
			<source>system/workplace/locales/ja/messages/org/opencms/workplace/tools/publishqueue/messages_ja.properties</source>
			<destination>system/workplace/locales/ja/messages/org/opencms/workplace/tools/publishqueue/messages_ja.properties</destination>
			<type>plain</type>
			<uuidstructure>10edd269-c248-11e0-ae2f-406186cb791f</uuidstructure>
			<uuidresource>10edd26a-c248-11e0-ae2f-406186cb791f</uuidresource>
			<datecreated>Tue, 09 Aug 2011 05:25:59 GMT</datecreated>
			<flags>0</flags>
			<properties>
				<property>
					<name>Title</name>
					<value><![CDATA[messages_ja]]></value>
				</property>
			</properties>
			<relations/>
			<accesscontrol/>
		</file>
		<file>
			<destination>system/workplace/locales/ja/messages/org/opencms/workplace/tools/scheduler</destination>
			<type>folder</type>
			<uuidstructure>10e8c952-c248-11e0-ae2f-406186cb791f</uuidstructure>
			<datecreated>Tue, 09 Aug 2011 05:25:59 GMT</datecreated>
			<flags>0</flags>
			<properties/>
			<relations/>
			<accesscontrol/>
		</file>
		<file>
			<source>system/workplace/locales/ja/messages/org/opencms/workplace/tools/scheduler/messages_ja.properties</source>
			<destination>system/workplace/locales/ja/messages/org/opencms/workplace/tools/scheduler/messages_ja.properties</destination>
			<type>plain</type>
			<uuidstructure>10ea9e14-c248-11e0-ae2f-406186cb791f</uuidstructure>
			<uuidresource>10ea9e15-c248-11e0-ae2f-406186cb791f</uuidresource>
			<datecreated>Tue, 09 Aug 2011 05:25:59 GMT</datecreated>
			<flags>0</flags>
			<properties>
				<property>
					<name>Title</name>
					<value><![CDATA[messages_ja]]></value>
				</property>
			</properties>
			<relations/>
			<accesscontrol/>
		</file>
		<file>
			<destination>system/workplace/locales/ja/messages/org/opencms/workplace/tools/searchindex</destination>
			<type>folder</type>
			<uuidstructure>10ddf3d8-c248-11e0-ae2f-406186cb791f</uuidstructure>
			<datecreated>Tue, 09 Aug 2011 05:25:59 GMT</datecreated>
			<flags>0</flags>
			<properties/>
			<relations/>
			<accesscontrol/>
		</file>
		<file>
			<source>system/workplace/locales/ja/messages/org/opencms/workplace/tools/searchindex/messages_ja.properties</source>
			<destination>system/workplace/locales/ja/messages/org/opencms/workplace/tools/searchindex/messages_ja.properties</destination>
			<type>plain</type>
			<uuidstructure>10e2d5df-c248-11e0-ae2f-406186cb791f</uuidstructure>
			<uuidresource>10e2d5e0-c248-11e0-ae2f-406186cb791f</uuidresource>
			<datecreated>Tue, 09 Aug 2011 05:25:59 GMT</datecreated>
			<flags>0</flags>
			<properties>
				<property>
					<name>Title</name>
					<value><![CDATA[messages_ja]]></value>
				</property>
			</properties>
			<relations/>
			<accesscontrol/>
		</file>
		<file>
			<destination>system/workplace/locales/ja/messages/org/opencms/workplace/tools/searchindex/sourcesearch</destination>
			<type>folder</type>
			<uuidstructure>10df2c5a-c248-11e0-ae2f-406186cb791f</uuidstructure>
			<datecreated>Tue, 09 Aug 2011 05:25:59 GMT</datecreated>
			<flags>0</flags>
			<properties/>
			<relations/>
			<accesscontrol/>
		</file>
		<file>
			<source>system/workplace/locales/ja/messages/org/opencms/workplace/tools/searchindex/sourcesearch/messages_ja.properties</source>
			<destination>system/workplace/locales/ja/messages/org/opencms/workplace/tools/searchindex/sourcesearch/messages_ja.properties</destination>
			<type>plain</type>
			<uuidstructure>10e08bec-c248-11e0-ae2f-406186cb791f</uuidstructure>
			<uuidresource>10e08bed-c248-11e0-ae2f-406186cb791f</uuidresource>
			<datecreated>Tue, 09 Aug 2011 05:25:59 GMT</datecreated>
			<flags>0</flags>
			<properties>
				<property>
					<name>Title</name>
					<value><![CDATA[messages_ja]]></value>
				</property>
			</properties>
			<relations/>
			<accesscontrol/>
		</file>
		<file>
			<destination>system/workplace/locales/ja/messages/org/opencms/workplace/tools/workplace</destination>
			<type>folder</type>
			<uuidstructure>10ce3c59-c248-11e0-ae2f-406186cb791f</uuidstructure>
			<datecreated>Tue, 09 Aug 2011 05:25:59 GMT</datecreated>
			<flags>0</flags>
			<properties/>
			<relations/>
			<accesscontrol/>
		</file>
		<file>
			<source>system/workplace/locales/ja/messages/org/opencms/workplace/tools/workplace/messages_ja.properties</source>
			<destination>system/workplace/locales/ja/messages/org/opencms/workplace/tools/workplace/messages_ja.properties</destination>
			<type>plain</type>
			<uuidstructure>10d51a30-c248-11e0-ae2f-406186cb791f</uuidstructure>
			<uuidresource>10d51a31-c248-11e0-ae2f-406186cb791f</uuidresource>
			<datecreated>Tue, 09 Aug 2011 05:25:59 GMT</datecreated>
			<flags>0</flags>
			<properties>
				<property>
					<name>Title</name>
					<value><![CDATA[messages_ja]]></value>
				</property>
			</properties>
			<relations/>
			<accesscontrol/>
		</file>
		<file>
			<destination>system/workplace/locales/ja/messages/org/opencms/workplace/tools/workplace/broadcast</destination>
			<type>folder</type>
			<uuidstructure>10d95ff3-c248-11e0-ae2f-406186cb791f</uuidstructure>
			<datecreated>Tue, 09 Aug 2011 05:25:59 GMT</datecreated>
			<flags>0</flags>
			<properties/>
			<relations/>
			<accesscontrol/>
		</file>
		<file>
			<source>system/workplace/locales/ja/messages/org/opencms/workplace/tools/workplace/broadcast/messages_ja.properties</source>
			<destination>system/workplace/locales/ja/messages/org/opencms/workplace/tools/workplace/broadcast/messages_ja.properties</destination>
			<type>plain</type>
			<uuidstructure>10db5bc5-c248-11e0-ae2f-406186cb791f</uuidstructure>
			<uuidresource>10db5bc6-c248-11e0-ae2f-406186cb791f</uuidresource>
			<datecreated>Tue, 09 Aug 2011 05:25:59 GMT</datecreated>
			<flags>0</flags>
			<properties>
				<property>
					<name>Title</name>
					<value><![CDATA[messages_ja]]></value>
				</property>
			</properties>
			<relations/>
			<accesscontrol/>
		</file>
		<file>
			<destination>system/workplace/locales/ja/messages/org/opencms/workplace/tools/workplace/rfsfile</destination>
			<type>folder</type>
			<uuidstructure>10cf9beb-c248-11e0-ae2f-406186cb791f</uuidstructure>
			<datecreated>Tue, 09 Aug 2011 05:25:59 GMT</datecreated>
			<flags>0</flags>
			<properties/>
			<relations/>
			<accesscontrol/>
		</file>
		<file>
			<source>system/workplace/locales/ja/messages/org/opencms/workplace/tools/workplace/rfsfile/messages_ja.properties</source>
			<destination>system/workplace/locales/ja/messages/org/opencms/workplace/tools/workplace/rfsfile/messages_ja.properties</destination>
			<type>plain</type>
			<uuidstructure>10d1228d-c248-11e0-ae2f-406186cb791f</uuidstructure>
			<uuidresource>10d1228e-c248-11e0-ae2f-406186cb791f</uuidresource>
			<datecreated>Tue, 09 Aug 2011 05:25:59 GMT</datecreated>
			<flags>0</flags>
			<properties>
				<property>
					<name>Title</name>
					<value><![CDATA[messages_ja]]></value>
				</property>
			</properties>
			<relations/>
			<accesscontrol/>
		</file>
		<file>
			<destination>system/workplace/locales/ja/messages/org/opencms/xml</destination>
			<type>folder</type>
			<uuidstructure>10b16571-c248-11e0-ae2f-406186cb791f</uuidstructure>
			<datecreated>Tue, 09 Aug 2011 05:25:59 GMT</datecreated>
			<flags>0</flags>
			<properties/>
			<relations/>
			<accesscontrol/>
		</file>
		<file>
			<source>system/workplace/locales/ja/messages/org/opencms/xml/messages_ja.properties</source>
			<destination>system/workplace/locales/ja/messages/org/opencms/xml/messages_ja.properties</destination>
			<type>plain</type>
			<uuidstructure>10c4c66d-c248-11e0-ae2f-406186cb791f</uuidstructure>
			<uuidresource>10c4c66e-c248-11e0-ae2f-406186cb791f</uuidresource>
			<datecreated>Tue, 09 Aug 2011 05:25:59 GMT</datecreated>
			<flags>0</flags>
			<properties>
				<property>
					<name>Title</name>
					<value><![CDATA[messages_ja]]></value>
				</property>
			</properties>
			<relations/>
			<accesscontrol/>
		</file>
		<file>
			<destination>system/workplace/locales/ja/messages/org/opencms/xml/content</destination>
			<type>folder</type>
			<uuidstructure>10c6e950-c248-11e0-ae2f-406186cb791f</uuidstructure>
			<datecreated>Tue, 09 Aug 2011 05:25:59 GMT</datecreated>
			<flags>0</flags>
			<properties/>
			<relations/>
			<accesscontrol/>
		</file>
		<file>
			<source>system/workplace/locales/ja/messages/org/opencms/xml/content/messages_ja.properties</source>
			<destination>system/workplace/locales/ja/messages/org/opencms/xml/content/messages_ja.properties</destination>
			<type>plain</type>
			<uuidstructure>10c8be12-c248-11e0-ae2f-406186cb791f</uuidstructure>
			<uuidresource>10c8be13-c248-11e0-ae2f-406186cb791f</uuidresource>
			<datecreated>Tue, 09 Aug 2011 05:25:59 GMT</datecreated>
			<flags>0</flags>
			<properties>
				<property>
					<name>Title</name>
					<value><![CDATA[messages_ja]]></value>
				</property>
			</properties>
			<relations/>
			<accesscontrol/>
		</file>
		<file>
			<destination>system/workplace/locales/ja/messages/org/opencms/xml/page</destination>
			<type>folder</type>
			<uuidstructure>10befa08-c248-11e0-ae2f-406186cb791f</uuidstructure>
			<datecreated>Tue, 09 Aug 2011 05:25:59 GMT</datecreated>
			<flags>0</flags>
			<properties/>
			<relations/>
			<accesscontrol/>
		</file>
		<file>
			<source>system/workplace/locales/ja/messages/org/opencms/xml/page/messages_ja.properties</source>
			<destination>system/workplace/locales/ja/messages/org/opencms/xml/page/messages_ja.properties</destination>
			<type>plain</type>
			<uuidstructure>10c080aa-c248-11e0-ae2f-406186cb791f</uuidstructure>
			<uuidresource>10c080ab-c248-11e0-ae2f-406186cb791f</uuidresource>
			<datecreated>Tue, 09 Aug 2011 05:25:59 GMT</datecreated>
			<flags>0</flags>
			<properties>
				<property>
					<name>Title</name>
					<value><![CDATA[messages_ja]]></value>
				</property>
			</properties>
			<relations/>
			<accesscontrol/>
		</file>
		<file>
			<destination>system/workplace/locales/ja/messages/org/opencms/xml/types</destination>
			<type>folder</type>
			<uuidstructure>10b44ba3-c248-11e0-ae2f-406186cb791f</uuidstructure>
			<datecreated>Tue, 09 Aug 2011 05:25:59 GMT</datecreated>
			<flags>0</flags>
			<properties/>
			<relations/>
			<accesscontrol/>
		</file>
		<file>
			<source>system/workplace/locales/ja/messages/org/opencms/xml/types/messages_ja.properties</source>
			<destination>system/workplace/locales/ja/messages/org/opencms/xml/types/messages_ja.properties</destination>
			<type>plain</type>
			<uuidstructure>10ba8d35-c248-11e0-ae2f-406186cb791f</uuidstructure>
			<uuidresource>10ba8d36-c248-11e0-ae2f-406186cb791f</uuidresource>
			<datecreated>Tue, 09 Aug 2011 05:25:59 GMT</datecreated>
			<flags>0</flags>
			<properties>
				<property>
					<name>Title</name>
					<value><![CDATA[messages_ja]]></value>
				</property>
			</properties>
			<relations/>
			<accesscontrol/>
		</file>
	</files>
</export>
