<?xml version="1.0" encoding="UTF-8"?>

<export>
	<info>
		<infoproject>Offline</infoproject>
		<export_version>10</export_version>
	</info>
	<module>
		<name>org.opencms.editors.tinymce</name>
		<nicename><![CDATA[OpenCms TinyMCE WYSIWYG editor plugin]]></nicename>
		<group>OpenCms Editors</group>
		<class/>
		<export-mode name="reduced"/>
		<description><![CDATA[<p>This module contains TinyMCE editor for HTML pages and XML content.</p>
                              <p>The version of TinyMCE is 4.3.2</p>]]></description>
		<version>10.0.1</version>
		<authorname><![CDATA[OpenCms community]]></authorname>
		<authoremail><![CDATA[opencms-dev@opencms.org]]></authoremail>
		<datecreated/>
		<userinstalled/>
		<dateinstalled/>
		<dependencies/>
		<exportpoints/>
		<resources>
			<resource uri="/system/workplace/editors/tinymce/"/>
		</resources>
		<excluderesources/>
		<parameters/>
	</module>
	<files>
		<file>
			<destination>system</destination>
			<type>folder</type>
			<properties/>
		</file>
		<file>
			<destination>system/workplace</destination>
			<type>folder</type>
			<properties/>
		</file>
		<file>
			<destination>system/workplace/editors</destination>
			<type>folder</type>
			<properties/>
		</file>
		<file>
			<destination>system/workplace/editors/tinymce</destination>
			<type>folder</type>
			<uuidstructure>ba2d31d2-3c5b-11e1-9604-974a2cad26ef</uuidstructure>
			<datecreated>Wed, 11 Jan 2012 13:54:06 GMT</datecreated>
			<flags>0</flags>
			<properties>
				<property>
					<name>Title</name>
					<value><![CDATA[TinyMCE]]></value>
				</property>
			</properties>
			<relations/>
			<accesscontrol/>
		</file>
		<file>
			<source>system/workplace/editors/tinymce/base_content.css</source>
			<destination>system/workplace/editors/tinymce/base_content.css</destination>
			<type>plain</type>
			<uuidstructure>126b832a-b3d4-11e1-9f11-43f8f38677e0</uuidstructure>
			<uuidresource>126b832b-b3d4-11e1-9f11-43f8f38677e0</uuidresource>
			<datecreated>Mon, 11 Jun 2012 14:45:22 GMT</datecreated>
			<flags>0</flags>
			<properties/>
			<relations/>
			<accesscontrol/>
		</file>
		<file>
			<source>system/workplace/editors/tinymce/editor.jsp</source>
			<destination>system/workplace/editors/tinymce/editor.jsp</destination>
			<type>jsp</type>
			<uuidstructure>f09ff22e-3c5b-11e1-9604-974a2cad26ef</uuidstructure>
			<uuidresource>f09ff22f-3c5b-11e1-9604-974a2cad26ef</uuidresource>
			<datecreated>Wed, 11 Jan 2012 13:55:37 GMT</datecreated>
			<flags>0</flags>
			<properties>
				<property>
					<name>Title</name>
					<value><![CDATA[TinyMCE WYSIWYG editor]]></value>
				</property>
				<property type="shared">
					<name>export</name>
					<value><![CDATA[false]]></value>
				</property>
			</properties>
			<relations/>
			<accesscontrol/>
		</file>
		<file>
			<source>system/workplace/editors/tinymce/editor_configuration.xml</source>
			<destination>system/workplace/editors/tinymce/editor_configuration.xml</destination>
			<type>plain</type>
			<uuidstructure>e1ab35eb-3c5b-11e1-9604-974a2cad26ef</uuidstructure>
			<uuidresource>e1ab35ec-3c5b-11e1-9604-974a2cad26ef</uuidresource>
			<datecreated>Wed, 11 Jan 2012 13:55:12 GMT</datecreated>
			<flags>0</flags>
			<properties>
				<property>
					<name>Title</name>
					<value><![CDATA[Editor configuration file]]></value>
				</property>
			</properties>
			<relations/>
			<accesscontrol/>
		</file>
		<file>
			<source>system/workplace/editors/tinymce/filebrowser_gallery_integrator.js</source>
			<destination>system/workplace/editors/tinymce/filebrowser_gallery_integrator.js</destination>
			<type>jsp</type>
			<uuidstructure>f8d526bb-f078-4470-9ad0-9e58205807d5</uuidstructure>
			<uuidresource>f8d526bc-f078-4470-9ad0-9e58205807d5</uuidresource>
			<datecreated>Wed, 11 Jan 2012 13:55:37 GMT</datecreated>
			<flags>0</flags>
			<properties>
				<property type="shared">
					<name>export</name>
					<value><![CDATA[false]]></value>
				</property>
			</properties>
			<relations/>
			<accesscontrol/>
		</file>
		<file>
			<source>system/workplace/editors/tinymce/filebrowser_integrator.js</source>
			<destination>system/workplace/editors/tinymce/filebrowser_integrator.js</destination>
			<type>jsp</type>
			<uuidstructure>a66c86e0-d1d1-46c4-9e6c-691898eb79e1</uuidstructure>
			<uuidresource>a66c86e1-d1d1-46c4-9e6c-691898eb79e1</uuidresource>
			<datecreated>Wed, 11 Jan 2012 13:55:37 GMT</datecreated>
			<flags>0</flags>
			<properties>
				<property type="shared">
					<name>export</name>
					<value><![CDATA[false]]></value>
				</property>
			</properties>
			<relations/>
			<accesscontrol/>
		</file>
		<file>
			<source>system/workplace/editors/tinymce/htmlgallery_integrator.js</source>
			<destination>system/workplace/editors/tinymce/htmlgallery_integrator.js</destination>
			<type>jsp</type>
			<uuidstructure>45b5acf2-f3ee-4246-bc81-b0f659721e7f</uuidstructure>
			<uuidresource>45b5acf3-f3ee-4246-bc81-b0f659721e7f</uuidresource>
			<datecreated>Wed, 11 Jan 2012 13:55:37 GMT</datecreated>
			<flags>0</flags>
			<properties>
				<property type="shared">
					<name>export</name>
					<value><![CDATA[false]]></value>
				</property>
			</properties>
			<relations/>
			<accesscontrol/>
		</file>
		<file>
			<source>system/workplace/editors/tinymce/image_popup.html</source>
			<destination>system/workplace/editors/tinymce/image_popup.html</destination>
			<type>jsp</type>
			<uuidstructure>becf6d4c-f860-11e2-b124-000c298a1fde</uuidstructure>
			<uuidresource>becf6d4d-f860-11e2-b124-000c298a1fde</uuidresource>
			<datecreated>Mon, 29 Jul 2013 15:08:37 GMT</datecreated>
			<flags>0</flags>
			<properties>
				<property>
					<name>Title</name>
					<value><![CDATA[image popup]]></value>
				</property>
			</properties>
			<relations/>
			<accesscontrol/>
		</file>
		<file>
			<source>system/workplace/editors/tinymce/integrator.js</source>
			<destination>system/workplace/editors/tinymce/integrator.js</destination>
			<type>jsp</type>
			<uuidstructure>1cb323ac-99b2-4cb5-8957-bd49ae31ed03</uuidstructure>
			<uuidresource>1cb323ad-99b2-4cb5-8957-bd49ae31ed03</uuidresource>
			<datecreated>Wed, 11 Jan 2012 13:55:37 GMT</datecreated>
			<flags>0</flags>
			<properties>
				<property type="shared">
					<name>export</name>
					<value><![CDATA[true]]></value>
				</property>
			</properties>
			<relations/>
			<accesscontrol/>
		</file>
		<file>
			<source>system/workplace/editors/tinymce/linkgallery_integrator.js</source>
			<destination>system/workplace/editors/tinymce/linkgallery_integrator.js</destination>
			<type>jsp</type>
			<uuidstructure>4800fbde-7710-4d59-a878-8aad4be219a1</uuidstructure>
			<uuidresource>4800fbdf-7710-4d59-a878-8aad4be219a1</uuidresource>
			<datecreated>Wed, 11 Jan 2012 13:55:37 GMT</datecreated>
			<flags>0</flags>
			<properties>
				<property type="shared">
					<name>export</name>
					<value><![CDATA[false]]></value>
				</property>
			</properties>
			<relations/>
			<accesscontrol/>
		</file>
		<file>
			<source>system/workplace/editors/tinymce/opencms_plugin.css</source>
			<destination>system/workplace/editors/tinymce/opencms_plugin.css</destination>
			<type>jsp</type>
			<uuidstructure>d0273749-407c-11e3-bd65-13c7f20aeb68</uuidstructure>
			<uuidresource>d027374a-407c-11e3-bd65-13c7f20aeb68</uuidresource>
			<datecreated>Tue, 29 Oct 2013 09:30:56 GMT</datecreated>
			<flags>0</flags>
			<properties>
				<property type="shared">
					<name>export</name>
					<value><![CDATA[false]]></value>
				</property>
			</properties>
			<relations/>
			<accesscontrol/>
		</file>
		<file>
			<source>system/workplace/editors/tinymce/opencms_plugin.js</source>
			<destination>system/workplace/editors/tinymce/opencms_plugin.js</destination>
			<type>jsp</type>
			<uuidstructure>5300593b-150f-48c0-9d1e-cc7884613ba6</uuidstructure>
			<uuidresource>5300593c-150f-48c0-9d1e-cc7884613ba6</uuidresource>
			<datecreated>Wed, 11 Jan 2012 13:55:37 GMT</datecreated>
			<flags>0</flags>
			<properties>
				<property type="shared">
					<name>export</name>
					<value><![CDATA[false]]></value>
				</property>
			</properties>
			<relations/>
			<accesscontrol/>
		</file>
		<file>
			<source>system/workplace/editors/tinymce/tinymce_xmlpage.css</source>
			<destination>system/workplace/editors/tinymce/tinymce_xmlpage.css</destination>
			<type>plain</type>
			<uuidstructure>5de1afbd-57ee-11e1-a102-eb442326482c</uuidstructure>
			<uuidresource>5de1afbe-57ee-11e1-a102-eb442326482c</uuidresource>
			<datecreated>Wed, 15 Feb 2012 16:01:48 GMT</datecreated>
			<flags>0</flags>
			<properties/>
			<relations/>
			<accesscontrol/>
		</file>
	</files>
</export>
