<?xml version="1.0" encoding="UTF-8"?>

<export>
	<info>
		<infoproject>Offline</infoproject>
		<export_version>10</export_version>
	</info>
	<module>
		<name>org.opencms.workplace.handler</name>
		<nicename><![CDATA[OpenCms Workplace handler]]></nicename>
		<group>OpenCms Workplace</group>
		<class/>
		<export-mode name="reduced"/>
		<description><![CDATA[<p>This module contains the OpenCms Workplace handler files.</p>
<p>It includes the 404 and 500 error handlers that are showed in case of an error of a frontend application.</p>
<p><i>&copy; 2016 by Alkacon Software GmbH (http://www.alkacon.com).</i></p>]]></description>
		<version>10.0.0</version>
		<authorname><![CDATA[Alkacon Software GmbH]]></authorname>
		<authoremail><![CDATA[info@alkacon.com]]></authoremail>
		<datecreated/>
		<userinstalled/>
		<dateinstalled/>
		<dependencies/>
		<exportpoints/>
		<resources>
			<resource uri="/system/handler/"/>
		</resources>
		<excluderesources/>
		<parameters/>
	</module>
	<files>
		<file>
			<destination>system</destination>
			<type>folder</type>
			<properties/>
		</file>
		<file>
			<destination>system/handler</destination>
			<type>folder</type>
			<uuidstructure>82a54b3f-366c-11db-ab2a-8b2c5a4caf8d</uuidstructure>
			<datecreated>Mon, 27 Jun 2005 08:00:00 GMT</datecreated>
			<flags>0</flags>
			<properties>
				<property>
					<name>cache</name>
					<value><![CDATA[false]]></value>
				</property>
				<property>
					<name>template</name>
					<value><![CDATA[/system/handler/template/handlertemplate]]></value>
				</property>
			</properties>
			<relations/>
			<accesscontrol/>
		</file>
		<file>
			<source>system/handler/handle404.html</source>
			<destination>system/handler/handle404.html</destination>
			<type>jsp</type>
			<uuidstructure>82aff8a2-366c-11db-ab2a-8b2c5a4caf8d</uuidstructure>
			<uuidresource>2ec39dda-a50d-11d9-b4c9-b7aef4fd014d</uuidresource>
			<datecreated>Mon, 27 Jun 2005 08:00:00 GMT</datecreated>
			<flags>0</flags>
			<properties>
				<property>
					<name>Title</name>
					<value><![CDATA[404 error handler page]]></value>
				</property>
				<property type="shared">
					<name>export</name>
					<value><![CDATA[false]]></value>
				</property>
			</properties>
			<relations/>
			<accesscontrol/>
		</file>
		<file>
			<destination>system/handler/handle500.html</destination>
			<type>jsp</type>
			<uuidstructure>82bf3ae6-366c-11db-ab2a-8b2c5a4caf8d</uuidstructure>
			<uuidresource>2ec39dda-a50d-11d9-b4c9-b7aef4fd014d</uuidresource>
			<datecreated>Mon, 27 Jun 2005 08:00:00 GMT</datecreated>
			<flags>0</flags>
			<properties>
				<property>
					<name>Title</name>
					<value><![CDATA[500 error handler page]]></value>
				</property>
				<property type="shared">
					<name>export</name>
					<value><![CDATA[false]]></value>
				</property>
			</properties>
			<relations/>
			<accesscontrol/>
		</file>
	</files>
</export>