<?xml version="1.0" encoding="UTF-8"?>

<export>
	<info>
		<infoproject>Offline</infoproject>
		<export_version>10</export_version>
	</info>
	<module>
		<name>org.opencms.workplace.tools.history</name>
		<nicename><![CDATA[OpenCms File history administration tools]]></nicename>
		<group>OpenCms Workplace</group>
		<class/>
    <import-script><![CDATA[
# sets access control entries  and properties on folders not exclusively belonging to this module
writeProperty '/system/workplace/admin/history/' 'Description' '${key.GUI_HISTORY_ADMIN_TOOL_HELP_0}'
writeProperty '/system/workplace/admin/history/' 'NavImage' 'tools/history/icons/big/history.png:tools/history/icons/small/history.png'
writeProperty '/system/workplace/admin/history/' 'NavInfo' '${key.GUI_HISTORY_ADMIN_TOOL_GROUP_0}'
writeProperty '/system/workplace/admin/history/' 'NavPos' '50.0'
writeProperty '/system/workplace/admin/history/' 'NavText' '${key.GUI_HISTORY_ADMIN_TOOL_NAME_0}'
writeProperty '/system/workplace/admin/history/' 'Title' 'File History'
writeProperty '/system/workplace/admin/history/' 'admintoolhandler-class' 'org.opencms.workplace.tools.history.CmsFileHistoryToolHandler'

writeProperty '/system/workplace/admin/history/clearhistory/' 'Description' '${key.GUI_CLEARHISTORY_HISTORY_ADMIN_TOOL_HELP_0}'
writeProperty '/system/workplace/admin/history/clearhistory/' 'NavImage' 'tools/history/icons/big/history_clear.png'
writeProperty '/system/workplace/admin/history/clearhistory/' 'NavInfo' '${key.GUI_CLEARHISTORY_HISTORY_ADMIN_TOOL_GROUP_0}'
writeProperty '/system/workplace/admin/history/clearhistory/' 'NavPos' '12.5'
writeProperty '/system/workplace/admin/history/clearhistory/' 'NavText' '${key.GUI_CLEARHISTORY_HISTORY_ADMIN_TOOL_NAME_0}'
writeProperty '/system/workplace/admin/history/clearhistory/' 'admintoolhandler-class' 'org.opencms.workplace.tools.history.CmsFileHistoryToolHandler'
writeProperty '/system/workplace/admin/history/clearhistory/' 'default-file' 'index.jsp'

writeProperty '/system/workplace/admin/history/settings/' 'Description' '${key.GUI_HISTORYSETTINGS_HISTORY_ADMIN_TOOL_HELP_0}'
writeProperty '/system/workplace/admin/history/settings/' 'NavImage' 'tools/history/icons/big/history_settings.png'
writeProperty '/system/workplace/admin/history/settings/' 'NavInfo' '${key.GUI_HISTORYSETTINGS_HISTORY_ADMIN_TOOL_GROUP_0}'
writeProperty '/system/workplace/admin/history/settings/' 'NavPos' '0.5'
writeProperty '/system/workplace/admin/history/settings/' 'NavText' '${key.GUI_HISTORYSETTINGS_HISTORY_ADMIN_TOOL_NAME_0}'
writeProperty '/system/workplace/admin/history/settings/' 'admintoolhandler-class' 'org.opencms.workplace.tools.history.CmsFileHistoryToolHandler'
writeProperty '/system/workplace/admin/history/settings/' 'default-file' 'index.jsp'
		]]></import-script>
		<export-mode name="reduced"/>
		<description><![CDATA[<p>This module contains the OpenCms administration tools for managing the file history feature.</p>
<p><i>&copy; 2016 by Alkacon Software GmbH (http://www.alkacon.com).</i></p>]]></description>
		<version>10.0.0</version>
		<authorname><![CDATA[Alkacon Software GmbH]]></authorname>
		<authoremail><![CDATA[info@alkacon.com]]></authoremail>
		<datecreated>Mon, 27 Jun 2005 08:00:00 GMT</datecreated>
		<userinstalled/>
		<dateinstalled/>
		<dependencies>
			<dependency name="org.opencms.workplace" version="10.0.0"/>
			<dependency name="org.opencms.workplace.administration" version="10.0.0"/>
		</dependencies>
		<exportpoints/>
		<resources>
			<resource uri="/system/workplace/admin/history/clearhistory/index.jsp"/>
			<resource uri="/system/workplace/admin/history/reports/clearhistory.jsp"/>
			<resource uri="/system/workplace/admin/history/settings/index.jsp"/>
			<resource uri="/system/workplace/resources/tools/history/icons/big/history.png"/>
			<resource uri="/system/workplace/resources/tools/history/icons/big/history_clear.png"/>
			<resource uri="/system/workplace/resources/tools/history/icons/big/history_clear_disabled.png"/>
			<resource uri="/system/workplace/resources/tools/history/icons/big/history_settings.png"/>
			<resource uri="/system/workplace/resources/tools/history/icons/small/history.png"/>
		</resources>
		<excluderesources/>
		<parameters/>
	</module>
	<files>
		<file>
			<destination>system</destination>
			<type>folder</type>
			<properties/>
		</file>
		<file>
			<destination>system/workplace</destination>
			<type>folder</type>
			<properties/>
		</file>
		<file>
			<destination>system/workplace/admin</destination>
			<type>folder</type>
			<properties/>
		</file>
		<file>
			<destination>system/workplace/admin/history</destination>
			<type>folder</type>
			<properties/>
		</file>
		<file>
			<destination>system/workplace/admin/history/clearhistory</destination>
			<type>folder</type>
			<properties/>
		</file>
		<file>
			<source>system/workplace/admin/history/clearhistory/index.jsp</source>
			<destination>system/workplace/admin/history/clearhistory/index.jsp</destination>
			<type>jsp</type>
			<uuidstructure>df1b09e6-11b7-11db-91cd-fdbae480bac9</uuidstructure>
			<uuidresource>df1b09e5-11b7-11db-91cd-fdbae480bac9</uuidresource>
			<datecreated>Mon, 27 Jun 2005 08:00:00 GMT</datecreated>
			<flags>0</flags>
			<properties>
				<property>
					<name>export</name>
					<value><![CDATA[false]]></value>
				</property>
			</properties>
			<relations/>
			<accesscontrol/>
		</file>
		<file>
			<destination>system/workplace/admin/history/reports</destination>
			<type>folder</type>
			<properties/>
		</file>
		<file>
			<source>system/workplace/admin/history/reports/clearhistory.jsp</source>
			<destination>system/workplace/admin/history/reports/clearhistory.jsp</destination>
			<type>jsp</type>
			<uuidstructure>83593959-143f-11dc-bce6-edd7343a1375</uuidstructure>
			<uuidresource>8359395a-143f-11dc-bce6-edd7343a1375</uuidresource>
			<datecreated>Wed, 06 Jun 2007 15:06:33 GMT</datecreated>
			<flags>0</flags>
			<properties>
				<property type="shared">
					<name>export</name>
					<value><![CDATA[false]]></value>
				</property>
			</properties>
			<relations/>
			<accesscontrol/>
		</file>
		<file>
			<destination>system/workplace/admin/history/settings</destination>
			<type>folder</type>
			<properties/>
		</file>
		<file>
			<source>system/workplace/admin/history/settings/index.jsp</source>
			<destination>system/workplace/admin/history/settings/index.jsp</destination>
			<type>jsp</type>
			<uuidstructure>df2961d3-11b7-11db-91cd-fdbae480bac9</uuidstructure>
			<uuidresource>df2961d2-11b7-11db-91cd-fdbae480bac9</uuidresource>
			<datecreated>Mon, 27 Jun 2005 08:00:00 GMT</datecreated>
			<flags>0</flags>
			<properties>
				<property>
					<name>export</name>
					<value><![CDATA[false]]></value>
				</property>
			</properties>
			<relations/>
			<accesscontrol/>
		</file>
		<file>
			<destination>system/workplace/resources</destination>
			<type>folder</type>
			<properties/>
		</file>
		<file>
			<destination>system/workplace/resources/tools</destination>
			<type>folder</type>
			<properties/>
		</file>
		<file>
			<destination>system/workplace/resources/tools/history</destination>
			<type>folder</type>
			<properties/>
		</file>
		<file>
			<destination>system/workplace/resources/tools/history/icons</destination>
			<type>folder</type>
			<properties/>
		</file>
		<file>
			<destination>system/workplace/resources/tools/history/icons/big</destination>
			<type>folder</type>
			<properties/>
		</file>
		<file>
			<source>system/workplace/resources/tools/history/icons/big/history.png</source>
			<destination>system/workplace/resources/tools/history/icons/big/history.png</destination>
			<type>image</type>
			<uuidstructure>dfd50b2f-11b7-11db-91cd-fdbae480bac9</uuidstructure>
			<uuidresource>dfd50b2e-11b7-11db-91cd-fdbae480bac9</uuidresource>
			<datecreated>Mon, 27 Jun 2005 08:00:00 GMT</datecreated>
			<flags>0</flags>
			<properties>
				<property type="shared">
					<name>image.size</name>
					<value><![CDATA[w:32,h:32]]></value>
				</property>
			</properties>
			<relations/>
			<accesscontrol/>
		</file>
		<file>
			<source>system/workplace/resources/tools/history/icons/big/history_clear.png</source>
			<destination>system/workplace/resources/tools/history/icons/big/history_clear.png</destination>
			<type>image</type>
			<uuidstructure>dfd9c623-11b7-11db-91cd-fdbae480bac9</uuidstructure>
			<uuidresource>dfd9c622-11b7-11db-91cd-fdbae480bac9</uuidresource>
			<datecreated>Mon, 27 Jun 2005 08:00:00 GMT</datecreated>
			<flags>0</flags>
			<properties>
				<property type="shared">
					<name>image.size</name>
					<value><![CDATA[w:32,h:32]]></value>
				</property>
			</properties>
			<relations/>
			<accesscontrol/>
		</file>
		<file>
			<source>system/workplace/resources/tools/history/icons/big/history_clear_disabled.png</source>
			<destination>system/workplace/resources/tools/history/icons/big/history_clear_disabled.png</destination>
			<type>image</type>
			<uuidstructure>ee6aa590-0eb8-11dc-acc2-95952ec31041</uuidstructure>
			<uuidresource>ee6aa591-0eb8-11dc-acc2-95952ec31041</uuidresource>
			<datecreated>Wed, 30 May 2007 14:20:35 GMT</datecreated>
			<flags>0</flags>
			<properties>
				<property>
					<name>Title</name>
					<value><![CDATA[cabinet_delete]]></value>
				</property>
				<property type="shared">
					<name>image.size</name>
					<value><![CDATA[w:32,h:32]]></value>
				</property>
			</properties>
			<relations/>
			<accesscontrol/>
		</file>
		<file>
			<source>system/workplace/resources/tools/history/icons/big/history_settings.png</source>
			<destination>system/workplace/resources/tools/history/icons/big/history_settings.png</destination>
			<type>image</type>
			<uuidstructure>dfde8117-11b7-11db-91cd-fdbae480bac9</uuidstructure>
			<uuidresource>dfde8116-11b7-11db-91cd-fdbae480bac9</uuidresource>
			<datecreated>Mon, 27 Jun 2005 08:00:00 GMT</datecreated>
			<flags>0</flags>
			<properties>
				<property type="shared">
					<name>image.size</name>
					<value><![CDATA[w:32,h:32]]></value>
				</property>
			</properties>
			<relations/>
			<accesscontrol/>
		</file>
		<file>
			<destination>system/workplace/resources/tools/history/icons/small</destination>
			<type>folder</type>
			<properties/>
		</file>
		<file>
			<source>system/workplace/resources/tools/history/icons/small/history.png</source>
			<destination>system/workplace/resources/tools/history/icons/small/history.png</destination>
			<type>image</type>
			<uuidstructure>dfe81e0d-11b7-11db-91cd-fdbae480bac9</uuidstructure>
			<uuidresource>dfe81e0c-11b7-11db-91cd-fdbae480bac9</uuidresource>
			<datecreated>Mon, 27 Jun 2005 08:00:00 GMT</datecreated>
			<flags>0</flags>
			<properties>
				<property type="shared">
					<name>image.size</name>
					<value><![CDATA[w:20,h:20]]></value>
				</property>
			</properties>
			<relations/>
			<accesscontrol/>
		</file>
	</files>
</export>
