<?xml version="1.0" encoding="UTF-8"?>

<ApolloTabs xmlns:xsi="http://www.w3.org/2001/XMLSchema-instance" xsi:noNamespaceSchemaLocation="opencms://system/modules/org.opencms.apollo.template.schemas/schemas/tabs.xsd">
  <ApolloTab language="en">
    <Title><![CDATA[Popular topics]]></Title>
    <Label><![CDATA[What is the Apollo Template?]]></Label>
    <Label><![CDATA[How to customize the page?]]></Label>
    <Label><![CDATA[Can I use the Apollo Template for my website?]]></Label>
    <Label><![CDATA[How can I edit contents?]]></Label>
    <Label><![CDATA[Is it safe to update?]]></Label>
    <Label><![CDATA[This tab is empty]]></Label>
  </ApolloTab>
</ApolloTabs>
