<?xml version="1.0" encoding="UTF-8"?>

<ApolloNavigations xmlns:xsi="http://www.w3.org/2001/XMLSchema-instance" xsi:noNamespaceSchemaLocation="opencms://system/modules/org.opencms.apollo.template.schemas/schemas/navigation.xsd">
  <ApolloNavigation language="en">
    <Title><![CDATA[Apollo Demo main navigation]]></Title>
    <NavStartLevel><![CDATA[0]]></NavStartLevel>
    <LogoImage>
      <link type="WEAK">
        <target><![CDATA[/system/modules/org.opencms.apollo.template.basics/resources/img/logo/logo_opencms_170x42.png]]></target>
        <uuid>71ac2b99-be83-11e5-a9f8-0242ac11002b</uuid>
      </link>
    </LogoImage>
    <LogoLink>
      <link internal="true" type="WEAK">
        <target><![CDATA[/sites/default/overview/]]></target>
        <uuid>c4709ed4-5845-11e4-a786-005056b61161</uuid>
      </link>
    </LogoLink>
    <Header name="Header0">
      <links>
        <link name="link0" internal="true" type="A">
          <target><![CDATA[/sites/default/apollo-demo/search/]]></target>
          <uuid>4eef4bfc-5c5c-11e5-96ab-0242ac11002b</uuid>
        </link>
        <link name="link1" internal="true" type="A">
          <target><![CDATA[/sites/default/login/]]></target>
          <uuid>d87f4764-58f1-11e4-903d-005056b61161</uuid>
        </link>
      </links>
      <content><![CDATA[<ul class="loginbar pull-right">
  <li><a href="%(link0)">Search</a></li>
  <li class="topbar-devider"></li>
  <li><a href="%(link1)">Login</a></li>
</ul>]]></content>
    </Header>
  </ApolloNavigation>
</ApolloNavigations>
