<?xml version="1.0" encoding="UTF-8"?>

<export>
	<info>
		<infoproject>Offline</infoproject>
		<export_version>10</export_version>
	</info>
	<module>
		<name>org.opencms.apollo.template.schemas</name>
		<nicename><![CDATA[Apollo Template Schemas]]></nicename>
		<group>Apollo Template</group>
		<class/>
		<import-site>/sites/default/</import-site>
		<export-mode name="reduced"/>
		<description><![CDATA[The OpenCms 10 Apollo template XML Schema Definitions.]]></description>
		<version>10.0.1</version>
		<authorname><![CDATA[Alkacon Software GmbH]]></authorname>
		<authoremail/>
		<datecreated/>
		<userinstalled/>
		<dateinstalled/>
		<dependencies>
			<dependency name="org.opencms.apollo.template.basics" version="10.0.0"/>
		</dependencies>
		<exportpoints>
			<exportpoint uri="/system/modules/org.opencms.apollo.template.schemas/lib/" destination="WEB-INF/lib/"/>
		</exportpoints>
		<resources>
			<resource uri="/system/modules/org.opencms.apollo.template.schemas/"/>
			<resource uri="/system/workplace/resources/filetypes/a-menu.png"/>
			<resource uri="/system/workplace/resources/filetypes/a-templaterow.png"/>
			<resource uri="/system/workplace/resources/filetypes/a-templaterow_big.png"/>
			<resource uri="/system/workplace/resources/filetypes/a-navigation.png"/>
			<resource uri="/system/workplace/resources/filetypes/a-navigation_big.png"/>
			<resource uri="/system/workplace/resources/filetypes/a-section.png"/>
			<resource uri="/system/workplace/resources/filetypes/a-section_big.png"/>
			<resource uri="/system/workplace/resources/filetypes/a-flexible.png"/>
			<resource uri="/system/workplace/resources/filetypes/a-flexible_big.png"/>
			<resource uri="/system/workplace/resources/filetypes/a-slider.png"/>
			<resource uri="/system/workplace/resources/filetypes/a-slider_big.png"/>
			<resource uri="/system/workplace/resources/filetypes/a-tabs.png"/>
			<resource uri="/system/workplace/resources/filetypes/a-tabs_big.png"/>
			<resource uri="/system/workplace/resources/filetypes/a-blog.png"/>
			<resource uri="/system/workplace/resources/filetypes/a-blog_big.png"/>
			<resource uri="/system/workplace/resources/filetypes/a-list.png"/>
			<resource uri="/system/workplace/resources/filetypes/a-list_big.png"/>
			<resource uri="/system/workplace/resources/filetypes/a-map.png"/>
			<resource uri="/system/workplace/resources/filetypes/a-map_big.png"/>
			<resource uri="/system/workplace/resources/filetypes/a-event.png"/>
			<resource uri="/system/workplace/resources/filetypes/a-event_big.png"/>
			<resource uri="/system/workplace/resources/filetypes/a-sitemap.png"/>
			<resource uri="/system/workplace/resources/filetypes/a-sitemap_big.png"/>
		</resources>
		<excluderesources/>
		<parameters/>
		<resourcetypes>
			<type class="org.opencms.file.types.CmsResourceTypeXmlContent" name="a-templaterow" id="450">
				<param name="schema">/system/modules/org.opencms.apollo.template.schemas/schemas/templaterow.xsd</param>
			</type>
			<type class="org.opencms.file.types.CmsResourceTypeXmlContent" name="a-navigation" id="451">
				<param name="schema">/system/modules/org.opencms.apollo.template.schemas/schemas/navigation.xsd</param>
			</type>
			<type class="org.opencms.file.types.CmsResourceTypeXmlContent" name="a-section" id="464">
				<param name="schema">/system/modules/org.opencms.apollo.template.schemas/schemas/section.xsd</param>
			</type>
			<type class="org.opencms.file.types.CmsResourceTypeXmlContent" name="a-flexible" id="453">
				<param name="schema">/system/modules/org.opencms.apollo.template.schemas/schemas/flexible.xsd</param>
			</type>
			<type class="org.opencms.file.types.CmsResourceTypeXmlContent" name="a-tabs" id="455">
				<param name="schema">/system/modules/org.opencms.apollo.template.schemas/schemas/tabs.xsd</param>
			</type>
			<type class="org.opencms.file.types.CmsResourceTypeXmlContent" name="a-event" id="458">
				<param name="schema">/system/modules/org.opencms.apollo.template.schemas/schemas/event.xsd</param>
			</type>
			<type class="org.opencms.file.types.CmsResourceTypeXmlContent" name="a-blog" id="459">
				<param name="schema">/system/modules/org.opencms.apollo.template.schemas/schemas/blog.xsd</param>
			</type>
			<type class="org.opencms.file.types.CmsResourceTypeXmlContent" name="a-list" id="460">
				<param name="schema">/system/modules/org.opencms.apollo.template.schemas/schemas/list.xsd</param>
			</type>
			<type class="org.opencms.file.types.CmsResourceTypeXmlContent" name="a-map" id="461">
				<param name="schema">/system/modules/org.opencms.apollo.template.schemas/schemas/map.xsd</param>
			</type>
			<type class="org.opencms.file.types.CmsResourceTypeXmlContent" name="a-slider" id="456">
				<param name="schema">/system/modules/org.opencms.apollo.template.schemas/schemas/slider.xsd</param>
			</type>
			<type class="org.opencms.file.types.CmsResourceTypeXmlContent" name="a-sitemap" id="462">
				<param name="schema">/system/modules/org.opencms.apollo.template.schemas/schemas/sitemap.xsd</param>
			</type>
		</resourcetypes>
		<explorertypes>
			<explorertype name="a-menu" key="fileicon.a-menu" icon="a-menu.png" reference="xmlcontent">
				<newresource uri="newresource.jsp?page=a-menu" order="12" autosetnavigation="false" autosettitle="false" info="desc.a-menu"/>
			</explorertype>
			<explorertype name="a-templaterow" key="fileicon.a-templaterow" icon="a-templaterow.png" bigicon="a-templaterow_big.png" reference="xmlcontent">
				<newresource page="a-menu" uri="newresource_xmlcontent.jsp?newresourcetype=a-templaterow" order="10" autosetnavigation="false" autosettitle="false" info="desc.a-templaterow" key="title.a-templaterow"/>
			</explorertype>
			<explorertype name="a-navigation" key="fileicon.a-navigation" icon="a-navigation.png" bigicon="a-navigation_big.png" reference="xmlcontent">
				<newresource page="a-menu" uri="newresource_xmlcontent.jsp?newresourcetype=a-navigation" order="100" autosetnavigation="false" autosettitle="false" info="desc.a-navigation" key="title.a-navigation"/>
			</explorertype>
			<explorertype name="a-section" key="fileicon.a-section" icon="a-section.png" bigicon="a-section_big.png" reference="xmlcontent">
				<newresource page="a-menu" uri="newresource_xmlcontent.jsp?newresourcetype=a-section" order="10" autosetnavigation="false" autosettitle="false" info="desc.a-section" key="title.a-section"/>
			</explorertype>
			<explorertype name="a-flexible" key="fileicon.a-flexible" icon="a-flexible.png" bigicon="a-flexible_big.png" reference="xmlcontent">
				<newresource page="a-menu" uri="newresource_xmlcontent.jsp?newresourcetype=a-flexible" order="20" autosetnavigation="false" autosettitle="false" info="desc.a-flexible" key="title.a-flexible"/>
			</explorertype>
			<explorertype name="a-tabs" key="fileicon.a-tabs" icon="a-tabs.png" bigicon="a-tabs_big.png" reference="xmlcontent">
				<newresource page="a-menu" uri="newresource_xmlcontent.jsp?newresourcetype=a-tabs" order="40" autosetnavigation="false" autosettitle="false" info="desc.a-tabs" key="title.a-tabs"/>
			</explorertype>
			<explorertype name="a-event" key="fileicon.a-event" icon="a-event.png" bigicon="a-event_big.png" reference="xmlcontent">
				<newresource page="a-menu" uri="newresource_xmlcontent.jsp?newresourcetype=a-event" order="70" autosetnavigation="false" autosettitle="false" info="desc.a-event" key="title.a-event"/>
			</explorertype>
			<explorertype name="a-blog" key="fileicon.a-blog" icon="a-blog.png" bigicon="a-blog_big.png" reference="xmlcontent">
				<newresource page="a-menu" uri="newresource_xmlcontent.jsp?newresourcetype=a-blog" order="80" autosetnavigation="false" autosettitle="false" info="desc.a-blog" key="title.a-blog"/>
			</explorertype>
			<explorertype name="a-list" key="fileicon.a-list" icon="a-list.png" bigicon="a-list_big.png" reference="xmlcontent">
				<newresource page="a-menu" uri="newresource_xmlcontent.jsp?newresourcetype=a-list" order="90" autosetnavigation="false" autosettitle="false" info="desc.a-list" key="title.a-list"/>
			</explorertype>
			<explorertype name="a-map" key="fileicon.a-map" icon="a-map.png" bigicon="a-map_big.png" reference="xmlcontent">
				<newresource page="a-menu" uri="newresource_xmlcontent.jsp?newresourcetype=a-map" order="100" autosetnavigation="false" autosettitle="false" info="desc.a-map" key="title.a-map"/>
			</explorertype>
			<explorertype name="a-slider" key="fileicon.a-slider" icon="a-slider.png" bigicon="a-slider_big.png" reference="xmlcontent">
				<newresource page="structurecontent" uri="newresource_xmlcontent.jsp?newresourcetype=a-slider" order="10" autosetnavigation="false" autosettitle="false" info="desc.a-slider" key="title.a-slider"/>
			</explorertype>
			<explorertype name="a-sitemap" key="fileicon.a-sitemap" icon="a-sitemap.png" bigicon="a-sitemap_big.png" reference="xmlcontent">
				<newresource page="structurecontent" uri="newresource_xmlcontent.jsp?newresourcetype=a-sitemap" order="10" autosetnavigation="false" autosettitle="false" info="desc.a-sitemap" key="title.a-sitemap"/>
			</explorertype>
		</explorertypes>
	</module>
	<files>
		<file>
			<destination>system</destination>
			<type>folder</type>
			<properties/>
		</file>
		<file>
			<destination>system/modules</destination>
			<type>folder</type>
			<properties/>
		</file>
		<file>
			<destination>system/modules/org.opencms.apollo.template.schemas</destination>
			<type>folder</type>
			<uuidstructure>86603be6-5216-11e5-8e22-0242ac11002b</uuidstructure>
			<datecreated>Thu, 03 Sep 2015 08:34:00 GMT</datecreated>
			<flags>0</flags>
			<properties/>
			<relations/>
			<accesscontrol/>
		</file>
		<file>
			<source>system/modules/org.opencms.apollo.template.schemas/.config</source>
			<destination>system/modules/org.opencms.apollo.template.schemas/.config</destination>
			<type>module_config</type>
			<uuidstructure>d660aa26-523d-11e5-9495-0242ac11002b</uuidstructure>
			<uuidresource>d660aa27-523d-11e5-9495-0242ac11002b</uuidresource>
			<datecreated>Thu, 03 Sep 2015 13:15:24 GMT</datecreated>
			<flags>0</flags>
			<properties>
				<property>
					<name>locale</name>
					<value><![CDATA[en]]></value>
				</property>
				<property>
					<name>locale-available</name>
					<value><![CDATA[en]]></value>
				</property>
				<property>
					<name>search.exclude</name>
					<value><![CDATA[all]]></value>
				</property>
			</properties>
			<relations/>
			<accesscontrol/>
		</file>
		<file>
			<destination>system/modules/org.opencms.apollo.template.schemas/configuration</destination>
			<type>folder</type>
			<uuidstructure>869bdbb5-5dd0-11e5-96ab-0242ac11002b</uuidstructure>
			<datecreated>Fri, 18 Sep 2015 06:43:09 GMT</datecreated>
			<flags>0</flags>
			<properties/>
			<relations/>
			<accesscontrol/>
		</file>
		<file>
			<source>system/modules/org.opencms.apollo.template.schemas/configuration/master</source>
			<destination>system/modules/org.opencms.apollo.template.schemas/configuration/master</destination>
			<type>sitemap_master_config</type>
			<uuidstructure>9884d829-5dd8-11e5-96ab-0242ac11002b</uuidstructure>
			<uuidresource>9884d82a-5dd8-11e5-96ab-0242ac11002b</uuidresource>
			<datecreated>Fri, 18 Sep 2015 07:40:55 GMT</datecreated>
			<flags>0</flags>
			<properties>
				<property>
					<name>locale</name>
					<value><![CDATA[en]]></value>
				</property>
				<property>
					<name>locale-available</name>
					<value><![CDATA[en]]></value>
				</property>
				<property>
					<name>search.exclude</name>
					<value><![CDATA[all]]></value>
				</property>
			</properties>
			<relations/>
			<accesscontrol/>
		</file>
		<file>
			<destination>system/modules/org.opencms.apollo.template.schemas/elementviews</destination>
			<type>folder</type>
			<uuidstructure>26ab994a-5241-11e5-9495-0242ac11002b</uuidstructure>
			<datecreated>Thu, 03 Sep 2015 13:39:07 GMT</datecreated>
			<flags>0</flags>
			<properties/>
			<relations/>
			<accesscontrol/>
		</file>
		<file>
			<source>system/modules/org.opencms.apollo.template.schemas/elementviews/template.xml</source>
			<destination>system/modules/org.opencms.apollo.template.schemas/elementviews/template.xml</destination>
			<type>elementview</type>
			<uuidstructure>32419a2c-5241-11e5-9495-0242ac11002b</uuidstructure>
			<uuidresource>32419a2d-5241-11e5-9495-0242ac11002b</uuidresource>
			<datecreated>Thu, 03 Sep 2015 13:39:27 GMT</datecreated>
			<flags>0</flags>
			<properties>
				<property>
					<name>Title</name>
					<value><![CDATA[Template]]></value>
				</property>
				<property>
					<name>locale</name>
					<value><![CDATA[en]]></value>
				</property>
				<property>
					<name>locale-available</name>
					<value><![CDATA[en]]></value>
				</property>
				<property>
					<name>search.exclude</name>
					<value><![CDATA[true]]></value>
				</property>
			</properties>
			<relations/>
			<accesscontrol>
				<accessentry>
					<uuidprincipal>OVERWRITE_ALL</uuidprincipal>
					<flags>256</flags>
					<permissionset>
						<allowed>0</allowed>
						<denied>0</denied>
					</permissionset>
				</accessentry>
				<accessentry>
					<uuidprincipal>ROLE.EDITOR</uuidprincipal>
					<flags>512</flags>
					<permissionset>
						<allowed>5</allowed>
						<denied>0</denied>
					</permissionset>
				</accessentry>
			</accesscontrol>
		</file>
		<file>
			<destination>system/modules/org.opencms.apollo.template.schemas/i18n</destination>
			<type>folder</type>
			<uuidstructure>d644e4b6-523d-11e5-9495-0242ac11002b</uuidstructure>
			<datecreated>Thu, 03 Sep 2015 13:15:24 GMT</datecreated>
			<flags>0</flags>
			<properties>
				<property>
					<name>content-encoding</name>
					<value><![CDATA[ISO-8859-1]]></value>
				</property>
			</properties>
			<relations/>
			<accesscontrol/>
		</file>
		<file>
			<source>system/modules/org.opencms.apollo.template.schemas/i18n/org.opencms.apollo.template.schemas.blog</source>
			<destination>system/modules/org.opencms.apollo.template.schemas/i18n/org.opencms.apollo.template.schemas.blog</destination>
			<type>xmlvfsbundle</type>
			<uuidstructure>bb43a22f-57bf-11e5-a989-0242ac11002b</uuidstructure>
			<uuidresource>bb43a230-57bf-11e5-a989-0242ac11002b</uuidresource>
			<datecreated>Thu, 10 Sep 2015 13:27:49 GMT</datecreated>
			<flags>0</flags>
			<properties>
				<property>
					<name>search.exclude</name>
					<value><![CDATA[all]]></value>
				</property>
			</properties>
			<relations/>
			<accesscontrol/>
		</file>
		<file>
			<source>system/modules/org.opencms.apollo.template.schemas/i18n/org.opencms.apollo.template.schemas.event</source>
			<destination>system/modules/org.opencms.apollo.template.schemas/i18n/org.opencms.apollo.template.schemas.event</destination>
			<type>xmlvfsbundle</type>
			<uuidstructure>2787d7f9-5b85-11e5-9eb7-0242ac11002b</uuidstructure>
			<uuidresource>2787d7fa-5b85-11e5-9eb7-0242ac11002b</uuidresource>
			<datecreated>Tue, 15 Sep 2015 08:38:35 GMT</datecreated>
			<flags>0</flags>
			<properties>
				<property>
					<name>search.exclude</name>
					<value><![CDATA[all]]></value>
				</property>
			</properties>
			<relations/>
			<accesscontrol/>
		</file>
		<file>
			<source>system/modules/org.opencms.apollo.template.schemas/i18n/org.opencms.apollo.template.schemas.flexible</source>
			<destination>system/modules/org.opencms.apollo.template.schemas/i18n/org.opencms.apollo.template.schemas.flexible</destination>
			<type>xmlvfsbundle</type>
			<uuidstructure>50bb5d35-5610-11e5-b868-0242ac11002b</uuidstructure>
			<uuidresource>50bb5d36-5610-11e5-b868-0242ac11002b</uuidresource>
			<datecreated>Tue, 08 Sep 2015 09:59:37 GMT</datecreated>
			<flags>0</flags>
			<properties>
				<property>
					<name>search.exclude</name>
					<value><![CDATA[all]]></value>
				</property>
			</properties>
			<relations/>
			<accesscontrol/>
		</file>
		<file>
			<source>system/modules/org.opencms.apollo.template.schemas/i18n/org.opencms.apollo.template.schemas.list</source>
			<destination>system/modules/org.opencms.apollo.template.schemas/i18n/org.opencms.apollo.template.schemas.list</destination>
			<type>xmlvfsbundle</type>
			<uuidstructure>bb3179bd-57bf-11e5-a989-0242ac11002b</uuidstructure>
			<uuidresource>bb3179be-57bf-11e5-a989-0242ac11002b</uuidresource>
			<datecreated>Thu, 10 Sep 2015 13:27:49 GMT</datecreated>
			<flags>0</flags>
			<properties>
				<property>
					<name>search.exclude</name>
					<value><![CDATA[all]]></value>
				</property>
			</properties>
			<relations/>
			<accesscontrol/>
		</file>
		<file>
			<source>system/modules/org.opencms.apollo.template.schemas/i18n/org.opencms.apollo.template.schemas.login</source>
			<destination>system/modules/org.opencms.apollo.template.schemas/i18n/org.opencms.apollo.template.schemas.login</destination>
			<type>xmlvfsbundle</type>
			<uuidstructure>16f9526a-6134-11e5-bcba-0242ac11002b</uuidstructure>
			<uuidresource>16f9526b-6134-11e5-bcba-0242ac11002b</uuidresource>
			<datecreated>Tue, 22 Sep 2015 14:13:25 GMT</datecreated>
			<flags>0</flags>
			<properties>
				<property>
					<name>search.exclude</name>
					<value><![CDATA[all]]></value>
				</property>
			</properties>
			<relations/>
			<accesscontrol/>
		</file>
		<file>
			<source>system/modules/org.opencms.apollo.template.schemas/i18n/org.opencms.apollo.template.schemas.map</source>
			<destination>system/modules/org.opencms.apollo.template.schemas/i18n/org.opencms.apollo.template.schemas.map</destination>
			<type>xmlvfsbundle</type>
			<uuidstructure>60832a53-5ad9-11e5-90c1-0242ac11002b</uuidstructure>
			<uuidresource>60832a54-5ad9-11e5-90c1-0242ac11002b</uuidresource>
			<datecreated>Mon, 14 Sep 2015 12:08:57 GMT</datecreated>
			<flags>0</flags>
			<properties>
				<property>
					<name>search.exclude</name>
					<value><![CDATA[all]]></value>
				</property>
			</properties>
			<relations/>
			<accesscontrol/>
		</file>
		<file>
			<source>system/modules/org.opencms.apollo.template.schemas/i18n/org.opencms.apollo.template.schemas.navigation</source>
			<destination>system/modules/org.opencms.apollo.template.schemas/i18n/org.opencms.apollo.template.schemas.navigation</destination>
			<type>xmlvfsbundle</type>
			<uuidstructure>35a21d4e-5605-11e5-b868-0242ac11002b</uuidstructure>
			<uuidresource>35a21d4f-5605-11e5-b868-0242ac11002b</uuidresource>
			<datecreated>Tue, 08 Sep 2015 08:40:07 GMT</datecreated>
			<flags>0</flags>
			<properties>
				<property>
					<name>search.exclude</name>
					<value><![CDATA[all]]></value>
				</property>
			</properties>
			<relations/>
			<accesscontrol/>
		</file>
		<file>
			<source>system/modules/org.opencms.apollo.template.schemas/i18n/org.opencms.apollo.template.schemas.row</source>
			<destination>system/modules/org.opencms.apollo.template.schemas/i18n/org.opencms.apollo.template.schemas.row</destination>
			<type>xmlvfsbundle</type>
			<uuidstructure>34ee3907-5240-11e5-9495-0242ac11002b</uuidstructure>
			<uuidresource>34ee3908-5240-11e5-9495-0242ac11002b</uuidresource>
			<datecreated>Thu, 03 Sep 2015 13:32:22 GMT</datecreated>
			<flags>0</flags>
			<properties>
				<property>
					<name>search.exclude</name>
					<value><![CDATA[all]]></value>
				</property>
			</properties>
			<relations/>
			<accesscontrol/>
		</file>
		<file>
			<source>system/modules/org.opencms.apollo.template.schemas/i18n/org.opencms.apollo.template.schemas.section</source>
			<destination>system/modules/org.opencms.apollo.template.schemas/i18n/org.opencms.apollo.template.schemas.section</destination>
			<type>xmlvfsbundle</type>
			<uuidstructure>44b45c49-557a-11e5-8d6b-0242ac11002b</uuidstructure>
			<uuidresource>44b45c4a-557a-11e5-8d6b-0242ac11002b</uuidresource>
			<datecreated>Mon, 07 Sep 2015 16:05:33 GMT</datecreated>
			<flags>0</flags>
			<properties>
				<property>
					<name>search.exclude</name>
					<value><![CDATA[all]]></value>
				</property>
			</properties>
			<relations/>
			<accesscontrol/>
		</file>
		<file>
			<source>system/modules/org.opencms.apollo.template.schemas/i18n/org.opencms.apollo.template.schemas.sitemap</source>
			<destination>system/modules/org.opencms.apollo.template.schemas/i18n/org.opencms.apollo.template.schemas.sitemap</destination>
			<type>xmlvfsbundle</type>
			<uuidstructure>608fb6c7-765f-11e5-aeab-15b01ffdc6a6</uuidstructure>
			<uuidresource>608fb6c8-765f-11e5-aeab-15b01ffdc6a6</uuidresource>
			<datecreated>Mon, 19 Oct 2015 12:46:11 GMT</datecreated>
			<flags>0</flags>
			<properties>
				<property>
					<name>search.exclude</name>
					<value><![CDATA[all]]></value>
				</property>
			</properties>
			<relations/>
			<accesscontrol/>
		</file>
		<file>
			<source>system/modules/org.opencms.apollo.template.schemas/i18n/org.opencms.apollo.template.schemas.slider</source>
			<destination>system/modules/org.opencms.apollo.template.schemas/i18n/org.opencms.apollo.template.schemas.slider</destination>
			<type>xmlvfsbundle</type>
			<uuidstructure>50bb11f5-73da-11e5-9a42-15b01ffdc6a6</uuidstructure>
			<uuidresource>50bb11f6-73da-11e5-9a42-15b01ffdc6a6</uuidresource>
			<datecreated>Fri, 16 Oct 2015 07:48:39 GMT</datecreated>
			<flags>0</flags>
			<properties>
				<property>
					<name>search.exclude</name>
					<value><![CDATA[all]]></value>
				</property>
			</properties>
			<relations/>
			<accesscontrol/>
		</file>
		<file>
			<source>system/modules/org.opencms.apollo.template.schemas/i18n/org.opencms.apollo.template.schemas.tabs</source>
			<destination>system/modules/org.opencms.apollo.template.schemas/i18n/org.opencms.apollo.template.schemas.tabs</destination>
			<type>xmlvfsbundle</type>
			<uuidstructure>1739d8ec-56e3-11e5-946f-0242ac11002b</uuidstructure>
			<uuidresource>1739d8ed-56e3-11e5-946f-0242ac11002b</uuidresource>
			<datecreated>Wed, 09 Sep 2015 11:08:25 GMT</datecreated>
			<flags>0</flags>
			<properties>
				<property>
					<name>search.exclude</name>
					<value><![CDATA[all]]></value>
				</property>
			</properties>
			<relations/>
			<accesscontrol/>
		</file>
		<file>
			<source>system/modules/org.opencms.apollo.template.schemas/i18n/org.opencms.apollo.template.schemas.workplace</source>
			<destination>system/modules/org.opencms.apollo.template.schemas/i18n/org.opencms.apollo.template.schemas.workplace</destination>
			<type>xmlvfsbundle</type>
			<uuidstructure>d6481908-523d-11e5-9495-0242ac11002b</uuidstructure>
			<uuidresource>d6481909-523d-11e5-9495-0242ac11002b</uuidresource>
			<datecreated>Thu, 03 Sep 2015 13:15:24 GMT</datecreated>
			<flags>0</flags>
			<properties>
				<property>
					<name>search.exclude</name>
					<value><![CDATA[all]]></value>
				</property>
			</properties>
			<relations/>
			<accesscontrol/>
		</file>
		<file>
			<destination>system/modules/org.opencms.apollo.template.schemas/models</destination>
			<type>folder</type>
			<uuidstructure>9dcb119c-ecf2-11e5-af37-0242ac11002b</uuidstructure>
			<datecreated>Fri, 18 Mar 2016 10:17:27 GMT</datecreated>
			<flags>0</flags>
			<properties/>
			<relations/>
			<accesscontrol/>
		</file>
		<file>
			<destination>system/modules/org.opencms.apollo.template.schemas/models/section</destination>
			<type>folder</type>
			<uuidstructure>abc456de-ecf2-11e5-af37-0242ac11002b</uuidstructure>
			<datecreated>Fri, 18 Mar 2016 10:17:51 GMT</datecreated>
			<flags>0</flags>
			<properties/>
			<relations/>
			<accesscontrol/>
		</file>
		<file>
			<source>system/modules/org.opencms.apollo.template.schemas/models/section/cs_00001.xml</source>
			<destination>system/modules/org.opencms.apollo.template.schemas/models/section/cs_00001.xml</destination>
			<type>a-section</type>
			<uuidstructure>ca156ad0-ecf2-11e5-af37-0242ac11002b</uuidstructure>
			<uuidresource>ca156ad1-ecf2-11e5-af37-0242ac11002b</uuidresource>
			<datecreated>Fri, 18 Mar 2016 10:18:42 GMT</datecreated>
			<flags>0</flags>
			<properties>
				<property>
					<name>Description</name>
					<value><![CDATA[Sample text with image for direct editing]]></value>
				</property>
				<property>
					<name>Title</name>
					<value><![CDATA[Default placeholder text]]></value>
				</property>
				<property>
					<name>element.model</name>
					<value><![CDATA[true]]></value>
				</property>
			</properties>
			<relations/>
			<accesscontrol/>
		</file>
		<file>
			<destination>system/modules/org.opencms.apollo.template.schemas/schemas</destination>
			<type>folder</type>
			<uuidstructure>866bad98-5216-11e5-8e22-0242ac11002b</uuidstructure>
			<datecreated>Thu, 03 Sep 2015 08:34:00 GMT</datecreated>
			<flags>0</flags>
			<properties/>
			<relations/>
			<accesscontrol/>
		</file>
		<file>
			<source>system/modules/org.opencms.apollo.template.schemas/schemas/blog.xsd</source>
			<destination>system/modules/org.opencms.apollo.template.schemas/schemas/blog.xsd</destination>
			<type>plain</type>
			<uuidstructure>fcec16c3-57c6-11e5-a989-0242ac11002b</uuidstructure>
			<uuidresource>fcec16c4-57c6-11e5-a989-0242ac11002b</uuidresource>
			<datecreated>Thu, 10 Sep 2015 14:19:46 GMT</datecreated>
			<flags>0</flags>
			<properties>
				<property>
					<name>Title</name>
					<value><![CDATA[XSD for a blog article]]></value>
				</property>
			</properties>
			<relations/>
			<accesscontrol/>
		</file>
		<file>
			<source>system/modules/org.opencms.apollo.template.schemas/schemas/event.xsd</source>
			<destination>system/modules/org.opencms.apollo.template.schemas/schemas/event.xsd</destination>
			<type>plain</type>
			<uuidstructure>d2aa083b-5b83-11e5-ab03-0242ac11002b</uuidstructure>
			<uuidresource>d2aa083c-5b83-11e5-ab03-0242ac11002b</uuidresource>
			<datecreated>Tue, 15 Sep 2015 08:29:03 GMT</datecreated>
			<flags>0</flags>
			<properties>
				<property>
					<name>Title</name>
					<value><![CDATA[XSD for an event]]></value>
				</property>
			</properties>
			<relations/>
			<accesscontrol/>
		</file>
		<file>
			<source>system/modules/org.opencms.apollo.template.schemas/schemas/flexible.xsd</source>
			<destination>system/modules/org.opencms.apollo.template.schemas/schemas/flexible.xsd</destination>
			<type>plain</type>
			<uuidstructure>9c72c9cf-560d-11e5-b868-0242ac11002b</uuidstructure>
			<uuidresource>9c72c9d0-560d-11e5-b868-0242ac11002b</uuidresource>
			<datecreated>Tue, 08 Sep 2015 09:40:16 GMT</datecreated>
			<flags>0</flags>
			<properties>
				<property>
					<name>Title</name>
					<value><![CDATA[XSD for a flexible element]]></value>
				</property>
			</properties>
			<relations/>
			<accesscontrol/>
		</file>
		<file>
			<source>system/modules/org.opencms.apollo.template.schemas/schemas/iconbox.xsd</source>
			<destination>system/modules/org.opencms.apollo.template.schemas/schemas/iconbox.xsd</destination>
			<type>plain</type>
			<uuidstructure>c55d2040-56fc-11e5-aad7-0242ac11002b</uuidstructure>
			<uuidresource>c55d2041-56fc-11e5-aad7-0242ac11002b</uuidresource>
			<datecreated>Wed, 09 Sep 2015 14:12:14 GMT</datecreated>
			<flags>0</flags>
			<properties>
				<property>
					<name>Title</name>
					<value><![CDATA[XSD for an iconbox]]></value>
				</property>
			</properties>
			<relations/>
			<accesscontrol/>
		</file>
		<file>
			<source>system/modules/org.opencms.apollo.template.schemas/schemas/list.xsd</source>
			<destination>system/modules/org.opencms.apollo.template.schemas/schemas/list.xsd</destination>
			<type>plain</type>
			<uuidstructure>7c56cd3d-57d2-11e5-b803-0242ac11002b</uuidstructure>
			<uuidresource>7c56cd3e-57d2-11e5-b803-0242ac11002b</uuidresource>
			<datecreated>Thu, 10 Sep 2015 15:42:04 GMT</datecreated>
			<flags>0</flags>
			<properties>
				<property>
					<name>Title</name>
					<value><![CDATA[XSD for a list]]></value>
				</property>
			</properties>
			<relations/>
			<accesscontrol/>
		</file>
		<file>
			<source>system/modules/org.opencms.apollo.template.schemas/schemas/map.xsd</source>
			<destination>system/modules/org.opencms.apollo.template.schemas/schemas/map.xsd</destination>
			<type>plain</type>
			<uuidstructure>303cf34c-5ad6-11e5-a17e-0242ac11002b</uuidstructure>
			<uuidresource>303cf34d-5ad6-11e5-a17e-0242ac11002b</uuidresource>
			<datecreated>Mon, 14 Sep 2015 11:46:08 GMT</datecreated>
			<flags>0</flags>
			<properties>
				<property>
					<name>Title</name>
					<value><![CDATA[XSd for a map]]></value>
				</property>
			</properties>
			<relations/>
			<accesscontrol/>
		</file>
		<file>
			<source>system/modules/org.opencms.apollo.template.schemas/schemas/navigation.xsd</source>
			<destination>system/modules/org.opencms.apollo.template.schemas/schemas/navigation.xsd</destination>
			<type>plain</type>
			<uuidstructure>24a32b13-5600-11e5-8d6b-0242ac11002b</uuidstructure>
			<uuidresource>24a32b14-5600-11e5-8d6b-0242ac11002b</uuidresource>
			<datecreated>Tue, 08 Sep 2015 08:03:51 GMT</datecreated>
			<flags>0</flags>
			<properties>
				<property>
					<name>Title</name>
					<value><![CDATA[XSD for a navigation]]></value>
				</property>
			</properties>
			<relations/>
			<accesscontrol/>
		</file>
		<file>
			<source>system/modules/org.opencms.apollo.template.schemas/schemas/section.xsd</source>
			<destination>system/modules/org.opencms.apollo.template.schemas/schemas/section.xsd</destination>
			<type>plain</type>
			<uuidstructure>7771c880-5578-11e5-8d6b-0242ac11002b</uuidstructure>
			<uuidresource>7771c881-5578-11e5-8d6b-0242ac11002b</uuidresource>
			<datecreated>Mon, 07 Sep 2015 15:52:39 GMT</datecreated>
			<flags>0</flags>
			<properties>
				<property>
					<name>Title</name>
					<value><![CDATA[XSD for a content section]]></value>
				</property>
			</properties>
			<relations/>
			<accesscontrol/>
		</file>
		<file>
			<source>system/modules/org.opencms.apollo.template.schemas/schemas/sitemap.xsd</source>
			<destination>system/modules/org.opencms.apollo.template.schemas/schemas/sitemap.xsd</destination>
			<type>plain</type>
			<uuidstructure>0ffa07da-73e4-11e5-9a42-15b01ffdc6a6</uuidstructure>
			<uuidresource>0ffa07db-73e4-11e5-9a42-15b01ffdc6a6</uuidresource>
			<datecreated>Fri, 16 Oct 2015 08:58:26 GMT</datecreated>
			<flags>0</flags>
			<properties>
				<property>
					<name>Title</name>
					<value><![CDATA[XSD for a sitemap]]></value>
				</property>
			</properties>
			<relations/>
			<accesscontrol/>
		</file>
		<file>
			<source>system/modules/org.opencms.apollo.template.schemas/schemas/slider.xsd</source>
			<destination>system/modules/org.opencms.apollo.template.schemas/schemas/slider.xsd</destination>
			<type>plain</type>
			<uuidstructure>b726f047-73c2-11e5-92dc-15b01ffdc6a6</uuidstructure>
			<uuidresource>b726f048-73c2-11e5-92dc-15b01ffdc6a6</uuidresource>
			<datecreated>Fri, 16 Oct 2015 04:59:43 GMT</datecreated>
			<flags>0</flags>
			<properties>
				<property>
					<name>Title</name>
					<value><![CDATA[XSD for a slider]]></value>
				</property>
			</properties>
			<relations/>
			<accesscontrol/>
		</file>
		<file>
			<source>system/modules/org.opencms.apollo.template.schemas/schemas/tabs.xsd</source>
			<destination>system/modules/org.opencms.apollo.template.schemas/schemas/tabs.xsd</destination>
			<type>plain</type>
			<uuidstructure>20af6007-56e2-11e5-946f-0242ac11002b</uuidstructure>
			<uuidresource>20af6008-56e2-11e5-946f-0242ac11002b</uuidresource>
			<datecreated>Wed, 09 Sep 2015 11:01:31 GMT</datecreated>
			<flags>0</flags>
			<properties>
				<property>
					<name>Title</name>
					<value><![CDATA[XSD for a tabs / accordion]]></value>
				</property>
			</properties>
			<relations/>
			<accesscontrol/>
		</file>
		<file>
			<source>system/modules/org.opencms.apollo.template.schemas/schemas/templaterow.xsd</source>
			<destination>system/modules/org.opencms.apollo.template.schemas/schemas/templaterow.xsd</destination>
			<type>plain</type>
			<uuidstructure>d636b3db-523d-11e5-9495-0242ac11002b</uuidstructure>
			<uuidresource>d636b3dc-523d-11e5-9495-0242ac11002b</uuidresource>
			<datecreated>Thu, 03 Sep 2015 13:15:24 GMT</datecreated>
			<flags>0</flags>
			<properties>
				<property>
					<name>Title</name>
					<value><![CDATA[XSD for a layout row]]></value>
				</property>
			</properties>
			<relations/>
			<accesscontrol/>
		</file>
		<file>
			<destination>system/modules/org.opencms.apollo.template.schemas/schemas/nested</destination>
			<type>folder</type>
			<uuidstructure>ab0d2252-523f-11e5-9495-0242ac11002b</uuidstructure>
			<datecreated>Thu, 03 Sep 2015 13:28:31 GMT</datecreated>
			<flags>0</flags>
			<properties/>
			<relations/>
			<accesscontrol/>
		</file>
		<file>
			<source>system/modules/org.opencms.apollo.template.schemas/schemas/nested/availability.xsd</source>
			<destination>system/modules/org.opencms.apollo.template.schemas/schemas/nested/availability.xsd</destination>
			<type>plain</type>
			<uuidstructure>6ca338b8-57c8-11e5-a989-0242ac11002b</uuidstructure>
			<uuidresource>6ca338b9-57c8-11e5-a989-0242ac11002b</uuidresource>
			<datecreated>Thu, 10 Sep 2015 14:30:03 GMT</datecreated>
			<flags>0</flags>
			<properties>
				<property>
					<name>Title</name>
					<value><![CDATA[Nested XSD for availabilty settings]]></value>
				</property>
			</properties>
			<relations/>
			<accesscontrol/>
		</file>
		<file>
			<source>system/modules/org.opencms.apollo.template.schemas/schemas/nested/image.xsd</source>
			<destination>system/modules/org.opencms.apollo.template.schemas/schemas/nested/image.xsd</destination>
			<type>plain</type>
			<uuidstructure>01197822-5610-11e5-b868-0242ac11002b</uuidstructure>
			<uuidresource>01197823-5610-11e5-b868-0242ac11002b</uuidresource>
			<datecreated>Tue, 08 Sep 2015 09:57:24 GMT</datecreated>
			<flags>0</flags>
			<properties>
				<property>
					<name>Title</name>
					<value><![CDATA[Nested XSD for an image]]></value>
				</property>
			</properties>
			<relations/>
			<accesscontrol/>
		</file>
		<file>
			<source>system/modules/org.opencms.apollo.template.schemas/schemas/nested/link.xsd</source>
			<destination>system/modules/org.opencms.apollo.template.schemas/schemas/nested/link.xsd</destination>
			<type>plain</type>
			<uuidstructure>e67bfd06-5578-11e5-8d6b-0242ac11002b</uuidstructure>
			<uuidresource>e67bfd07-5578-11e5-8d6b-0242ac11002b</uuidresource>
			<datecreated>Mon, 07 Sep 2015 15:55:45 GMT</datecreated>
			<flags>0</flags>
			<properties>
				<property>
					<name>Title</name>
					<value><![CDATA[Nested XSD for a link]]></value>
				</property>
			</properties>
			<relations/>
			<accesscontrol/>
		</file>
		<file>
			<source>system/modules/org.opencms.apollo.template.schemas/schemas/nested/map-coord.xsd</source>
			<destination>system/modules/org.opencms.apollo.template.schemas/schemas/nested/map-coord.xsd</destination>
			<type>plain</type>
			<uuidstructure>5e7131ef-5ae7-11e5-90c1-0242ac11002b</uuidstructure>
			<uuidresource>5e7131f0-5ae7-11e5-90c1-0242ac11002b</uuidresource>
			<datecreated>Mon, 14 Sep 2015 13:49:07 GMT</datecreated>
			<flags>0</flags>
			<properties>
				<property>
					<name>Title</name>
					<value><![CDATA[Nested XSD for map coordinates]]></value>
				</property>
			</properties>
			<relations/>
			<accesscontrol/>
		</file>
		<file>
			<source>system/modules/org.opencms.apollo.template.schemas/schemas/nested/paragraph.xsd</source>
			<destination>system/modules/org.opencms.apollo.template.schemas/schemas/nested/paragraph.xsd</destination>
			<type>plain</type>
			<uuidstructure>6cb9a6ea-57c8-11e5-a989-0242ac11002b</uuidstructure>
			<uuidresource>6cb9a6eb-57c8-11e5-a989-0242ac11002b</uuidresource>
			<datecreated>Thu, 10 Sep 2015 14:30:03 GMT</datecreated>
			<flags>0</flags>
			<properties>
				<property>
					<name>Title</name>
					<value><![CDATA[Nested XSD for a paragraph]]></value>
				</property>
			</properties>
			<relations/>
			<accesscontrol/>
		</file>
		<file>
			<source>system/modules/org.opencms.apollo.template.schemas/schemas/nested/rowcolumn.xsd</source>
			<destination>system/modules/org.opencms.apollo.template.schemas/schemas/nested/rowcolumn.xsd</destination>
			<type>plain</type>
			<uuidstructure>bc6522f4-523f-11e5-9495-0242ac11002b</uuidstructure>
			<uuidresource>bc6522f5-523f-11e5-9495-0242ac11002b</uuidresource>
			<datecreated>Thu, 03 Sep 2015 13:29:00 GMT</datecreated>
			<flags>0</flags>
			<properties>
				<property>
					<name>Title</name>
					<value><![CDATA[Nested XSD for a template row column]]></value>
				</property>
			</properties>
			<relations/>
			<accesscontrol/>
		</file>
		<file>
			<source>system/modules/org.opencms.apollo.template.schemas/schemas/nested/sliderimage.xsd</source>
			<destination>system/modules/org.opencms.apollo.template.schemas/schemas/nested/sliderimage.xsd</destination>
			<type>plain</type>
			<uuidstructure>83cfe6a1-73c5-11e5-92dc-15b01ffdc6a6</uuidstructure>
			<uuidresource>83cfe6a2-73c5-11e5-92dc-15b01ffdc6a6</uuidresource>
			<datecreated>Fri, 16 Oct 2015 05:19:46 GMT</datecreated>
			<flags>0</flags>
			<properties/>
			<relations/>
			<accesscontrol/>
		</file>
		<file>
			<source>system/modules/org.opencms.apollo.template.schemas/schemas/nested/sliderimagetextposition.xsd</source>
			<destination>system/modules/org.opencms.apollo.template.schemas/schemas/nested/sliderimagetextposition.xsd</destination>
			<type>plain</type>
			<uuidstructure>0c54b33a-73cf-11e5-9a42-15b01ffdc6a6</uuidstructure>
			<uuidresource>0c54b33b-73cf-11e5-9a42-15b01ffdc6a6</uuidresource>
			<datecreated>Fri, 16 Oct 2015 06:28:00 GMT</datecreated>
			<flags>0</flags>
			<properties/>
			<relations/>
			<accesscontrol/>
		</file>
		<file>
			<destination>system/workplace</destination>
			<type>folder</type>
			<properties/>
		</file>
		<file>
			<destination>system/workplace/resources</destination>
			<type>folder</type>
			<properties/>
		</file>
		<file>
			<source>system/workplace/resources/filetypes/a-blog.png</source>
			<destination>system/workplace/resources/filetypes/a-blog.png</destination>
			<type>image</type>
			<uuidstructure>fcf3b7e6-57c6-11e5-a989-0242ac11002b</uuidstructure>
			<uuidresource>c2e4056a-57c7-11e5-a989-0242ac11002b</uuidresource>
			<datecreated>Thu, 10 Sep 2015 14:25:18 GMT</datecreated>
			<flags>0</flags>
			<properties>
				<property type="shared">
					<name>image.size</name>
					<value><![CDATA[w:16,h:16]]></value>
				</property>
			</properties>
			<relations/>
			<accesscontrol/>
		</file>
		<file>
			<source>system/workplace/resources/filetypes/a-blog_big.png</source>
			<destination>system/workplace/resources/filetypes/a-blog_big.png</destination>
			<type>image</type>
			<uuidstructure>fcf7af8a-57c6-11e5-a989-0242ac11002b</uuidstructure>
			<uuidresource>caa35bcf-57c7-11e5-a989-0242ac11002b</uuidresource>
			<datecreated>Thu, 10 Sep 2015 14:25:31 GMT</datecreated>
			<flags>0</flags>
			<properties>
				<property type="shared">
					<name>image.size</name>
					<value><![CDATA[w:24,h:24]]></value>
				</property>
			</properties>
			<relations/>
			<accesscontrol/>
		</file>
		<file>
			<source>system/workplace/resources/filetypes/a-event.png</source>
			<destination>system/workplace/resources/filetypes/a-event.png</destination>
			<type>image</type>
			<uuidstructure>d2b579ee-5b83-11e5-ab03-0242ac11002b</uuidstructure>
			<uuidresource>d2b579ef-5b83-11e5-ab03-0242ac11002b</uuidresource>
			<datecreated>Tue, 15 Sep 2015 08:29:03 GMT</datecreated>
			<flags>0</flags>
			<properties>
				<property type="shared">
					<name>image.size</name>
					<value><![CDATA[w:16,h:16]]></value>
				</property>
			</properties>
			<relations/>
			<accesscontrol/>
		</file>
		<file>
			<source>system/workplace/resources/filetypes/a-event_big.png</source>
			<destination>system/workplace/resources/filetypes/a-event_big.png</destination>
			<type>image</type>
			<uuidstructure>d2b9bfb2-5b83-11e5-ab03-0242ac11002b</uuidstructure>
			<uuidresource>d2b9bfb3-5b83-11e5-ab03-0242ac11002b</uuidresource>
			<datecreated>Tue, 15 Sep 2015 08:29:03 GMT</datecreated>
			<flags>0</flags>
			<properties>
				<property type="shared">
					<name>image.size</name>
					<value><![CDATA[w:24,h:24]]></value>
				</property>
			</properties>
			<relations/>
			<accesscontrol/>
		</file>
		<file>
			<source>system/workplace/resources/filetypes/a-flexible.png</source>
			<destination>system/workplace/resources/filetypes/a-flexible.png</destination>
			<type>image</type>
			<uuidstructure>9c862ac2-560d-11e5-b868-0242ac11002b</uuidstructure>
			<uuidresource>c1194408-560d-11e5-b868-0242ac11002b</uuidresource>
			<datecreated>Tue, 08 Sep 2015 09:41:17 GMT</datecreated>
			<flags>0</flags>
			<properties>
				<property type="shared">
					<name>image.size</name>
					<value><![CDATA[w:16,h:16]]></value>
				</property>
			</properties>
			<relations/>
			<accesscontrol/>
		</file>
		<file>
			<source>system/workplace/resources/filetypes/a-flexible_big.png</source>
			<destination>system/workplace/resources/filetypes/a-flexible_big.png</destination>
			<type>image</type>
			<uuidstructure>9c8a9796-560d-11e5-b868-0242ac11002b</uuidstructure>
			<uuidresource>c98925bd-560d-11e5-b868-0242ac11002b</uuidresource>
			<datecreated>Tue, 08 Sep 2015 09:41:32 GMT</datecreated>
			<flags>0</flags>
			<properties>
				<property type="shared">
					<name>image.size</name>
					<value><![CDATA[w:24,h:24]]></value>
				</property>
			</properties>
			<relations/>
			<accesscontrol/>
		</file>
		<file>
			<source>system/workplace/resources/filetypes/a-list.png</source>
			<destination>system/workplace/resources/filetypes/a-list.png</destination>
			<type>image</type>
			<uuidstructure>7c5ebb80-57d2-11e5-b803-0242ac11002b</uuidstructure>
			<uuidresource>1a336564-57d3-11e5-b803-0242ac11002b</uuidresource>
			<datecreated>Thu, 10 Sep 2015 15:46:29 GMT</datecreated>
			<flags>0</flags>
			<properties>
				<property type="shared">
					<name>image.size</name>
					<value><![CDATA[w:16,h:16]]></value>
				</property>
			</properties>
			<relations/>
			<accesscontrol/>
		</file>
		<file>
			<source>system/workplace/resources/filetypes/a-list_big.png</source>
			<destination>system/workplace/resources/filetypes/a-list_big.png</destination>
			<type>image</type>
			<uuidstructure>7c61efd4-57d2-11e5-b803-0242ac11002b</uuidstructure>
			<uuidresource>24139ff9-57d3-11e5-b803-0242ac11002b</uuidresource>
			<datecreated>Thu, 10 Sep 2015 15:46:45 GMT</datecreated>
			<flags>0</flags>
			<properties>
				<property type="shared">
					<name>image.size</name>
					<value><![CDATA[w:24,h:24]]></value>
				</property>
			</properties>
			<relations/>
			<accesscontrol/>
		</file>
		<file>
			<source>system/workplace/resources/filetypes/a-map.png</source>
			<destination>system/workplace/resources/filetypes/a-map.png</destination>
			<type>image</type>
			<uuidstructure>30441f3f-5ad6-11e5-a17e-0242ac11002b</uuidstructure>
			<uuidresource>30441f40-5ad6-11e5-a17e-0242ac11002b</uuidresource>
			<datecreated>Mon, 14 Sep 2015 11:46:08 GMT</datecreated>
			<flags>0</flags>
			<properties>
				<property type="shared">
					<name>image.size</name>
					<value><![CDATA[w:16,h:16]]></value>
				</property>
			</properties>
			<relations/>
			<accesscontrol/>
		</file>
		<file>
			<source>system/workplace/resources/filetypes/a-map_big.png</source>
			<destination>system/workplace/resources/filetypes/a-map_big.png</destination>
			<type>image</type>
			<uuidstructure>3047efd3-5ad6-11e5-a17e-0242ac11002b</uuidstructure>
			<uuidresource>3047efd4-5ad6-11e5-a17e-0242ac11002b</uuidresource>
			<datecreated>Mon, 14 Sep 2015 11:46:08 GMT</datecreated>
			<flags>0</flags>
			<properties>
				<property type="shared">
					<name>image.size</name>
					<value><![CDATA[w:24,h:24]]></value>
				</property>
			</properties>
			<relations/>
			<accesscontrol/>
		</file>
		<file>
			<source>system/workplace/resources/filetypes/a-menu.png</source>
			<destination>system/workplace/resources/filetypes/a-menu.png</destination>
			<type>image</type>
			<uuidstructure>749273bf-56cc-11e5-bfd9-0242ac11002b</uuidstructure>
			<uuidresource>749273c0-56cc-11e5-bfd9-0242ac11002b</uuidresource>
			<datecreated>Wed, 09 Sep 2015 08:26:23 GMT</datecreated>
			<flags>0</flags>
			<properties>
				<property type="shared">
					<name>image.size</name>
					<value><![CDATA[w:16,h:16]]></value>
				</property>
			</properties>
			<relations/>
			<accesscontrol/>
		</file>
		<file>
			<source>system/workplace/resources/filetypes/a-navigation.png</source>
			<destination>system/workplace/resources/filetypes/a-navigation.png</destination>
			<type>image</type>
			<uuidstructure>bba660f0-5600-11e5-8d6b-0242ac11002b</uuidstructure>
			<uuidresource>bba660f1-5600-11e5-8d6b-0242ac11002b</uuidresource>
			<datecreated>Tue, 08 Sep 2015 08:08:05 GMT</datecreated>
			<flags>0</flags>
			<properties>
				<property type="shared">
					<name>image.size</name>
					<value><![CDATA[w:16,h:16]]></value>
				</property>
			</properties>
			<relations/>
			<accesscontrol/>
		</file>
		<file>
			<source>system/workplace/resources/filetypes/a-navigation_big.png</source>
			<destination>system/workplace/resources/filetypes/a-navigation_big.png</destination>
			<type>image</type>
			<uuidstructure>c77684a5-5600-11e5-8d6b-0242ac11002b</uuidstructure>
			<uuidresource>c77684a6-5600-11e5-8d6b-0242ac11002b</uuidresource>
			<datecreated>Tue, 08 Sep 2015 08:08:25 GMT</datecreated>
			<flags>0</flags>
			<properties>
				<property type="shared">
					<name>image.size</name>
					<value><![CDATA[w:24,h:24]]></value>
				</property>
			</properties>
			<relations/>
			<accesscontrol/>
		</file>
		<file>
			<source>system/workplace/resources/filetypes/a-section.png</source>
			<destination>system/workplace/resources/filetypes/a-section.png</destination>
			<type>image</type>
			<uuidstructure>7795cb43-5578-11e5-8d6b-0242ac11002b</uuidstructure>
			<uuidresource>97b51f30-55fb-11e5-8d6b-0242ac11002b</uuidresource>
			<datecreated>Tue, 08 Sep 2015 07:31:17 GMT</datecreated>
			<flags>0</flags>
			<properties>
				<property type="shared">
					<name>image.size</name>
					<value><![CDATA[w:16,h:16]]></value>
				</property>
			</properties>
			<relations/>
			<accesscontrol/>
		</file>
		<file>
			<source>system/workplace/resources/filetypes/a-section_big.png</source>
			<destination>system/workplace/resources/filetypes/a-section_big.png</destination>
			<type>image</type>
			<uuidstructure>779a5f27-5578-11e5-8d6b-0242ac11002b</uuidstructure>
			<uuidresource>a25b8ff5-55fb-11e5-8d6b-0242ac11002b</uuidresource>
			<datecreated>Tue, 08 Sep 2015 07:31:35 GMT</datecreated>
			<flags>0</flags>
			<properties>
				<property type="shared">
					<name>image.size</name>
					<value><![CDATA[w:24,h:24]]></value>
				</property>
			</properties>
			<relations/>
			<accesscontrol/>
		</file>
		<file>
			<source>system/workplace/resources/filetypes/a-sitemap.png</source>
			<destination>system/workplace/resources/filetypes/a-sitemap.png</destination>
			<type>image</type>
			<uuidstructure>9f3ce924-766d-11e5-aeab-15b01ffdc6a6</uuidstructure>
			<uuidresource>9f3ce925-766d-11e5-aeab-15b01ffdc6a6</uuidresource>
			<datecreated>Mon, 19 Oct 2015 14:28:09 GMT</datecreated>
			<flags>0</flags>
			<properties>
				<property type="shared">
					<name>image.size</name>
					<value><![CDATA[w:16,h:16]]></value>
				</property>
			</properties>
			<relations/>
			<accesscontrol/>
		</file>
		<file>
			<source>system/workplace/resources/filetypes/a-sitemap_big.png</source>
			<destination>system/workplace/resources/filetypes/a-sitemap_big.png</destination>
			<type>image</type>
			<uuidstructure>9f479787-766d-11e5-aeab-15b01ffdc6a6</uuidstructure>
			<uuidresource>9f479788-766d-11e5-aeab-15b01ffdc6a6</uuidresource>
			<datecreated>Mon, 19 Oct 2015 14:28:10 GMT</datecreated>
			<flags>0</flags>
			<properties>
				<property type="shared">
					<name>image.size</name>
					<value><![CDATA[w:24,h:24]]></value>
				</property>
			</properties>
			<relations/>
			<accesscontrol/>
		</file>
		<file>
			<source>system/workplace/resources/filetypes/a-slider.png</source>
			<destination>system/workplace/resources/filetypes/a-slider.png</destination>
			<type>image</type>
			<uuidstructure>313ff50f-dae1-11e5-a941-0242ac11002b</uuidstructure>
			<uuidresource>313ff510-dae1-11e5-a941-0242ac11002b</uuidresource>
			<datecreated>Wed, 24 Feb 2016 10:27:23 GMT</datecreated>
			<flags>0</flags>
			<properties>
				<property type="shared">
					<name>image.size</name>
					<value><![CDATA[w:16,h:16]]></value>
				</property>
			</properties>
			<relations/>
			<accesscontrol/>
		</file>
		<file>
			<source>system/workplace/resources/filetypes/a-slider_big.png</source>
			<destination>system/workplace/resources/filetypes/a-slider_big.png</destination>
			<type>image</type>
			<uuidstructure>31428d23-dae1-11e5-a941-0242ac11002b</uuidstructure>
			<uuidresource>31428d24-dae1-11e5-a941-0242ac11002b</uuidresource>
			<datecreated>Wed, 24 Feb 2016 10:27:23 GMT</datecreated>
			<flags>0</flags>
			<properties>
				<property type="shared">
					<name>image.size</name>
					<value><![CDATA[w:24,h:24]]></value>
				</property>
			</properties>
			<relations/>
			<accesscontrol/>
		</file>
		<file>
			<source>system/workplace/resources/filetypes/a-tabs.png</source>
			<destination>system/workplace/resources/filetypes/a-tabs.png</destination>
			<type>image</type>
			<uuidstructure>20be542a-56e2-11e5-946f-0242ac11002b</uuidstructure>
			<uuidresource>b67b4e7e-56e2-11e5-946f-0242ac11002b</uuidresource>
			<datecreated>Wed, 09 Sep 2015 11:05:42 GMT</datecreated>
			<flags>0</flags>
			<properties>
				<property type="shared">
					<name>image.size</name>
					<value><![CDATA[w:16,h:16]]></value>
				</property>
			</properties>
			<relations/>
			<accesscontrol/>
		</file>
		<file>
			<source>system/workplace/resources/filetypes/a-tabs_big.png</source>
			<destination>system/workplace/resources/filetypes/a-tabs_big.png</destination>
			<type>image</type>
			<uuidstructure>20c5f54e-56e2-11e5-946f-0242ac11002b</uuidstructure>
			<uuidresource>c05806a3-56e2-11e5-946f-0242ac11002b</uuidresource>
			<datecreated>Wed, 09 Sep 2015 11:05:59 GMT</datecreated>
			<flags>0</flags>
			<properties>
				<property type="shared">
					<name>image.size</name>
					<value><![CDATA[w:24,h:24]]></value>
				</property>
			</properties>
			<relations/>
			<accesscontrol/>
		</file>
		<file>
			<source>system/workplace/resources/filetypes/a-templaterow.png</source>
			<destination>system/workplace/resources/filetypes/a-templaterow.png</destination>
			<type>image</type>
			<uuidstructure>d63d438e-523d-11e5-9495-0242ac11002b</uuidstructure>
			<uuidresource>f4c7b72e-523d-11e5-9495-0242ac11002b</uuidresource>
			<datecreated>Thu, 03 Sep 2015 13:16:15 GMT</datecreated>
			<flags>0</flags>
			<properties>
				<property type="shared">
					<name>image.size</name>
					<value><![CDATA[w:16,h:16]]></value>
				</property>
			</properties>
			<relations/>
			<accesscontrol/>
		</file>
		<file>
			<source>system/workplace/resources/filetypes/a-templaterow_big.png</source>
			<destination>system/workplace/resources/filetypes/a-templaterow_big.png</destination>
			<type>image</type>
			<uuidstructure>d6416242-523d-11e5-9495-0242ac11002b</uuidstructure>
			<uuidresource>02c34663-523e-11e5-9495-0242ac11002b</uuidresource>
			<datecreated>Thu, 03 Sep 2015 13:16:39 GMT</datecreated>
			<flags>0</flags>
			<properties>
				<property type="shared">
					<name>image.size</name>
					<value><![CDATA[w:24,h:24]]></value>
				</property>
			</properties>
			<relations/>
			<accesscontrol/>
		</file>
	</files>
</export>
