<?xml version="1.0" encoding="UTF-8"?>

<NewFormatters xmlns:xsi="http://www.w3.org/2001/XMLSchema-instance" xsi:noNamespaceSchemaLocation="opencms://system/modules/org.opencms.ade.config/schemas/formatters/new_formatter.xsd">
  <NewFormatter language="en">
    <NiceName><![CDATA[Compact Event teaser]]></NiceName>
    <Type><![CDATA[a-event]]></Type>
    <Jsp>
      <link type="WEAK">
        <target><![CDATA[/system/modules/org.opencms.apollo.template.formatters/formatters/event-teaser-compact.jsp]]></target>
        <uuid>aa2326f2-d71a-11e5-b10a-0242ac11002b</uuid>
      </link>
    </Jsp>
    <Rank><![CDATA[900]]></Rank>
    <Match>
      <Types>
        <ContainerType><![CDATA[element]]></ContainerType>
        <ContainerType><![CDATA[event]]></ContainerType>
      </Types>
    </Match>
    <Preview>false</Preview>
    <SearchContent>true</SearchContent>
    <AutoEnabled>true</AutoEnabled>
    <Detail>false</Detail>
    <Display>true</Display>
    <NestedContainers>false</NestedContainers>
    <Setting>
      <PropertyName><![CDATA[buttoncolor]]></PropertyName>
      <DisplayName><![CDATA[%(key.apollo.setting.buttoncolor)]]></DisplayName>
      <Widget><![CDATA[select]]></Widget>
      <Default><![CDATA[red]]></Default>
      <WidgetConfig><![CDATA[%(page-property:apollo.css.color:red:Red|blue:Blue|blue-light:Light blue|blue-dark:Dark blue|orange:Orange|cyan:Cyan|grey:Grey)]]></WidgetConfig>
    </Setting>
    <Setting>
      <PropertyName><![CDATA[teaserlength]]></PropertyName>
      <DisplayName><![CDATA[%(key.apollo.setting.teaserlength)]]></DisplayName>
      <Widget><![CDATA[string]]></Widget>
      <Default><![CDATA[200]]></Default>
    </Setting>
    <Setting>
      <PropertyName><![CDATA[showdate]]></PropertyName>
      <DisplayName><![CDATA[%(key.apollo.setting.showdate)]]></DisplayName>
      <Widget><![CDATA[checkbox]]></Widget>
      <Default><![CDATA[true]]></Default>
    </Setting>
  </NewFormatter>
</NewFormatters>
