<?xml version="1.0" encoding="UTF-8"?>

<NewFormatters xmlns:xsi="http://www.w3.org/2001/XMLSchema-instance" xsi:noNamespaceSchemaLocation="opencms://system/modules/org.opencms.ade.config/schemas/formatters/new_formatter.xsd">
  <NewFormatter language="en">
    <NiceName><![CDATA[Complete Event]]></NiceName>
    <Type><![CDATA[a-event]]></Type>
    <Jsp>
      <link type="WEAK">
        <target><![CDATA[/system/modules/org.opencms.apollo.template.formatters/formatters/event-complate.jsp]]></target>
        <uuid>d2d07c06-5b83-11e5-ab03-0242ac11002b</uuid>
      </link>
    </Jsp>
    <Rank><![CDATA[800]]></Rank>
    <Match>
      <Types>
        <ContainerType><![CDATA[element]]></ContainerType>
        <ContainerType><![CDATA[event]]></ContainerType>
      </Types>
    </Match>
    <Preview>false</Preview>
    <SearchContent>true</SearchContent>
    <AutoEnabled>true</AutoEnabled>
    <Detail>true</Detail>
    <Display>false</Display>
    <NestedContainers>false</NestedContainers>
  </NewFormatter>
</NewFormatters>
