<?xml version="1.0" encoding="UTF-8"?>

<NewFormatters xmlns:xsi="http://www.w3.org/2001/XMLSchema-instance" xsi:noNamespaceSchemaLocation="opencms://system/modules/org.opencms.ade.config/schemas/formatters/new_formatter.xsd">
  <NewFormatter language="en">
    <NiceName><![CDATA[Image only with animation effect]]></NiceName>
    <Type><![CDATA[a-section]]></Type>
    <Jsp>
      <link type="WEAK">
        <target><![CDATA[/system/modules/org.opencms.apollo.template.formatters/formatters/image-animation.jsp]]></target>
        <uuid>cb40276e-5c7b-11e5-96ab-0242ac11002b</uuid>
      </link>
    </Jsp>
    <Rank><![CDATA[5300]]></Rank>
    <Match>
      <Types>
        <ContainerType><![CDATA[element]]></ContainerType>
        <ContainerType><![CDATA[section]]></ContainerType>
      </Types>
    </Match>
    <Preview>false</Preview>
    <SearchContent>true</SearchContent>
    <AutoEnabled>true</AutoEnabled>
    <Detail>false</Detail>
    <Display>false</Display>
    <NestedContainers>false</NestedContainers>
    <Setting>
      <PropertyName><![CDATA[showheadline]]></PropertyName>
      <DisplayName><![CDATA[%(key.apollo.setting.showheadline)]]></DisplayName>
      <Description><![CDATA[%(key.apollo.setting.showheadline.description)]]></Description>
      <Widget><![CDATA[select]]></Widget>
      <Default><![CDATA[false]]></Default>
      <WidgetConfig><![CDATA[false:%(key.apollo.setting.showheadline.false)|top:%(key.apollo.setting.showheadline.top)|bottom:%(key.apollo.setting.showheadline.bottom)|bottomcenter:%(key.apollo.setting.showheadline.bottomcenter)]]></WidgetConfig>
    </Setting>
    <Setting>
      <PropertyName><![CDATA[showtext]]></PropertyName>
      <DisplayName><![CDATA[%(key.apollo.setting.showtext)]]></DisplayName>
      <Description><![CDATA[%(key.apollo.setting.showtext.description)]]></Description>
      <Widget><![CDATA[select]]></Widget>
      <Default><![CDATA[false]]></Default>
      <WidgetConfig><![CDATA[false:%(key.apollo.setting.showtext.false)|true:%(key.apollo.setting.showtext.true)]]></WidgetConfig>
    </Setting>
    <Setting>
      <PropertyName><![CDATA[showlink]]></PropertyName>
      <DisplayName><![CDATA[%(key.apollo.setting.showlink)]]></DisplayName>
      <Description><![CDATA[%(key.apollo.setting.showlink.description)]]></Description>
      <Widget><![CDATA[select]]></Widget>
      <Default><![CDATA[false]]></Default>
      <WidgetConfig><![CDATA[false:%(key.apollo.setting.showlink.false)|image:%(key.apollo.setting.showlink.image)|button:%(key.apollo.setting.showlink.button)|headline:%(key.apollo.setting.showlink.headline)]]></WidgetConfig>
    </Setting>
    <Setting>
      <PropertyName><![CDATA[cssClass]]></PropertyName>
      <DisplayName><![CDATA[%(key.apollo.setting.cssclass)]]></DisplayName>
      <Description><![CDATA[%(key.apollo.setting.cssclass.description)]]></Description>
      <Widget><![CDATA[combo]]></Widget>
      <WidgetConfig><![CDATA[mb-20 box-shadow shadow-effect-1:%(key.apollo.setting.cssclass.shadowbox)|box-shadow shadow-effect-2 rounded-2x:%(key.apollo.setting.cssclass.roundedshadowbox)]]></WidgetConfig>
    </Setting>
  </NewFormatter>
</NewFormatters>
