<?xml version="1.0" encoding="UTF-8"?>

<NewFormatters xmlns:xsi="http://www.w3.org/2001/XMLSchema-instance" xsi:noNamespaceSchemaLocation="opencms://system/modules/org.opencms.ade.config/schemas/formatters/new_formatter.xsd">
  <NewFormatter language="en">
    <NiceName><![CDATA[Image only with zoom option]]></NiceName>
    <Type><![CDATA[a-section]]></Type>
    <Jsp>
      <link type="WEAK">
        <target><![CDATA[/system/modules/org.opencms.apollo.template.formatters/formatters/image-enlarge.jsp]]></target>
        <uuid>ce88186c-5bb2-11e5-8f8e-0242ac11002b</uuid>
      </link>
    </Jsp>
    <Rank><![CDATA[5400]]></Rank>
    <Match>
      <Types>
        <ContainerType><![CDATA[element]]></ContainerType>
        <ContainerType><![CDATA[section]]></ContainerType>
      </Types>
    </Match>
    <Preview>false</Preview>
    <SearchContent>false</SearchContent>
    <AutoEnabled>true</AutoEnabled>
    <Detail>false</Detail>
    <Display>false</Display>
    <NestedContainers>false</NestedContainers>
    <Setting>
      <PropertyName><![CDATA[istyle]]></PropertyName>
      <DisplayName><![CDATA[%(key.apollo.section.image.style.label)]]></DisplayName>
      <Widget><![CDATA[selectcombo]]></Widget>
      <Default><![CDATA[ap-img-v0]]></Default>
      <WidgetConfig><![CDATA[
        ap-img-v0:%(key.apollo.section.image.style.plain)|
        ap-img-v1:%(key.apollo.section.image.style.boldtitle)
      ]]></WidgetConfig>
    </Setting>
    <Setting>
      <PropertyName><![CDATA[ieffect]]></PropertyName>
      <DisplayName><![CDATA[%(key.apollo.section.image.effect.label)]]></DisplayName>
      <Widget><![CDATA[selectcombo]]></Widget>
      <Default><![CDATA[none]]></Default>
      <WidgetConfig><![CDATA[
        none:%(key.apollo.section.image.effect.none)|
        box-shadow shadow-effect-1:%(key.apollo.section.image.effect.shadow)|    
        rounded-2x:%(key.apollo.section.image.effect.roundcorners)|
        rounded-x:%(key.apollo.section.image.effect.vignette)|
        img-bordered:%(key.apollo.section.image.effect.bordered)|
        img-bordered rounded-2x:%(key.apollo.section.image.effect.borderedround)|
        img-bordered rounded-x:%(key.apollo.section.image.effect.borderedvignette)|
        box-shadow shadow-effect-1 rounded-2x:%(key.apollo.section.image.effect.shadowround)|
        box-shadow shadow-effect-1 img-bordered:%(key.apollo.section.image.effect.shadowbordered)
      ]]></WidgetConfig>
    </Setting>
    <Setting>
      <PropertyName><![CDATA[itext]]></PropertyName>
      <DisplayName><![CDATA[%(key.apollo.section.image.text.label)]]></DisplayName>
      <Widget><![CDATA[select]]></Widget>
      <Default><![CDATA[none]]></Default>
      <WidgetConfig><![CDATA[
        none:%(key.apollo.section.image.text.nothing)|
        title:%(key.apollo.section.image.text.title)|
        desc:%(key.apollo.section.image.text.description)|
        title-desc:%(key.apollo.section.image.text.titledescription)
      ]]></WidgetConfig>
    </Setting>
  </NewFormatter>
</NewFormatters>
