<?xml version="1.0" encoding="UTF-8"?>

<NewFormatters xmlns:xsi="http://www.w3.org/2001/XMLSchema-instance" xsi:noNamespaceSchemaLocation="opencms://system/modules/org.opencms.ade.config/schemas/formatters/new_formatter.xsd">
  <NewFormatter language="en">
    <NiceName><![CDATA[Standard List]]></NiceName>
    <Type><![CDATA[a-list]]></Type>
    <Jsp>
      <link type="WEAK">
        <target><![CDATA[/system/modules/org.opencms.apollo.template.formatters/formatters/list.jsp]]></target>
        <uuid>d2619f72-5871-11e5-b803-0242ac11002b</uuid>
      </link>
    </Jsp>
    <Rank><![CDATA[1000]]></Rank>
    <Match>
      <Types>
        <ContainerType><![CDATA[element]]></ContainerType>
        <ContainerType><![CDATA[list]]></ContainerType>
      </Types>
    </Match>
    <Preview>false</Preview>
    <SearchContent>true</SearchContent>
    <AutoEnabled>true</AutoEnabled>
    <Detail>false</Detail>
    <NestedContainers>false</NestedContainers>
    <HeadIncludeJs>
      <JavascriptInline><![CDATA[initList();]]></JavascriptInline>
    </HeadIncludeJs>
    <Setting>
      <PropertyName><![CDATA[hidetitle]]></PropertyName>
      <DisplayName><![CDATA[%(key.apollo.setting.hidetitle)]]></DisplayName>
      <Widget><![CDATA[checkbox]]></Widget>
      <Default><![CDATA[false]]></Default>
    </Setting>
    <Setting>
      <PropertyName><![CDATA[showdate]]></PropertyName>
      <DisplayName><![CDATA[%(key.apollo.setting.showdate)]]></DisplayName>
      <Widget><![CDATA[checkbox]]></Widget>
      <Default><![CDATA[true]]></Default>
    </Setting>
    <Setting>
      <PropertyName><![CDATA[buttoncolor]]></PropertyName>
      <DisplayName><![CDATA[%(key.apollo.setting.buttoncolor)]]></DisplayName>
      <Widget><![CDATA[select]]></Widget>
      <Default><![CDATA[red]]></Default>
      <WidgetConfig><![CDATA[%(page-property:apollo.css.color:red:%(key.apollo.setting.color.red)|blue:%(key.apollo.setting.color.blue)|blue-light:%(key.apollo.setting.color.lightblue)|blue-dark:%(key.apollo.setting.color.darkblue)|orange:%(key.apollo.setting.color.orange)|cyan:%(key.apollo.setting.color.cyan)|grey:%(key.apollo.setting.color.grey))]]></WidgetConfig>
    </Setting>
    <Setting>
      <PropertyName><![CDATA[teaserlength]]></PropertyName>
      <DisplayName><![CDATA[%(key.apollo.setting.teaserlength)]]></DisplayName>
      <Widget><![CDATA[string]]></Widget>
      <Default><![CDATA[200]]></Default>
    </Setting>
    <Setting>
      <PropertyName><![CDATA[showcategoryfiler]]></PropertyName>
      <DisplayName><![CDATA[%(key.apollo.setting.showcategoryfiler)]]></DisplayName>
      <Widget><![CDATA[checkbox]]></Widget>
      <Default><![CDATA[true]]></Default>
    </Setting>
    <Setting>
      <PropertyName><![CDATA[showsort]]></PropertyName>
      <DisplayName><![CDATA[%(key.apollo.setting.showsort)]]></DisplayName>
      <Widget><![CDATA[checkbox]]></Widget>
      <Default><![CDATA[true]]></Default>
    </Setting>
    <Setting>
      <PropertyName><![CDATA[usepagination]]></PropertyName>
      <DisplayName><![CDATA[%(key.apollo.setting.usepagination)]]></DisplayName>
      <Widget><![CDATA[checkbox]]></Widget>
      <Default><![CDATA[false]]></Default>
    </Setting>
    <Setting>
      <PropertyName><![CDATA[compactform]]></PropertyName>
      <DisplayName><![CDATA[%(key.apollo.setting.compactform)]]></DisplayName>
      <Widget><![CDATA[checkbox]]></Widget>
      <Default><![CDATA[false]]></Default>
    </Setting>
  </NewFormatter>
</NewFormatters>
